22:28:57 | INFO | ============================================================
22:28:57 | INFO | DL batch run: LSTM
22:28:57 | INFO |   groups: ['institutions']
22:28:57 | INFO |   window: (24, 24)
22:28:57 | INFO |   device: cpu
22:28:57 | INFO |   model params: hidden=100 layers=1 lr=0.0010 epochs=50 batch=16
22:28:57 | INFO |   output: D:\WORKSPACE\systemandnetwork\final assigment\experiments\results\dl_results_LSTM_20260619_222857.csv
22:28:57 | INFO | ============================================================
22:28:57 | INFO |   test mode: limit 2 files
22:28:57 | INFO | Processing institutions (2 files)
22:28:57 | INFO | [institutions   1/2] file=0
22:28:57 | INFO | Load file 0/institutions/agg_1_hour/n_bytes | 6718 points | missing 0.0% (1/6718)
22:28:57 | INFO | impute zeros: 1 values
22:28:57 | INFO | Sliding window: tw=24 pw=24 | samples=278
22:28:57 | INFO | Temporal split: train=194 val=41 test=43 | ratio 70/15/15
22:28:57 | INFO | Z-score: mean=71465305083.1808 std=38056262910.4570
22:28:57 | INFO | Preprocess done: institutions file=0 n_bytes=OK
22:28:58 | INFO | Epoch   1/50 | train loss: 0.976141 | val loss: 0.823777
22:28:59 | INFO | Epoch  10/50 | train loss: 0.272172 | val loss: 0.312043
22:28:59 | INFO | Epoch  20/50 | train loss: 0.236542 | val loss: 0.216132
22:29:00 | INFO | Epoch  30/50 | train loss: 0.224726 | val loss: 0.207753
22:29:00 | INFO | Epoch  40/50 | train loss: 0.204329 | val loss: 0.182785
22:29:00 | INFO | Early Stopping @ epoch 41 (val loss did not improve for 5 epochs)
22:29:00 | INFO | Training done: 41 epochs, 1.91 sec
22:29:00 | INFO | Metrics: RMSE=13653492262.4423  R2=0.6664  sMAPE=21.62%
22:29:00 | INFO | [institutions   2/2] file=1
22:29:00 | INFO | Load file 1/institutions/agg_1_hour/n_bytes | 6718 points | missing 0.0% (1/6718)
22:29:00 | INFO | impute zeros: 1 values
22:29:00 | INFO | Sliding window: tw=24 pw=24 | samples=278
22:29:00 | INFO | Temporal split: train=194 val=41 test=43 | ratio 70/15/15
22:29:00 | INFO | Z-score: mean=53188034972.0696 std=36417487938.6148
22:29:00 | INFO | Preprocess done: institutions file=1 n_bytes=OK
22:29:00 | INFO | Epoch   1/50 | train loss: 0.954493 | val loss: 0.440527
22:29:01 | INFO | Epoch  10/50 | train loss: 0.661256 | val loss: 0.226614
22:29:01 | INFO | Early Stopping @ epoch 15 (val loss did not improve for 5 epochs)
22:29:01 | INFO | Training done: 15 epochs, 0.68 sec
22:29:01 | INFO | Metrics: RMSE=14571959055.6675  R2=0.2894  sMAPE=28.39%
22:29:01 | INFO | Done: institutions
22:29:01 | INFO | All done! Processed 2 series
22:42:07 | INFO | ============================================================
22:42:07 | INFO | DL batch run: LSTM
22:42:07 | INFO |   groups: ['institutions']
22:42:07 | INFO |   window: (24, 24)
22:42:07 | INFO |   device: cuda
22:42:07 | INFO |   model params: hidden=100 layers=1 lr=0.0010 epochs=50 batch=16
22:42:07 | INFO |   output: D:\WORKSPACE\systemandnetwork\final assigment\experiments\results\dl_results_LSTM_20260619_224207.csv
22:42:07 | INFO | ============================================================
22:42:07 | INFO |   test mode: limit 3 files
22:42:07 | INFO | Processing institutions (3 files)
22:42:07 | INFO | [institutions   1/3] file=0
22:42:07 | INFO | Load file 0/institutions/agg_1_hour/n_bytes | 6718 points | missing 0.0% (1/6718)
22:42:07 | INFO | impute zeros: 1 values
22:42:07 | INFO | Sliding window: tw=24 pw=24 | samples=278
22:42:07 | INFO | Temporal split: train=194 val=41 test=43 | ratio 70/15/15
22:42:07 | INFO | Z-score: mean=71465305083.1808 std=38056262910.4570
22:42:07 | INFO | Preprocess done: institutions file=0 n_bytes=OK
22:42:07 | WARNING |   skip file=0 (train failed: CUDA error: no kernel image is available for execution on the device
CUDA kernel errors might be asynchronously reported at some other API call, so the stacktrace below might be incorrect.
For debugging consider passing CUDA_LAUNCH_BLOCKING=1
Compile with `TORCH_USE_CUDA_DSA` to enable device-side assertions.
)
22:42:07 | INFO | [institutions   2/3] file=1
22:42:07 | INFO | Load file 1/institutions/agg_1_hour/n_bytes | 6718 points | missing 0.0% (1/6718)
22:42:07 | INFO | impute zeros: 1 values
22:42:07 | INFO | Sliding window: tw=24 pw=24 | samples=278
22:42:07 | INFO | Temporal split: train=194 val=41 test=43 | ratio 70/15/15
22:42:07 | INFO | Z-score: mean=53188034972.0696 std=36417487938.6148
22:42:07 | INFO | Preprocess done: institutions file=1 n_bytes=OK
22:42:07 | WARNING |   skip file=1 (train failed: CUDA error: no kernel image is available for execution on the device
CUDA kernel errors might be asynchronously reported at some other API call, so the stacktrace below might be incorrect.
For debugging consider passing CUDA_LAUNCH_BLOCKING=1
Compile with `TORCH_USE_CUDA_DSA` to enable device-side assertions.
)
22:42:07 | INFO | [institutions   3/3] file=2
22:42:07 | INFO | Load file 2/institutions/agg_1_hour/n_bytes | 6718 points | missing 0.0% (1/6718)
22:42:07 | INFO | impute zeros: 1 values
22:42:07 | INFO | Sliding window: tw=24 pw=24 | samples=278
22:42:07 | INFO | Temporal split: train=194 val=41 test=43 | ratio 70/15/15
22:42:07 | INFO | Z-score: mean=90612211555.0150 std=45712260948.1746
22:42:07 | INFO | Preprocess done: institutions file=2 n_bytes=OK
22:42:07 | WARNING |   skip file=2 (train failed: CUDA error: no kernel image is available for execution on the device
CUDA kernel errors might be asynchronously reported at some other API call, so the stacktrace below might be incorrect.
For debugging consider passing CUDA_LAUNCH_BLOCKING=1
Compile with `TORCH_USE_CUDA_DSA` to enable device-side assertions.
)
22:42:07 | INFO | Done: institutions
22:42:07 | INFO | All done! Processed 3 series
22:54:02 | INFO | ============================================================
22:54:02 | INFO | DL batch run: LSTM
22:54:02 | INFO |   groups: ['institutions']
22:54:02 | INFO |   window: (24, 24)
22:54:02 | INFO |   device: cuda
22:54:02 | INFO |   model params: hidden=100 layers=1 lr=0.0010 epochs=50 batch=16
22:54:02 | INFO |   output: D:\WORKSPACE\systemandnetwork\final assigment\experiments\results\dl_results_LSTM_20260619_225402.csv
22:54:02 | INFO | ============================================================
22:54:02 | INFO |   test mode: limit 3 files
22:54:02 | INFO | Processing institutions (3 files)
22:54:02 | INFO | [institutions   1/3] file=0
22:54:02 | INFO | Load file 0/institutions/agg_1_hour/n_bytes | 6718 points | missing 0.0% (1/6718)
22:54:02 | INFO | impute zeros: 1 values
22:54:02 | INFO | Sliding window: tw=24 pw=24 | samples=278
22:54:02 | INFO | Temporal split: train=194 val=41 test=43 | ratio 70/15/15
22:54:02 | INFO | Z-score: mean=71465305083.1808 std=38056262910.4570
22:54:02 | INFO | Preprocess done: institutions file=0 n_bytes=OK
22:54:20 | INFO | Epoch   1/50 | train loss: 0.948162 | val loss: 0.838400
22:54:21 | INFO | Epoch  10/50 | train loss: 0.266181 | val loss: 0.310571
22:54:21 | INFO | Epoch  20/50 | train loss: 0.226415 | val loss: 0.209167
22:54:21 | INFO | Epoch  30/50 | train loss: 0.210881 | val loss: 0.186049
22:54:21 | INFO | Early Stopping @ epoch 33 (val loss did not improve for 5 epochs)
22:54:21 | INFO | Training done: 33 epochs, 1.07 sec
22:54:21 | INFO | Metrics: RMSE=14567638691.4422  R2=0.6202  sMAPE=25.95%
22:54:21 | INFO | [institutions   2/3] file=1
22:54:21 | INFO | Load file 1/institutions/agg_1_hour/n_bytes | 6718 points | missing 0.0% (1/6718)
22:54:21 | INFO | impute zeros: 1 values
22:54:21 | INFO | Sliding window: tw=24 pw=24 | samples=278
22:54:21 | INFO | Temporal split: train=194 val=41 test=43 | ratio 70/15/15
22:54:21 | INFO | Z-score: mean=53188034972.0696 std=36417487938.6148
22:54:21 | INFO | Preprocess done: institutions file=1 n_bytes=OK
22:54:21 | INFO | Epoch   1/50 | train loss: 0.980264 | val loss: 0.461645
22:54:21 | INFO | Epoch  10/50 | train loss: 0.659709 | val loss: 0.287782
22:54:22 | INFO | Early Stopping @ epoch 16 (val loss did not improve for 5 epochs)
22:54:22 | INFO | Training done: 16 epochs, 0.36 sec
22:54:22 | INFO | Metrics: RMSE=14442296896.1343  R2=0.3020  sMAPE=27.55%
22:54:22 | INFO | [institutions   3/3] file=2
22:54:22 | INFO | Load file 2/institutions/agg_1_hour/n_bytes | 6718 points | missing 0.0% (1/6718)
22:54:22 | INFO | impute zeros: 1 values
22:54:22 | INFO | Sliding window: tw=24 pw=24 | samples=278
22:54:22 | INFO | Temporal split: train=194 val=41 test=43 | ratio 70/15/15
22:54:22 | INFO | Z-score: mean=90612211555.0150 std=45712260948.1746
22:54:22 | INFO | Preprocess done: institutions file=2 n_bytes=OK
22:54:22 | INFO | Epoch   1/50 | train loss: 0.978983 | val loss: 1.214328
22:54:22 | INFO | Epoch  10/50 | train loss: 0.731537 | val loss: 1.018685
22:54:22 | INFO | Early Stopping @ epoch 13 (val loss did not improve for 5 epochs)
22:54:22 | INFO | Training done: 13 epochs, 0.31 sec
22:54:22 | INFO | Metrics: RMSE=24329664245.8460  R2=-0.1402  sMAPE=26.54%
22:54:22 | INFO | Done: institutions
22:54:22 | INFO | All done! Processed 3 series
22:56:49 | INFO | ============================================================
22:56:49 | INFO | DL batch run: LSTM
22:56:49 | INFO |   groups: ['institutions']
22:56:49 | INFO |   window: (24, 24)
22:56:49 | INFO |   device: cuda
22:56:49 | INFO |   model params: hidden=100 layers=1 lr=0.0100 epochs=100 batch=16
22:56:49 | INFO |   output: D:\WORKSPACE\systemandnetwork\final assigment\experiments\results\dl_results_LSTM_20260619_225649.csv
22:56:49 | INFO | ============================================================
22:56:49 | INFO |   test mode: limit 2 files
22:56:49 | INFO | Processing institutions (2 files)
22:56:49 | INFO | [institutions   1/2] file=0
22:56:49 | INFO | Load file 0/institutions/agg_1_hour/n_bytes | 6718 points | missing 0.0% (1/6718)
22:56:49 | INFO | impute zeros: 1 values
22:56:49 | INFO | Sliding window: tw=24 pw=24 | samples=278
22:56:49 | INFO | Temporal split: train=194 val=41 test=43 | ratio 70/15/15
22:56:49 | INFO | Z-score: mean=71465305083.1808 std=38056262910.4570
22:56:49 | INFO | Preprocess done: institutions file=0 n_bytes=OK
22:56:51 | INFO | Epoch   1/100 | train loss: 0.567892 | val loss: 0.472096
22:56:51 | INFO | Epoch  10/100 | train loss: 0.226756 | val loss: 0.230699
22:56:51 | INFO | Early Stopping @ epoch 10 (val loss did not improve for 5 epochs)
22:56:51 | INFO | Training done: 10 epochs, 0.45 sec
22:56:51 | INFO | Metrics: RMSE=14764933687.8444  R2=0.6099  sMAPE=24.07%
22:56:51 | INFO | [institutions   2/2] file=1
22:56:51 | INFO | Load file 1/institutions/agg_1_hour/n_bytes | 6718 points | missing 0.0% (1/6718)
22:56:51 | INFO | impute zeros: 1 values
22:56:51 | INFO | Sliding window: tw=24 pw=24 | samples=278
22:56:51 | INFO | Temporal split: train=194 val=41 test=43 | ratio 70/15/15
22:56:51 | INFO | Z-score: mean=53188034972.0696 std=36417487938.6148
22:56:51 | INFO | Preprocess done: institutions file=1 n_bytes=OK
22:56:51 | INFO | Epoch   1/100 | train loss: 0.869337 | val loss: 0.292647
22:56:51 | INFO | Early Stopping @ epoch 8 (val loss did not improve for 5 epochs)
22:56:51 | INFO | Training done: 8 epochs, 0.20 sec
22:56:51 | INFO | Metrics: RMSE=15838247144.0539  R2=0.1605  sMAPE=30.54%
22:56:51 | INFO | Done: institutions
22:56:51 | INFO | All done! Processed 2 series
22:57:04 | INFO | ============================================================
22:57:04 | INFO | DL batch run: LSTM
22:57:04 | INFO |   groups: ['institutions']
22:57:04 | INFO |   window: (24, 24)
22:57:04 | INFO |   device: cuda
22:57:04 | INFO |   model params: hidden=100 layers=1 lr=0.0100 epochs=100 batch=16
22:57:04 | INFO |   output: D:\WORKSPACE\systemandnetwork\final assigment\experiments\results\dl_results_LSTM_20260619_225704.csv
22:57:04 | INFO | ============================================================
22:57:04 | INFO | Processing institutions (283 files)
22:57:04 | INFO | [institutions   1/283] file=0
22:57:04 | INFO | Load file 0/institutions/agg_1_hour/n_bytes | 6718 points | missing 0.0% (1/6718)
22:57:04 | INFO | impute zeros: 1 values
22:57:04 | INFO | Sliding window: tw=24 pw=24 | samples=278
22:57:04 | INFO | Temporal split: train=194 val=41 test=43 | ratio 70/15/15
22:57:04 | INFO | Z-score: mean=71465305083.1808 std=38056262910.4570
22:57:04 | INFO | Preprocess done: institutions file=0 n_bytes=OK
22:57:06 | INFO | Epoch   1/100 | train loss: 0.578308 | val loss: 0.406562
22:57:06 | INFO | Epoch  10/100 | train loss: 0.223873 | val loss: 0.239124
22:57:07 | INFO | Epoch  20/100 | train loss: 0.221511 | val loss: 0.235612
22:57:07 | INFO | Early Stopping @ epoch 21 (val loss did not improve for 5 epochs)
22:57:07 | INFO | Training done: 21 epochs, 0.77 sec
22:57:07 | INFO | Metrics: RMSE=14986042810.8897  R2=0.5981  sMAPE=25.32%
22:57:07 | INFO | [institutions   2/283] file=1
22:57:07 | INFO | Load file 1/institutions/agg_1_hour/n_bytes | 6718 points | missing 0.0% (1/6718)
22:57:07 | INFO | impute zeros: 1 values
22:57:07 | INFO | Sliding window: tw=24 pw=24 | samples=278
22:57:07 | INFO | Temporal split: train=194 val=41 test=43 | ratio 70/15/15
22:57:07 | INFO | Z-score: mean=53188034972.0696 std=36417487938.6148
22:57:07 | INFO | Preprocess done: institutions file=1 n_bytes=OK
22:57:07 | INFO | Epoch   1/100 | train loss: 0.966849 | val loss: 0.318151
22:57:07 | INFO | Early Stopping @ epoch 7 (val loss did not improve for 5 epochs)
22:57:07 | INFO | Training done: 7 epochs, 0.18 sec
22:57:07 | INFO | Metrics: RMSE=14880152295.7651  R2=0.2590  sMAPE=28.11%
22:57:07 | INFO | [institutions   3/283] file=2
22:57:07 | INFO | Load file 2/institutions/agg_1_hour/n_bytes | 6718 points | missing 0.0% (1/6718)
22:57:07 | INFO | impute zeros: 1 values
22:57:07 | INFO | Sliding window: tw=24 pw=24 | samples=278
22:57:07 | INFO | Temporal split: train=194 val=41 test=43 | ratio 70/15/15
22:57:07 | INFO | Z-score: mean=90612211555.0150 std=45712260948.1746
22:57:07 | INFO | Preprocess done: institutions file=2 n_bytes=OK
22:57:07 | INFO | Epoch   1/100 | train loss: 0.932419 | val loss: 1.040593
22:57:07 | INFO | Early Stopping @ epoch 6 (val loss did not improve for 5 epochs)
22:57:07 | INFO | Training done: 6 epochs, 0.15 sec
22:57:07 | INFO | Metrics: RMSE=22924278723.5364  R2=-0.0123  sMAPE=25.50%
22:57:07 | INFO | [institutions   4/283] file=3
22:57:07 | INFO | Load file 3/institutions/agg_1_hour/n_bytes | 6718 points | missing 0.0% (1/6718)
22:57:07 | INFO | impute zeros: 1 values
22:57:07 | INFO | Sliding window: tw=24 pw=24 | samples=278
22:57:07 | INFO | Temporal split: train=194 val=41 test=43 | ratio 70/15/15
22:57:07 | INFO | Z-score: mean=26343134750.4777 std=16346958789.5268
22:57:07 | INFO | Preprocess done: institutions file=3 n_bytes=OK
22:57:07 | INFO | Epoch   1/100 | train loss: 0.635407 | val loss: 0.271091
22:57:07 | INFO | Epoch  10/100 | train loss: 0.376945 | val loss: 0.172111
22:57:07 | INFO | Early Stopping @ epoch 16 (val loss did not improve for 5 epochs)
22:57:07 | INFO | Training done: 16 epochs, 0.45 sec
22:57:07 | INFO | Metrics: RMSE=7626299552.2435  R2=-0.1040  sMAPE=51.79%
22:57:07 | INFO | [institutions   5/283] file=4
22:57:08 | INFO | Load file 4/institutions/agg_1_hour/n_bytes | 6718 points | missing 0.0% (1/6718)
22:57:08 | INFO | impute zeros: 1 values
22:57:08 | INFO | Sliding window: tw=24 pw=24 | samples=278
22:57:08 | INFO | Temporal split: train=194 val=41 test=43 | ratio 70/15/15
22:57:08 | INFO | Z-score: mean=79286846.2519 std=162059323.2841
22:57:08 | INFO | Preprocess done: institutions file=4 n_bytes=OK
22:57:08 | INFO | Epoch   1/100 | train loss: 0.831102 | val loss: 0.724429
22:57:08 | INFO | Early Stopping @ epoch 8 (val loss did not improve for 5 epochs)
22:57:08 | INFO | Training done: 8 epochs, 0.20 sec
22:57:08 | INFO | Metrics: RMSE=120743029.0637  R2=-0.0907  sMAPE=126.61%
22:57:08 | INFO | [institutions   6/283] file=5
22:57:08 | INFO | Load file 5/institutions/agg_1_hour/n_bytes | 6718 points | missing 0.0% (1/6718)
22:57:08 | INFO | impute zeros: 1 values
22:57:08 | INFO | Sliding window: tw=24 pw=24 | samples=278
22:57:08 | INFO | Temporal split: train=194 val=41 test=43 | ratio 70/15/15
22:57:08 | INFO | Z-score: mean=405327408.6128 std=849795501.0936
22:57:08 | INFO | Preprocess done: institutions file=5 n_bytes=OK
22:57:08 | INFO | Epoch   1/100 | train loss: 0.777018 | val loss: 0.942457
22:57:08 | INFO | Early Stopping @ epoch 9 (val loss did not improve for 5 epochs)
22:57:08 | INFO | Training done: 9 epochs, 0.28 sec
22:57:08 | INFO | Metrics: RMSE=1790118274.0836  R2=-0.0024  sMAPE=151.08%
22:57:08 | INFO | [institutions   7/283] file=6
22:57:08 | INFO | Load file 6/institutions/agg_1_hour/n_bytes | 6718 points | missing 0.0% (1/6718)
22:57:08 | INFO | impute zeros: 1 values
22:57:08 | INFO | Sliding window: tw=24 pw=24 | samples=278
22:57:08 | INFO | Temporal split: train=194 val=41 test=43 | ratio 70/15/15
22:57:08 | INFO | Z-score: mean=176092830.6186 std=256464876.8520
22:57:08 | INFO | Preprocess done: institutions file=6 n_bytes=OK
22:57:08 | INFO | Epoch   1/100 | train loss: 0.924478 | val loss: 0.528532
22:57:08 | INFO | Epoch  10/100 | train loss: 0.859785 | val loss: 0.495257
22:57:08 | INFO | Early Stopping @ epoch 10 (val loss did not improve for 5 epochs)
22:57:08 | INFO | Training done: 10 epochs, 0.32 sec
22:57:08 | INFO | Metrics: RMSE=180481945.5034  R2=0.0246  sMAPE=110.33%
22:57:08 | INFO | [institutions   8/283] file=7
22:57:08 | INFO | Load file 7/institutions/agg_1_hour/n_bytes | 6718 points | missing 0.0% (1/6718)
22:57:08 | INFO | impute zeros: 1 values
22:57:08 | INFO | Sliding window: tw=24 pw=24 | samples=278
22:57:08 | INFO | Temporal split: train=194 val=41 test=43 | ratio 70/15/15
22:57:08 | INFO | Z-score: mean=176567571.0885 std=420357818.6080
22:57:08 | INFO | Preprocess done: institutions file=7 n_bytes=OK
22:57:08 | INFO | Epoch   1/100 | train loss: 0.927255 | val loss: 0.628793
22:57:09 | INFO | Early Stopping @ epoch 6 (val loss did not improve for 5 epochs)
22:57:09 | INFO | Training done: 6 epochs, 0.19 sec
22:57:09 | INFO | Metrics: RMSE=259015741.3628  R2=-0.2084  sMAPE=136.53%
22:57:09 | INFO | [institutions   9/283] file=8
22:57:09 | INFO | Load file 8/institutions/agg_1_hour/n_bytes | 6718 points | missing 0.2% (15/6718)
22:57:09 | INFO | impute zeros: 15 values
22:57:09 | INFO | Sliding window: tw=24 pw=24 | samples=278
22:57:09 | INFO | Temporal split: train=194 val=41 test=43 | ratio 70/15/15
22:57:09 | INFO | Z-score: mean=46364330.8546 std=113106973.9399
22:57:09 | INFO | Preprocess done: institutions file=8 n_bytes=OK
22:57:09 | INFO | Epoch   1/100 | train loss: 0.851911 | val loss: 0.507897
22:57:09 | INFO | Early Stopping @ epoch 8 (val loss did not improve for 5 epochs)
22:57:09 | INFO | Training done: 8 epochs, 0.22 sec
22:57:09 | INFO | Metrics: RMSE=88121066.7965  R2=-0.2654  sMAPE=152.97%
22:57:09 | INFO | [institutions  10/283] file=9
22:57:09 | INFO | Load file 9/institutions/agg_1_hour/n_bytes | 6718 points | missing 0.0% (1/6718)
22:57:09 | INFO | impute zeros: 1 values
22:57:09 | INFO | Sliding window: tw=24 pw=24 | samples=278
22:57:09 | INFO | Temporal split: train=194 val=41 test=43 | ratio 70/15/15
22:57:09 | INFO | Z-score: mean=6136741860.6052 std=5595291139.1332
22:57:09 | INFO | Preprocess done: institutions file=9 n_bytes=OK
22:57:09 | INFO | Epoch   1/100 | train loss: 0.937136 | val loss: 0.770009
22:57:11 | INFO | Epoch  10/100 | train loss: 0.684804 | val loss: 0.661772
22:57:12 | INFO | Early Stopping @ epoch 17 (val loss did not improve for 5 epochs)
22:57:12 | INFO | Training done: 17 epochs, 2.76 sec
22:57:12 | INFO | Metrics: RMSE=3885869442.3929  R2=-0.0776  sMAPE=61.15%
22:57:12 | INFO | [institutions  11/283] file=10
22:57:12 | INFO | Load file 10/institutions/agg_1_hour/n_bytes | 6718 points | missing 0.0% (1/6718)
22:57:12 | INFO | impute zeros: 1 values
22:57:12 | INFO | Sliding window: tw=24 pw=24 | samples=278
22:57:12 | INFO | Temporal split: train=194 val=41 test=43 | ratio 70/15/15
22:57:12 | INFO | Z-score: mean=2207485618.0507 std=2658418977.1000
22:57:12 | INFO | Preprocess done: institutions file=10 n_bytes=OK
22:57:12 | INFO | Epoch   1/100 | train loss: 0.802313 | val loss: 0.801696
22:57:13 | INFO | Epoch  10/100 | train loss: 0.249805 | val loss: 0.422627
22:57:14 | INFO | Early Stopping @ epoch 17 (val loss did not improve for 5 epochs)
22:57:14 | INFO | Training done: 17 epochs, 2.44 sec
22:57:14 | INFO | Metrics: RMSE=1122706055.6874  R2=0.6199  sMAPE=68.66%
22:57:14 | INFO | [institutions  12/283] file=11
22:57:14 | INFO | Load file 11/institutions/agg_1_hour/n_bytes | 6718 points | missing 0.0% (1/6718)
22:57:14 | INFO | impute zeros: 1 values
22:57:14 | INFO | Sliding window: tw=24 pw=24 | samples=278
22:57:14 | INFO | Temporal split: train=194 val=41 test=43 | ratio 70/15/15
22:57:14 | INFO | Z-score: mean=759372171.8761 std=1319280772.0441
22:57:14 | INFO | Preprocess done: institutions file=11 n_bytes=OK
22:57:15 | INFO | Epoch   1/100 | train loss: 0.994677 | val loss: 1.437651
22:57:16 | INFO | Early Stopping @ epoch 7 (val loss did not improve for 5 epochs)
22:57:16 | INFO | Training done: 7 epochs, 1.60 sec
22:57:16 | INFO | Metrics: RMSE=1607279810.3800  R2=0.0106  sMAPE=125.89%
22:57:16 | INFO | [institutions  13/283] file=12
22:57:16 | INFO | Load file 12/institutions/agg_1_hour/n_bytes | 6718 points | missing 0.0% (3/6718)
22:57:16 | INFO | impute zeros: 3 values
22:57:16 | INFO | Sliding window: tw=24 pw=24 | samples=278
22:57:16 | INFO | Temporal split: train=194 val=41 test=43 | ratio 70/15/15
22:57:16 | INFO | Z-score: mean=623002466.4740 std=821638492.5827
22:57:16 | INFO | Preprocess done: institutions file=12 n_bytes=OK
22:57:16 | INFO | Epoch   1/100 | train loss: 0.808352 | val loss: 0.630771
22:57:18 | INFO | Epoch  10/100 | train loss: 0.539487 | val loss: 0.582934
22:57:19 | INFO | Early Stopping @ epoch 13 (val loss did not improve for 5 epochs)
22:57:19 | INFO | Training done: 13 epochs, 2.96 sec
22:57:19 | INFO | Metrics: RMSE=917527901.4355  R2=0.0780  sMAPE=80.36%
22:57:19 | INFO | [institutions  14/283] file=13
22:57:19 | INFO | Load file 13/institutions/agg_1_hour/n_bytes | 6718 points | missing 0.0% (2/6718)
22:57:19 | INFO | impute zeros: 2 values
22:57:19 | INFO | Sliding window: tw=24 pw=24 | samples=278
22:57:19 | INFO | Temporal split: train=194 val=41 test=43 | ratio 70/15/15
22:57:19 | INFO | Z-score: mean=364448187.0258 std=1429455360.2006
22:57:19 | INFO | Preprocess done: institutions file=13 n_bytes=OK
22:57:20 | INFO | Epoch   1/100 | train loss: 0.878228 | val loss: 0.258850
22:57:21 | INFO | Early Stopping @ epoch 6 (val loss did not improve for 5 epochs)
22:57:21 | INFO | Training done: 6 epochs, 1.36 sec
22:57:21 | INFO | Metrics: RMSE=646384495.5913  R2=-5.9935  sMAPE=138.90%
22:57:21 | INFO | [institutions  15/283] file=14
22:57:21 | INFO | Load file 14/institutions/agg_1_hour/n_bytes | 6718 points | missing 0.1% (5/6718)
22:57:21 | INFO | impute zeros: 5 values
22:57:21 | INFO | Sliding window: tw=24 pw=24 | samples=278
22:57:21 | INFO | Temporal split: train=194 val=41 test=43 | ratio 70/15/15
22:57:21 | INFO | Z-score: mean=269613028.3991 std=556203366.9951
22:57:21 | INFO | Preprocess done: institutions file=14 n_bytes=OK
22:57:21 | INFO | Epoch   1/100 | train loss: 0.970678 | val loss: 0.840037
22:57:22 | INFO | Early Stopping @ epoch 7 (val loss did not improve for 5 epochs)
22:57:22 | INFO | Training done: 7 epochs, 1.45 sec
22:57:22 | INFO | Metrics: RMSE=372644154.5733  R2=-0.0112  sMAPE=130.85%
22:57:22 | INFO | [institutions  16/283] file=15
22:57:23 | INFO | Load file 15/institutions/agg_1_hour/n_bytes | 6718 points | missing 0.0% (1/6718)
22:57:23 | INFO | impute zeros: 1 values
22:57:23 | INFO | Sliding window: tw=24 pw=24 | samples=278
22:57:23 | INFO | Temporal split: train=194 val=41 test=43 | ratio 70/15/15
22:57:23 | INFO | Z-score: mean=120459840.3860 std=306001323.4867
22:57:23 | INFO | Preprocess done: institutions file=15 n_bytes=OK
22:57:23 | INFO | Epoch   1/100 | train loss: 0.923550 | val loss: 1.488265
22:57:24 | INFO | Early Stopping @ epoch 8 (val loss did not improve for 5 epochs)
22:57:24 | INFO | Training done: 8 epochs, 1.78 sec
22:57:24 | INFO | Metrics: RMSE=284907970.4352  R2=0.0843  sMAPE=107.00%
22:57:24 | INFO | [institutions  17/283] file=16
22:57:25 | INFO | Load file 16/institutions/agg_1_hour/n_bytes | 6718 points | missing 0.0% (1/6718)
22:57:25 | INFO | impute zeros: 1 values
22:57:25 | INFO | Sliding window: tw=24 pw=24 | samples=278
22:57:25 | INFO | Temporal split: train=194 val=41 test=43 | ratio 70/15/15
22:57:25 | INFO | Z-score: mean=194664703.1048 std=302057779.7791
22:57:25 | INFO | Preprocess done: institutions file=16 n_bytes=OK
22:57:25 | INFO | Epoch   1/100 | train loss: 0.879928 | val loss: 0.559655
22:57:27 | INFO | Epoch  10/100 | train loss: 0.735739 | val loss: 0.565813
22:57:27 | INFO | Early Stopping @ epoch 10 (val loss did not improve for 5 epochs)
22:57:27 | INFO | Training done: 10 epochs, 2.31 sec
22:57:27 | INFO | Metrics: RMSE=259181714.3096  R2=0.1075  sMAPE=94.70%
22:57:27 | INFO | [institutions  18/283] file=17
22:57:27 | INFO | Load file 17/institutions/agg_1_hour/n_bytes | 6718 points | missing 0.0% (1/6718)
22:57:27 | INFO | impute zeros: 1 values
22:57:27 | INFO | Sliding window: tw=24 pw=24 | samples=278
22:57:27 | INFO | Temporal split: train=194 val=41 test=43 | ratio 70/15/15
22:57:27 | INFO | Z-score: mean=620073196.0913 std=670167498.3072
22:57:27 | INFO | Preprocess done: institutions file=17 n_bytes=OK
22:57:27 | INFO | Epoch   1/100 | train loss: 0.856642 | val loss: 0.564242
22:57:30 | INFO | Epoch  10/100 | train loss: 0.680540 | val loss: 0.488768
22:57:30 | INFO | Early Stopping @ epoch 14 (val loss did not improve for 5 epochs)
22:57:30 | INFO | Training done: 14 epochs, 3.32 sec
22:57:30 | INFO | Metrics: RMSE=446658068.5819  R2=0.1988  sMAPE=70.13%
22:57:30 | INFO | [institutions  19/283] file=18
22:57:31 | INFO | Load file 18/institutions/agg_1_hour/n_bytes | 6718 points | missing 0.8% (57/6718)
22:57:31 | INFO | impute zeros: 57 values
22:57:31 | INFO | Sliding window: tw=24 pw=24 | samples=278
22:57:31 | INFO | Temporal split: train=194 val=41 test=43 | ratio 70/15/15
22:57:31 | INFO | Z-score: mean=64631816.7367 std=126535984.7213
22:57:31 | INFO | Preprocess done: institutions file=18 n_bytes=OK
22:57:31 | INFO | Epoch   1/100 | train loss: 1.019512 | val loss: 1.834264
22:57:33 | INFO | Epoch  10/100 | train loss: 0.797167 | val loss: 1.795985
22:57:33 | INFO | Early Stopping @ epoch 11 (val loss did not improve for 5 epochs)
22:57:33 | INFO | Training done: 11 epochs, 2.53 sec
22:57:33 | INFO | Metrics: RMSE=136625098.3171  R2=0.1031  sMAPE=103.66%
22:57:33 | INFO | [institutions  20/283] file=19
22:57:33 | INFO | Load file 19/institutions/agg_1_hour/n_bytes | 6718 points | missing 0.1% (4/6718)
22:57:33 | INFO | impute zeros: 4 values
22:57:33 | INFO | Sliding window: tw=24 pw=24 | samples=278
22:57:33 | INFO | Temporal split: train=194 val=41 test=43 | ratio 70/15/15
22:57:33 | INFO | Z-score: mean=198478422.9714 std=712796633.9425
22:57:33 | INFO | Preprocess done: institutions file=19 n_bytes=OK
22:57:34 | INFO | Epoch   1/100 | train loss: 0.992554 | val loss: 1.478306
22:57:36 | INFO | Early Stopping @ epoch 9 (val loss did not improve for 5 epochs)
22:57:36 | INFO | Training done: 9 epochs, 2.14 sec
22:57:36 | INFO | Metrics: RMSE=686415815.1800  R2=0.0013  sMAPE=134.32%
22:57:36 | INFO | [institutions  21/283] file=20
22:57:36 | INFO | Load file 20/institutions/agg_1_hour/n_bytes | 6718 points | missing 0.0% (3/6718)
22:57:36 | INFO | impute zeros: 3 values
22:57:36 | INFO | Sliding window: tw=24 pw=24 | samples=278
22:57:36 | INFO | Temporal split: train=194 val=41 test=43 | ratio 70/15/15
22:57:36 | INFO | Z-score: mean=98390318.7393 std=120313384.4077
22:57:36 | INFO | Preprocess done: institutions file=20 n_bytes=OK
22:57:36 | INFO | Epoch   1/100 | train loss: 0.915788 | val loss: 9.205452
22:57:37 | INFO | Early Stopping @ epoch 7 (val loss did not improve for 5 epochs)
22:57:37 | INFO | Training done: 7 epochs, 1.63 sec
22:57:37 | INFO | Metrics: RMSE=117364559.5086  R2=0.0666  sMAPE=101.98%
22:57:37 | INFO | [institutions  22/283] file=21
22:57:38 | INFO | Load file 21/institutions/agg_1_hour/n_bytes | 6718 points | missing 0.0% (2/6718)
22:57:38 | INFO | impute zeros: 2 values
22:57:38 | INFO | Sliding window: tw=24 pw=24 | samples=278
22:57:38 | INFO | Temporal split: train=194 val=41 test=43 | ratio 70/15/15
22:57:38 | INFO | Z-score: mean=315159962.0492 std=2263013740.1920
22:57:38 | INFO | Preprocess done: institutions file=21 n_bytes=OK
22:57:38 | INFO | Epoch   1/100 | train loss: 0.949413 | val loss: 3.474541
22:57:40 | INFO | Epoch  10/100 | train loss: 0.870365 | val loss: 3.346903
22:57:40 | INFO | Early Stopping @ epoch 11 (val loss did not improve for 5 epochs)
22:57:40 | INFO | Training done: 11 epochs, 2.51 sec
22:57:40 | INFO | Metrics: RMSE=2124168952.4670  R2=-0.1598  sMAPE=196.77%
22:57:40 | INFO | [institutions  23/283] file=22
22:57:40 | INFO | Load file 22/institutions/agg_1_hour/n_bytes | 6718 points | missing 0.0% (1/6718)
22:57:40 | INFO | impute zeros: 1 values
22:57:40 | INFO | Sliding window: tw=24 pw=24 | samples=278
22:57:40 | INFO | Temporal split: train=194 val=41 test=43 | ratio 70/15/15
22:57:40 | INFO | Z-score: mean=4747005102.4369 std=3518915331.2252
22:57:40 | INFO | Preprocess done: institutions file=22 n_bytes=OK
22:57:40 | INFO | Epoch   1/100 | train loss: 0.936986 | val loss: 0.598985
22:57:43 | INFO | Epoch  10/100 | train loss: 0.592819 | val loss: 0.470838
22:57:44 | INFO | Early Stopping @ epoch 18 (val loss did not improve for 5 epochs)
22:57:44 | INFO | Training done: 18 epochs, 4.11 sec
22:57:44 | INFO | Metrics: RMSE=2339488069.5130  R2=-0.0573  sMAPE=54.96%
22:57:44 | INFO | [institutions  24/283] file=23
22:57:45 | INFO | Load file 23/institutions/agg_1_hour/n_bytes | 6718 points | missing 0.0% (1/6718)
22:57:45 | INFO | impute zeros: 1 values
22:57:45 | INFO | Sliding window: tw=24 pw=24 | samples=278
22:57:45 | INFO | Temporal split: train=194 val=41 test=43 | ratio 70/15/15
22:57:45 | INFO | Z-score: mean=12054829103.5576 std=7955966177.3994
22:57:45 | INFO | Preprocess done: institutions file=23 n_bytes=OK
22:57:45 | INFO | Epoch   1/100 | train loss: 0.773189 | val loss: 0.469974
22:57:47 | INFO | Epoch  10/100 | train loss: 0.298923 | val loss: 0.265688
22:57:48 | INFO | Early Stopping @ epoch 15 (val loss did not improve for 5 epochs)
22:57:48 | INFO | Training done: 15 epochs, 3.37 sec
22:57:48 | INFO | Metrics: RMSE=3238516353.2854  R2=0.2926  sMAPE=43.79%
22:57:48 | INFO | [institutions  25/283] file=24
22:57:48 | INFO | Load file 24/institutions/agg_1_hour/n_bytes | 6718 points | missing 0.0% (1/6718)
22:57:48 | INFO | impute zeros: 1 values
22:57:48 | INFO | Sliding window: tw=24 pw=24 | samples=278
22:57:48 | INFO | Temporal split: train=194 val=41 test=43 | ratio 70/15/15
22:57:48 | INFO | Z-score: mean=504949536.7227 std=471407867.2730
22:57:48 | INFO | Preprocess done: institutions file=24 n_bytes=OK
22:57:48 | INFO | Epoch   1/100 | train loss: 0.968123 | val loss: 0.746973
22:57:50 | INFO | Early Stopping @ epoch 8 (val loss did not improve for 5 epochs)
22:57:50 | INFO | Training done: 8 epochs, 1.87 sec
22:57:50 | INFO | Metrics: RMSE=308101218.7043  R2=-0.0784  sMAPE=55.42%
22:57:50 | INFO | [institutions  26/283] file=25
22:57:50 | INFO | Load file 25/institutions/agg_1_hour/n_bytes | 6718 points | missing 0.0% (1/6718)
22:57:50 | INFO | impute zeros: 1 values
22:57:50 | INFO | Sliding window: tw=24 pw=24 | samples=278
22:57:50 | INFO | Temporal split: train=194 val=41 test=43 | ratio 70/15/15
22:57:50 | INFO | Z-score: mean=425304232.9349 std=394185617.4131
22:57:50 | INFO | Preprocess done: institutions file=25 n_bytes=OK
22:57:50 | INFO | Epoch   1/100 | train loss: 0.913938 | val loss: 0.657476
22:57:52 | INFO | Early Stopping @ epoch 7 (val loss did not improve for 5 epochs)
22:57:52 | INFO | Training done: 7 epochs, 1.60 sec
22:57:52 | INFO | Metrics: RMSE=362164027.8618  R2=0.0779  sMAPE=52.72%
22:57:52 | INFO | [institutions  27/283] file=26
22:57:52 | INFO | Load file 26/institutions/agg_1_hour/n_bytes | 6718 points | missing 0.0% (1/6718)
22:57:52 | INFO | impute zeros: 1 values
22:57:52 | INFO | Sliding window: tw=24 pw=24 | samples=278
22:57:52 | INFO | Temporal split: train=194 val=41 test=43 | ratio 70/15/15
22:57:52 | INFO | Z-score: mean=420323433.1091 std=362907216.6790
22:57:52 | INFO | Preprocess done: institutions file=26 n_bytes=OK
22:57:52 | INFO | Epoch   1/100 | train loss: 0.933677 | val loss: 13.424045
22:57:53 | INFO | Early Stopping @ epoch 9 (val loss did not improve for 5 epochs)
22:57:53 | INFO | Training done: 9 epochs, 1.25 sec
22:57:53 | INFO | Metrics: RMSE=722828869.8460  R2=0.0808  sMAPE=58.64%
22:57:53 | INFO | [institutions  28/283] file=27
22:57:53 | INFO | Load file 27/institutions/agg_1_hour/n_bytes | 6718 points | missing 0.0% (1/6718)
22:57:53 | INFO | impute zeros: 1 values
22:57:53 | INFO | Sliding window: tw=24 pw=24 | samples=278
22:57:53 | INFO | Temporal split: train=194 val=41 test=43 | ratio 70/15/15
22:57:53 | INFO | Z-score: mean=1397575309.7049 std=992837834.4465
22:57:53 | INFO | Preprocess done: institutions file=27 n_bytes=OK
22:57:53 | INFO | Epoch   1/100 | train loss: 0.867178 | val loss: 0.975078
22:57:54 | INFO | Early Stopping @ epoch 9 (val loss did not improve for 5 epochs)
22:57:54 | INFO | Training done: 9 epochs, 0.36 sec
22:57:54 | INFO | Metrics: RMSE=874588934.0788  R2=0.1094  sMAPE=43.98%
22:57:54 | INFO | [institutions  29/283] file=28
22:57:54 | INFO | Load file 28/institutions/agg_1_hour/n_bytes | 6718 points | missing 0.0% (1/6718)
22:57:54 | INFO | impute zeros: 1 values
22:57:54 | INFO | Sliding window: tw=24 pw=24 | samples=278
22:57:54 | INFO | Temporal split: train=194 val=41 test=43 | ratio 70/15/15
22:57:54 | INFO | Z-score: mean=413037243.3003 std=365186328.4746
22:57:54 | INFO | Preprocess done: institutions file=28 n_bytes=OK
22:57:54 | INFO | Epoch   1/100 | train loss: 0.986445 | val loss: 0.890431
22:57:54 | INFO | Early Stopping @ epoch 8 (val loss did not improve for 5 epochs)
22:57:54 | INFO | Training done: 8 epochs, 0.33 sec
22:57:54 | INFO | Metrics: RMSE=373537922.5198  R2=0.0829  sMAPE=52.72%
22:57:54 | INFO | [institutions  30/283] file=29
22:57:54 | INFO | Load file 29/institutions/agg_1_hour/n_bytes | 6718 points | missing 0.0% (3/6718)
22:57:54 | INFO | impute zeros: 3 values
22:57:54 | INFO | Sliding window: tw=24 pw=24 | samples=278
22:57:54 | INFO | Temporal split: train=194 val=41 test=43 | ratio 70/15/15
22:57:54 | INFO | Z-score: mean=385504791.7676 std=437213089.6211
22:57:54 | INFO | Preprocess done: institutions file=29 n_bytes=OK
22:57:54 | INFO | Epoch   1/100 | train loss: 0.920893 | val loss: 6.562541
22:57:54 | INFO | Epoch  10/100 | train loss: 0.658835 | val loss: 3.639547
22:57:54 | INFO | Early Stopping @ epoch 12 (val loss did not improve for 5 epochs)
22:57:54 | INFO | Training done: 12 epochs, 0.41 sec
22:57:54 | INFO | Metrics: RMSE=250869079.1643  R2=0.1125  sMAPE=60.11%
22:57:54 | INFO | [institutions  31/283] file=30
22:57:54 | INFO | Load file 30/institutions/agg_1_hour/n_bytes | 6718 points | missing 0.0% (3/6718)
22:57:54 | INFO | impute zeros: 3 values
22:57:54 | INFO | Sliding window: tw=24 pw=24 | samples=278
22:57:54 | INFO | Temporal split: train=194 val=41 test=43 | ratio 70/15/15
22:57:54 | INFO | Z-score: mean=398853649.8774 std=371846379.6766
22:57:54 | INFO | Preprocess done: institutions file=30 n_bytes=OK
22:57:55 | INFO | Epoch   1/100 | train loss: 0.950070 | val loss: 0.939745
22:57:55 | INFO | Early Stopping @ epoch 9 (val loss did not improve for 5 epochs)
22:57:55 | INFO | Training done: 9 epochs, 0.32 sec
22:57:55 | INFO | Metrics: RMSE=433368543.5029  R2=-0.0028  sMAPE=51.07%
22:57:55 | INFO | [institutions  32/283] file=31
22:57:55 | INFO | Load file 31/institutions/agg_1_hour/n_bytes | 6718 points | missing 0.1% (7/6718)
22:57:55 | INFO | impute zeros: 7 values
22:57:55 | INFO | Sliding window: tw=24 pw=24 | samples=278
22:57:55 | INFO | Temporal split: train=194 val=41 test=43 | ratio 70/15/15
22:57:55 | INFO | Z-score: mean=1884611508.0674 std=1359624173.9968
22:57:55 | INFO | Preprocess done: institutions file=31 n_bytes=OK
22:57:55 | INFO | Epoch   1/100 | train loss: 0.853580 | val loss: 1.028963
22:57:55 | INFO | Epoch  10/100 | train loss: 0.707252 | val loss: 0.900815
22:57:56 | INFO | Epoch  20/100 | train loss: 0.676674 | val loss: 0.819910
22:57:56 | INFO | Early Stopping @ epoch 21 (val loss did not improve for 5 epochs)
22:57:56 | INFO | Training done: 21 epochs, 0.78 sec
22:57:56 | INFO | Metrics: RMSE=1237062122.6982  R2=0.2196  sMAPE=73.23%
22:57:56 | INFO | [institutions  33/283] file=32
22:57:56 | INFO | Load file 32/institutions/agg_1_hour/n_bytes | 6718 points | missing 0.0% (1/6718)
22:57:56 | INFO | impute zeros: 1 values
22:57:56 | INFO | Sliding window: tw=24 pw=24 | samples=278
22:57:56 | INFO | Temporal split: train=194 val=41 test=43 | ratio 70/15/15
22:57:56 | INFO | Z-score: mean=2012509884.0348 std=1025079624.2168
22:57:56 | INFO | Preprocess done: institutions file=32 n_bytes=OK
22:57:56 | INFO | Epoch   1/100 | train loss: 0.847808 | val loss: 1.285769
22:57:56 | INFO | Epoch  10/100 | train loss: 0.741985 | val loss: 1.162830
22:57:56 | INFO | Early Stopping @ epoch 16 (val loss did not improve for 5 epochs)
22:57:56 | INFO | Training done: 16 epochs, 0.50 sec
22:57:56 | INFO | Metrics: RMSE=967548484.9358  R2=0.2213  sMAPE=32.57%
22:57:56 | INFO | [institutions  34/283] file=33
22:57:56 | INFO | Load file 33/institutions/agg_1_hour/n_bytes | 6718 points | missing 0.0% (1/6718)
22:57:56 | INFO | impute zeros: 1 values
22:57:56 | INFO | Sliding window: tw=24 pw=24 | samples=278
22:57:56 | INFO | Temporal split: train=194 val=41 test=43 | ratio 70/15/15
22:57:56 | INFO | Z-score: mean=2094115649.9886 std=1560225692.3798
22:57:56 | INFO | Preprocess done: institutions file=33 n_bytes=OK
22:57:56 | INFO | Epoch   1/100 | train loss: 0.863606 | val loss: 1.815441
22:57:57 | INFO | Epoch  10/100 | train loss: 0.718232 | val loss: 1.763847
22:57:57 | INFO | Early Stopping @ epoch 12 (val loss did not improve for 5 epochs)
22:57:57 | INFO | Training done: 12 epochs, 0.40 sec
22:57:57 | INFO | Metrics: RMSE=1111663925.0052  R2=0.1510  sMAPE=52.21%
22:57:57 | INFO | [institutions  35/283] file=34
22:57:57 | INFO | Load file 34/institutions/agg_1_hour/n_bytes | 6718 points | missing 0.0% (1/6718)
22:57:57 | INFO | impute zeros: 1 values
22:57:57 | INFO | Sliding window: tw=24 pw=24 | samples=278
22:57:57 | INFO | Temporal split: train=194 val=41 test=43 | ratio 70/15/15
22:57:57 | INFO | Z-score: mean=1378868365.6598 std=1785523200.6346
22:57:57 | INFO | Preprocess done: institutions file=34 n_bytes=OK
22:57:57 | INFO | Epoch   1/100 | train loss: 0.688266 | val loss: 0.682166
22:57:57 | INFO | Early Stopping @ epoch 9 (val loss did not improve for 5 epochs)
22:57:57 | INFO | Training done: 9 epochs, 0.29 sec
22:57:57 | INFO | Metrics: RMSE=1336449402.5640  R2=0.1679  sMAPE=78.85%
22:57:57 | INFO | [institutions  36/283] file=35
22:57:57 | INFO | Load file 35/institutions/agg_1_hour/n_bytes | 6718 points | missing 0.0% (1/6718)
22:57:57 | INFO | impute zeros: 1 values
22:57:57 | INFO | Sliding window: tw=24 pw=24 | samples=278
22:57:57 | INFO | Temporal split: train=194 val=41 test=43 | ratio 70/15/15
22:57:57 | INFO | Z-score: mean=105891298.1858 std=152566360.8410
22:57:57 | INFO | Preprocess done: institutions file=35 n_bytes=OK
22:57:57 | INFO | Epoch   1/100 | train loss: 0.858285 | val loss: 0.758230
22:57:57 | INFO | Epoch  10/100 | train loss: 0.792421 | val loss: 0.758831
22:57:58 | INFO | Epoch  20/100 | train loss: 0.775295 | val loss: 0.726554
22:57:58 | INFO | Epoch  30/100 | train loss: 0.729751 | val loss: 0.743216
22:57:58 | INFO | Early Stopping @ epoch 33 (val loss did not improve for 5 epochs)
22:57:58 | INFO | Training done: 33 epochs, 1.18 sec
22:57:58 | INFO | Metrics: RMSE=189453613.0096  R2=0.1837  sMAPE=78.65%
22:57:58 | INFO | [institutions  37/283] file=36
22:57:58 | INFO | Load file 36/institutions/agg_1_hour/n_bytes | 6718 points | missing 0.0% (1/6718)
22:57:58 | INFO | impute zeros: 1 values
22:57:58 | INFO | Sliding window: tw=24 pw=24 | samples=278
22:57:58 | INFO | Temporal split: train=194 val=41 test=43 | ratio 70/15/15
22:57:58 | INFO | Z-score: mean=726474934.1319 std=669865568.7116
22:57:58 | INFO | Preprocess done: institutions file=36 n_bytes=OK
22:57:58 | INFO | Epoch   1/100 | train loss: 0.891264 | val loss: 0.902778
22:57:58 | INFO | Epoch  10/100 | train loss: 0.752670 | val loss: 0.860529
22:57:59 | INFO | Early Stopping @ epoch 19 (val loss did not improve for 5 epochs)
22:57:59 | INFO | Training done: 19 epochs, 0.59 sec
22:57:59 | INFO | Metrics: RMSE=853635772.7346  R2=0.0860  sMAPE=68.12%
22:57:59 | INFO | [institutions  38/283] file=37
22:57:59 | INFO | Load file 37/institutions/agg_1_hour/n_bytes | 6718 points | missing 0.0% (1/6718)
22:57:59 | INFO | impute zeros: 1 values
22:57:59 | INFO | Sliding window: tw=24 pw=24 | samples=278
22:57:59 | INFO | Temporal split: train=194 val=41 test=43 | ratio 70/15/15
22:57:59 | INFO | Z-score: mean=10539.6727 std=21817.2577
22:57:59 | INFO | Preprocess done: institutions file=37 n_bytes=OK
22:57:59 | INFO | Epoch   1/100 | train loss: 0.997460 | val loss: 0.030875
22:57:59 | INFO | Early Stopping @ epoch 9 (val loss did not improve for 5 epochs)
22:57:59 | INFO | Training done: 9 epochs, 0.30 sec
22:57:59 | INFO | Metrics: RMSE=3626.3679  R2=-0.1898  sMAPE=39.62%
22:57:59 | INFO | [institutions  39/283] file=38
22:57:59 | INFO | Load file 38/institutions/agg_1_hour/n_bytes | 6718 points | missing 0.1% (5/6718)
22:57:59 | INFO | impute zeros: 5 values
22:57:59 | INFO | Sliding window: tw=24 pw=24 | samples=278
22:57:59 | INFO | Temporal split: train=194 val=41 test=43 | ratio 70/15/15
22:57:59 | INFO | Z-score: mean=314315492.2571 std=614064977.1084
22:57:59 | INFO | Preprocess done: institutions file=38 n_bytes=OK
22:57:59 | INFO | Epoch   1/100 | train loss: 0.845539 | val loss: 0.643563
22:57:59 | INFO | Early Stopping @ epoch 7 (val loss did not improve for 5 epochs)
22:57:59 | INFO | Training done: 7 epochs, 0.25 sec
22:57:59 | INFO | Metrics: RMSE=437469878.4249  R2=-42.1152  sMAPE=182.51%
22:57:59 | INFO | [institutions  40/283] file=39
22:57:59 | INFO | Load file 39/institutions/agg_1_hour/n_bytes | 6718 points | missing 0.0% (1/6718)
22:57:59 | INFO | impute zeros: 1 values
22:57:59 | INFO | Sliding window: tw=24 pw=24 | samples=278
22:57:59 | INFO | Temporal split: train=194 val=41 test=43 | ratio 70/15/15
22:57:59 | INFO | Z-score: mean=1607211726.2884 std=2601160216.0538
22:57:59 | INFO | Preprocess done: institutions file=39 n_bytes=OK
22:57:59 | INFO | Epoch   1/100 | train loss: 0.952687 | val loss: 0.326867
22:58:00 | INFO | Epoch  10/100 | train loss: 0.711919 | val loss: 0.327087
22:58:00 | INFO | Early Stopping @ epoch 13 (val loss did not improve for 5 epochs)
22:58:00 | INFO | Training done: 13 epochs, 0.44 sec
22:58:00 | INFO | Metrics: RMSE=1064229579.3072  R2=0.0579  sMAPE=134.51%
22:58:00 | INFO | [institutions  41/283] file=40
22:58:00 | INFO | Load file 40/institutions/agg_1_hour/n_bytes | 6718 points | missing 0.0% (1/6718)
22:58:00 | INFO | impute zeros: 1 values
22:58:00 | INFO | Sliding window: tw=24 pw=24 | samples=278
22:58:00 | INFO | Temporal split: train=194 val=41 test=43 | ratio 70/15/15
22:58:00 | INFO | Z-score: mean=329034661.8836 std=402272113.8399
22:58:00 | INFO | Preprocess done: institutions file=40 n_bytes=OK
22:58:00 | INFO | Epoch   1/100 | train loss: 0.834004 | val loss: 0.639786
22:58:00 | INFO | Early Stopping @ epoch 8 (val loss did not improve for 5 epochs)
22:58:00 | INFO | Training done: 8 epochs, 0.25 sec
22:58:00 | INFO | Metrics: RMSE=207111856.0053  R2=0.1166  sMAPE=86.12%
22:58:00 | INFO | [institutions  42/283] file=41
22:58:00 | INFO | Load file 41/institutions/agg_1_hour/n_bytes | 6718 points | missing 0.0% (1/6718)
22:58:00 | INFO | impute zeros: 1 values
22:58:00 | INFO | Sliding window: tw=24 pw=24 | samples=278
22:58:00 | INFO | Temporal split: train=194 val=41 test=43 | ratio 70/15/15
22:58:00 | INFO | Z-score: mean=570868258.6336 std=697467140.7294
22:58:00 | INFO | Preprocess done: institutions file=41 n_bytes=OK
22:58:00 | INFO | Epoch   1/100 | train loss: 0.867721 | val loss: 0.488334
22:58:00 | INFO | Epoch  10/100 | train loss: 0.521320 | val loss: 0.386105
22:58:00 | INFO | Early Stopping @ epoch 10 (val loss did not improve for 5 epochs)
22:58:00 | INFO | Training done: 10 epochs, 0.38 sec
22:58:00 | INFO | Metrics: RMSE=388616911.6150  R2=0.1893  sMAPE=101.62%
22:58:00 | INFO | [institutions  43/283] file=42
22:58:00 | INFO | Load file 42/institutions/agg_1_hour/n_bytes | 6718 points | missing 0.0% (1/6718)
22:58:00 | INFO | impute zeros: 1 values
22:58:00 | INFO | Sliding window: tw=24 pw=24 | samples=278
22:58:00 | INFO | Temporal split: train=194 val=41 test=43 | ratio 70/15/15
22:58:00 | INFO | Z-score: mean=111030654.0520 std=222265343.7946
22:58:00 | INFO | Preprocess done: institutions file=42 n_bytes=OK
22:58:01 | INFO | Epoch   1/100 | train loss: 0.852202 | val loss: 0.950724
22:58:01 | INFO | Early Stopping @ epoch 9 (val loss did not improve for 5 epochs)
22:58:01 | INFO | Training done: 9 epochs, 0.34 sec
22:58:01 | INFO | Metrics: RMSE=153826505.3567  R2=-0.2434  sMAPE=113.78%
22:58:01 | INFO | [institutions  44/283] file=43
22:58:01 | INFO | Load file 43/institutions/agg_1_hour/n_bytes | 6718 points | missing 0.0% (2/6718)
22:58:01 | INFO | impute zeros: 2 values
22:58:01 | INFO | Sliding window: tw=24 pw=24 | samples=278
22:58:01 | INFO | Temporal split: train=194 val=41 test=43 | ratio 70/15/15
22:58:01 | INFO | Z-score: mean=147114502.6763 std=409362293.2224
22:58:01 | INFO | Preprocess done: institutions file=43 n_bytes=OK
22:58:01 | INFO | Epoch   1/100 | train loss: 0.730890 | val loss: 0.668443
22:58:01 | INFO | Early Stopping @ epoch 9 (val loss did not improve for 5 epochs)
22:58:01 | INFO | Training done: 9 epochs, 0.30 sec
22:58:01 | INFO | Metrics: RMSE=264024499.5502  R2=-0.0629  sMAPE=133.13%
22:58:01 | INFO | [institutions  45/283] file=45
22:58:01 | INFO | Load file 45/institutions/agg_1_hour/n_bytes | 6718 points | missing 0.0% (1/6718)
22:58:01 | INFO | impute zeros: 1 values
22:58:01 | INFO | Sliding window: tw=24 pw=24 | samples=278
22:58:01 | INFO | Temporal split: train=194 val=41 test=43 | ratio 70/15/15
22:58:01 | INFO | Z-score: mean=218028486.9036 std=410992633.9226
22:58:01 | INFO | Preprocess done: institutions file=45 n_bytes=OK
22:58:01 | INFO | Epoch   1/100 | train loss: 0.784529 | val loss: 0.585112
22:58:02 | INFO | Epoch  10/100 | train loss: 0.576719 | val loss: 0.637508
22:58:02 | INFO | Early Stopping @ epoch 12 (val loss did not improve for 5 epochs)
22:58:02 | INFO | Training done: 12 epochs, 0.41 sec
22:58:02 | INFO | Metrics: RMSE=394449278.8218  R2=0.2082  sMAPE=138.74%
22:58:02 | INFO | [institutions  46/283] file=46
22:58:02 | INFO | Load file 46/institutions/agg_1_hour/n_bytes | 6718 points | missing 0.0% (1/6718)
22:58:02 | INFO | impute zeros: 1 values
22:58:02 | INFO | Sliding window: tw=24 pw=24 | samples=278
22:58:02 | INFO | Temporal split: train=194 val=41 test=43 | ratio 70/15/15
22:58:02 | INFO | Z-score: mean=195670261.9897 std=316533569.8603
22:58:02 | INFO | Preprocess done: institutions file=46 n_bytes=OK
22:58:02 | INFO | Epoch   1/100 | train loss: 0.774483 | val loss: 0.870833
22:58:02 | INFO | Early Stopping @ epoch 8 (val loss did not improve for 5 epochs)
22:58:02 | INFO | Training done: 8 epochs, 0.27 sec
22:58:02 | INFO | Metrics: RMSE=213018145.7893  R2=-0.2128  sMAPE=145.23%
22:58:02 | INFO | [institutions  47/283] file=47
22:58:02 | INFO | Load file 47/institutions/agg_1_hour/n_bytes | 6718 points | missing 0.1% (5/6718)
22:58:02 | INFO | impute zeros: 5 values
22:58:02 | INFO | Sliding window: tw=24 pw=24 | samples=278
22:58:02 | INFO | Temporal split: train=194 val=41 test=43 | ratio 70/15/15
22:58:02 | INFO | Z-score: mean=42483.0357 std=79036.9046
22:58:02 | INFO | Preprocess done: institutions file=47 n_bytes=OK
22:58:02 | INFO | Epoch   1/100 | train loss: 0.954588 | val loss: 0.036776
22:58:02 | INFO | Early Stopping @ epoch 9 (val loss did not improve for 5 epochs)
22:58:02 | INFO | Training done: 9 epochs, 0.29 sec
22:58:02 | INFO | Metrics: RMSE=14074.3213  R2=-7.4666  sMAPE=51.28%
22:58:02 | INFO | [institutions  48/283] file=48
22:58:02 | INFO | Load file 48/institutions/agg_1_hour/n_bytes | 6718 points | missing 0.0% (1/6718)
22:58:02 | INFO | impute zeros: 1 values
22:58:02 | INFO | Sliding window: tw=24 pw=24 | samples=278
22:58:02 | INFO | Temporal split: train=194 val=41 test=43 | ratio 70/15/15
22:58:02 | INFO | Z-score: mean=50417399774.4042 std=25066800469.4530
22:58:02 | INFO | Preprocess done: institutions file=48 n_bytes=OK
22:58:02 | INFO | Epoch   1/100 | train loss: 0.822427 | val loss: 0.526918
22:58:03 | INFO | Epoch  10/100 | train loss: 0.396130 | val loss: 0.322375
22:58:03 | INFO | Early Stopping @ epoch 15 (val loss did not improve for 5 epochs)
22:58:03 | INFO | Training done: 15 epochs, 0.57 sec
22:58:03 | INFO | Metrics: RMSE=12792592377.3348  R2=0.3184  sMAPE=28.45%
22:58:03 | INFO | [institutions  49/283] file=49
22:58:03 | INFO | Load file 49/institutions/agg_1_hour/n_bytes | 6718 points | missing 0.0% (1/6718)
22:58:03 | INFO | impute zeros: 1 values
22:58:03 | INFO | Sliding window: tw=24 pw=24 | samples=278
22:58:03 | INFO | Temporal split: train=194 val=41 test=43 | ratio 70/15/15
22:58:03 | INFO | Z-score: mean=63959995472.4347 std=44877952293.3726
22:58:03 | INFO | Preprocess done: institutions file=49 n_bytes=OK
22:58:03 | INFO | Epoch   1/100 | train loss: 0.969818 | val loss: 1.301611
22:58:03 | INFO | Epoch  10/100 | train loss: 0.787177 | val loss: 1.215853
22:58:03 | INFO | Early Stopping @ epoch 12 (val loss did not improve for 5 epochs)
22:58:03 | INFO | Training done: 12 epochs, 0.37 sec
22:58:03 | INFO | Metrics: RMSE=23912401803.5956  R2=-0.4027  sMAPE=51.47%
22:58:03 | INFO | [institutions  50/283] file=50
22:58:03 | INFO | Load file 50/institutions/agg_1_hour/n_bytes | 6718 points | missing 0.0% (1/6718)
22:58:03 | INFO | impute zeros: 1 values
22:58:03 | INFO | Sliding window: tw=24 pw=24 | samples=278
22:58:03 | INFO | Temporal split: train=194 val=41 test=43 | ratio 70/15/15
22:58:03 | INFO | Z-score: mean=16641441911.7393 std=11668387134.4620
22:58:03 | INFO | Preprocess done: institutions file=50 n_bytes=OK
22:58:03 | INFO | Epoch   1/100 | train loss: 0.652152 | val loss: 0.355001
22:58:04 | INFO | Epoch  10/100 | train loss: 0.305261 | val loss: 0.210175
22:58:04 | INFO | Early Stopping @ epoch 14 (val loss did not improve for 5 epochs)
22:58:04 | INFO | Training done: 14 epochs, 0.49 sec
22:58:04 | INFO | Metrics: RMSE=4643980985.9762  R2=0.1186  sMAPE=40.84%
22:58:04 | INFO | [institutions  51/283] file=51
22:58:04 | INFO | Load file 51/institutions/agg_1_hour/n_bytes | 6718 points | missing 0.0% (1/6718)
22:58:04 | INFO | impute zeros: 1 values
22:58:04 | INFO | Sliding window: tw=24 pw=24 | samples=278
22:58:04 | INFO | Temporal split: train=194 val=41 test=43 | ratio 70/15/15
22:58:04 | INFO | Z-score: mean=4363631.1892 std=16419971.4704
22:58:04 | INFO | Preprocess done: institutions file=51 n_bytes=OK
22:58:04 | INFO | Epoch   1/100 | train loss: 0.958533 | val loss: 0.115169
22:58:04 | INFO | Epoch  10/100 | train loss: 0.916140 | val loss: 0.141516
22:58:04 | INFO | Early Stopping @ epoch 19 (val loss did not improve for 5 epochs)
22:58:04 | INFO | Training done: 19 epochs, 0.68 sec
22:58:04 | INFO | Metrics: RMSE=4888951.4073  R2=-946.5572  sMAPE=174.57%
22:58:04 | INFO | [institutions  52/283] file=52
22:58:04 | INFO | Load file 52/institutions/agg_1_hour/n_bytes | 6718 points | missing 0.0% (1/6718)
22:58:04 | INFO | impute zeros: 1 values
22:58:04 | INFO | Sliding window: tw=24 pw=24 | samples=278
22:58:04 | INFO | Temporal split: train=194 val=41 test=43 | ratio 70/15/15
22:58:04 | INFO | Z-score: mean=5517064666.3368 std=4423695765.7764
22:58:04 | INFO | Preprocess done: institutions file=52 n_bytes=OK
22:58:05 | INFO | Epoch   1/100 | train loss: 0.763751 | val loss: 0.927468
22:58:05 | INFO | Epoch  10/100 | train loss: 0.437362 | val loss: 0.618069
22:58:05 | INFO | Early Stopping @ epoch 15 (val loss did not improve for 5 epochs)
22:58:05 | INFO | Training done: 15 epochs, 0.68 sec
22:58:05 | INFO | Metrics: RMSE=2595093655.1590  R2=0.4750  sMAPE=50.57%
22:58:05 | INFO | [institutions  53/283] file=53
22:58:05 | INFO | Load file 53/institutions/agg_1_hour/n_bytes | 6718 points | missing 0.0% (1/6718)
22:58:05 | INFO | impute zeros: 1 values
22:58:05 | INFO | Sliding window: tw=24 pw=24 | samples=278
22:58:05 | INFO | Temporal split: train=194 val=41 test=43 | ratio 70/15/15
22:58:05 | INFO | Z-score: mean=19348167014.3183 std=12282081605.8178
22:58:05 | INFO | Preprocess done: institutions file=53 n_bytes=OK
22:58:05 | INFO | Epoch   1/100 | train loss: 0.718579 | val loss: 0.377170
22:58:06 | INFO | Early Stopping @ epoch 9 (val loss did not improve for 5 epochs)
22:58:06 | INFO | Training done: 9 epochs, 0.32 sec
22:58:06 | INFO | Metrics: RMSE=3927610942.6557  R2=0.5367  sMAPE=29.89%
22:58:06 | INFO | [institutions  54/283] file=54
22:58:06 | INFO | Load file 54/institutions/agg_1_hour/n_bytes | 6718 points | missing 0.0% (1/6718)
22:58:06 | INFO | impute zeros: 1 values
22:58:06 | INFO | Sliding window: tw=24 pw=24 | samples=278
22:58:06 | INFO | Temporal split: train=194 val=41 test=43 | ratio 70/15/15
22:58:06 | INFO | Z-score: mean=215293731.6493 std=357707204.7056
22:58:06 | INFO | Preprocess done: institutions file=54 n_bytes=OK
22:58:06 | INFO | Epoch   1/100 | train loss: 0.815986 | val loss: 0.681591
22:58:06 | INFO | Early Stopping @ epoch 8 (val loss did not improve for 5 epochs)
22:58:06 | INFO | Training done: 8 epochs, 0.26 sec
22:58:06 | INFO | Metrics: RMSE=208602429.0078  R2=0.2216  sMAPE=112.92%
22:58:06 | INFO | [institutions  55/283] file=55
22:58:06 | INFO | Load file 55/institutions/agg_1_hour/n_bytes | 6718 points | missing 0.0% (1/6718)
22:58:06 | INFO | impute zeros: 1 values
22:58:06 | INFO | Sliding window: tw=24 pw=24 | samples=278
22:58:06 | INFO | Temporal split: train=194 val=41 test=43 | ratio 70/15/15
22:58:06 | INFO | Z-score: mean=5497177803.0692 std=3646258119.5450
22:58:06 | INFO | Preprocess done: institutions file=55 n_bytes=OK
22:58:06 | INFO | Epoch   1/100 | train loss: 0.844276 | val loss: 1.019622
22:58:06 | INFO | Epoch  10/100 | train loss: 0.451693 | val loss: 0.628414
22:58:06 | INFO | Early Stopping @ epoch 17 (val loss did not improve for 5 epochs)
22:58:06 | INFO | Training done: 17 epochs, 0.61 sec
22:58:06 | INFO | Metrics: RMSE=2658642502.7655  R2=0.0437  sMAPE=44.63%
22:58:06 | INFO | [institutions  56/283] file=56
22:58:07 | INFO | Load file 56/institutions/agg_1_hour/n_bytes | 6718 points | missing 0.0% (1/6718)
22:58:07 | INFO | impute zeros: 1 values
22:58:07 | INFO | Sliding window: tw=24 pw=24 | samples=278
22:58:07 | INFO | Temporal split: train=194 val=41 test=43 | ratio 70/15/15
22:58:07 | INFO | Z-score: mean=11267034469.2700 std=8095812069.8185
22:58:07 | INFO | Preprocess done: institutions file=56 n_bytes=OK
22:58:07 | INFO | Epoch   1/100 | train loss: 0.695545 | val loss: 0.444305
22:58:07 | INFO | Early Stopping @ epoch 9 (val loss did not improve for 5 epochs)
22:58:07 | INFO | Training done: 9 epochs, 0.32 sec
22:58:07 | INFO | Metrics: RMSE=4830616774.3349  R2=0.0669  sMAPE=55.37%
22:58:07 | INFO | [institutions  57/283] file=57
22:58:07 | INFO | Load file 57/institutions/agg_1_hour/n_bytes | 6718 points | missing 0.0% (1/6718)
22:58:07 | INFO | impute zeros: 1 values
22:58:07 | INFO | Sliding window: tw=24 pw=24 | samples=278
22:58:07 | INFO | Temporal split: train=194 val=41 test=43 | ratio 70/15/15
22:58:07 | INFO | Z-score: mean=16481423564.9575 std=10921889554.7081
22:58:07 | INFO | Preprocess done: institutions file=57 n_bytes=OK
22:58:07 | INFO | Epoch   1/100 | train loss: 0.692216 | val loss: 0.490456
22:58:07 | INFO | Epoch  10/100 | train loss: 0.407279 | val loss: 0.383363
22:58:07 | INFO | Early Stopping @ epoch 16 (val loss did not improve for 5 epochs)
22:58:07 | INFO | Training done: 16 epochs, 0.64 sec
22:58:07 | INFO | Metrics: RMSE=4675225884.6600  R2=0.2615  sMAPE=38.37%
22:58:07 | INFO | [institutions  58/283] file=58
22:58:08 | INFO | Load file 58/institutions/agg_1_hour/n_bytes | 6718 points | missing 0.0% (1/6718)
22:58:08 | INFO | impute zeros: 1 values
22:58:08 | INFO | Sliding window: tw=24 pw=24 | samples=278
22:58:08 | INFO | Temporal split: train=194 val=41 test=43 | ratio 70/15/15
22:58:08 | INFO | Z-score: mean=108524783.8237 std=204045316.6529
22:58:08 | INFO | Preprocess done: institutions file=58 n_bytes=OK
22:58:08 | INFO | Epoch   1/100 | train loss: 0.849462 | val loss: 1.035681
22:58:08 | INFO | Epoch  10/100 | train loss: 0.695841 | val loss: 0.994638
22:58:08 | INFO | Early Stopping @ epoch 13 (val loss did not improve for 5 epochs)
22:58:08 | INFO | Training done: 13 epochs, 0.46 sec
22:58:08 | INFO | Metrics: RMSE=145432255.7386  R2=0.1350  sMAPE=106.07%
22:58:08 | INFO | [institutions  59/283] file=59
22:58:08 | INFO | Load file 59/institutions/agg_1_hour/n_bytes | 6718 points | missing 0.0% (1/6718)
22:58:08 | INFO | impute zeros: 1 values
22:58:08 | INFO | Sliding window: tw=24 pw=24 | samples=278
22:58:08 | INFO | Temporal split: train=194 val=41 test=43 | ratio 70/15/15
22:58:08 | INFO | Z-score: mean=9359654538.8050 std=6358430877.1125
22:58:08 | INFO | Preprocess done: institutions file=59 n_bytes=OK
22:58:08 | INFO | Epoch   1/100 | train loss: 0.658508 | val loss: 0.422988
22:58:08 | INFO | Early Stopping @ epoch 9 (val loss did not improve for 5 epochs)
22:58:08 | INFO | Training done: 9 epochs, 0.27 sec
22:58:08 | INFO | Metrics: RMSE=3681502414.8763  R2=-0.2924  sMAPE=55.06%
22:58:08 | INFO | [institutions  60/283] file=60
22:58:08 | INFO | Load file 60/institutions/agg_1_hour/n_bytes | 6718 points | missing 0.0% (1/6718)
22:58:08 | INFO | impute zeros: 1 values
22:58:08 | INFO | Sliding window: tw=24 pw=24 | samples=278
22:58:08 | INFO | Temporal split: train=194 val=41 test=43 | ratio 70/15/15
22:58:08 | INFO | Z-score: mean=1654349203.2090 std=1096593632.3730
22:58:08 | INFO | Preprocess done: institutions file=60 n_bytes=OK
22:58:08 | INFO | Epoch   1/100 | train loss: 0.886006 | val loss: 1.211484
22:58:09 | INFO | Epoch  10/100 | train loss: 0.702210 | val loss: 1.114372
22:58:09 | INFO | Early Stopping @ epoch 15 (val loss did not improve for 5 epochs)
22:58:09 | INFO | Training done: 15 epochs, 0.47 sec
22:58:09 | INFO | Metrics: RMSE=1173093440.6676  R2=0.1585  sMAPE=43.95%
22:58:09 | INFO | [institutions  61/283] file=61
22:58:09 | INFO | Load file 61/institutions/agg_1_hour/n_bytes | 6718 points | missing 0.0% (1/6718)
22:58:09 | INFO | impute zeros: 1 values
22:58:09 | INFO | Sliding window: tw=24 pw=24 | samples=278
22:58:09 | INFO | Temporal split: train=194 val=41 test=43 | ratio 70/15/15
22:58:09 | INFO | Z-score: mean=22877907344.2236 std=14145602238.4853
22:58:09 | INFO | Preprocess done: institutions file=61 n_bytes=OK
22:58:09 | INFO | Epoch   1/100 | train loss: 0.862877 | val loss: 11.780320
22:58:09 | INFO | Epoch  10/100 | train loss: 0.703634 | val loss: 11.056612
22:58:09 | INFO | Early Stopping @ epoch 15 (val loss did not improve for 5 epochs)
22:58:09 | INFO | Training done: 15 epochs, 0.49 sec
22:58:09 | INFO | Metrics: RMSE=10518788890.7802  R2=-0.0805  sMAPE=30.70%
22:58:09 | INFO | [institutions  62/283] file=62
22:58:09 | INFO | Load file 62/institutions/agg_1_hour/n_bytes | 6718 points | missing 0.0% (1/6718)
22:58:09 | INFO | impute zeros: 1 values
22:58:09 | INFO | Sliding window: tw=24 pw=24 | samples=278
22:58:09 | INFO | Temporal split: train=194 val=41 test=43 | ratio 70/15/15
22:58:09 | INFO | Z-score: mean=364360031.9858 std=732590889.7738
22:58:09 | INFO | Preprocess done: institutions file=62 n_bytes=OK
22:58:09 | INFO | Epoch   1/100 | train loss: 0.758761 | val loss: 0.627755
22:58:10 | INFO | Epoch  10/100 | train loss: 0.640625 | val loss: 0.605194
22:58:10 | INFO | Early Stopping @ epoch 10 (val loss did not improve for 5 epochs)
22:58:10 | INFO | Training done: 10 epochs, 0.33 sec
22:58:10 | INFO | Metrics: RMSE=506262419.5057  R2=-0.1680  sMAPE=152.13%
22:58:10 | INFO | [institutions  63/283] file=63
22:58:10 | INFO | Load file 63/institutions/agg_1_hour/n_bytes | 6718 points | missing 0.0% (1/6718)
22:58:10 | INFO | impute zeros: 1 values
22:58:10 | INFO | Sliding window: tw=24 pw=24 | samples=278
22:58:10 | INFO | Temporal split: train=194 val=41 test=43 | ratio 70/15/15
22:58:10 | INFO | Z-score: mean=175965071.2148 std=359800592.4978
22:58:10 | INFO | Preprocess done: institutions file=63 n_bytes=OK
22:58:10 | INFO | Epoch   1/100 | train loss: 0.852161 | val loss: 0.611605
22:58:10 | INFO | Epoch  10/100 | train loss: 0.642399 | val loss: 0.590800
22:58:10 | INFO | Early Stopping @ epoch 10 (val loss did not improve for 5 epochs)
22:58:10 | INFO | Training done: 10 epochs, 0.38 sec
22:58:10 | INFO | Metrics: RMSE=254415110.1136  R2=-0.2027  sMAPE=139.84%
22:58:10 | INFO | [institutions  64/283] file=64
22:58:10 | INFO | Load file 64/institutions/agg_1_hour/n_bytes | 6718 points | missing 0.0% (1/6718)
22:58:10 | INFO | impute zeros: 1 values
22:58:10 | INFO | Sliding window: tw=24 pw=24 | samples=278
22:58:10 | INFO | Temporal split: train=194 val=41 test=43 | ratio 70/15/15
22:58:10 | INFO | Z-score: mean=360597292.9268 std=534266421.9487
22:58:10 | INFO | Preprocess done: institutions file=64 n_bytes=OK
22:58:10 | INFO | Epoch   1/100 | train loss: 0.797438 | val loss: 0.503211
22:58:10 | INFO | Epoch  10/100 | train loss: 0.652180 | val loss: 0.456542
22:58:11 | INFO | Epoch  20/100 | train loss: 0.657800 | val loss: 0.439003
22:58:11 | INFO | Early Stopping @ epoch 21 (val loss did not improve for 5 epochs)
22:58:11 | INFO | Training done: 21 epochs, 0.71 sec
22:58:11 | INFO | Metrics: RMSE=390495624.0854  R2=0.3278  sMAPE=91.35%
22:58:11 | INFO | [institutions  65/283] file=65
22:58:11 | INFO | Load file 65/institutions/agg_1_hour/n_bytes | 6718 points | missing 0.0% (1/6718)
22:58:11 | INFO | impute zeros: 1 values
22:58:11 | INFO | Sliding window: tw=24 pw=24 | samples=278
22:58:11 | INFO | Temporal split: train=194 val=41 test=43 | ratio 70/15/15
22:58:11 | INFO | Z-score: mean=265565694.2631 std=520700434.3052
22:58:11 | INFO | Preprocess done: institutions file=65 n_bytes=OK
22:58:11 | INFO | Epoch   1/100 | train loss: 0.786355 | val loss: 0.835851
22:58:11 | INFO | Early Stopping @ epoch 9 (val loss did not improve for 5 epochs)
22:58:11 | INFO | Training done: 9 epochs, 0.29 sec
22:58:11 | INFO | Metrics: RMSE=519875762.3423  R2=-0.0592  sMAPE=132.89%
22:58:11 | INFO | [institutions  66/283] file=66
22:58:11 | INFO | Load file 66/institutions/agg_1_hour/n_bytes | 6718 points | missing 0.0% (1/6718)
22:58:11 | INFO | impute zeros: 1 values
22:58:11 | INFO | Sliding window: tw=24 pw=24 | samples=278
22:58:11 | INFO | Temporal split: train=194 val=41 test=43 | ratio 70/15/15
22:58:11 | INFO | Z-score: mean=615470340.2405 std=727239227.2895
22:58:11 | INFO | Preprocess done: institutions file=66 n_bytes=OK
22:58:11 | INFO | Epoch   1/100 | train loss: 0.879745 | val loss: 0.786140
22:58:12 | INFO | Epoch  10/100 | train loss: 0.774992 | val loss: 0.674868
22:58:12 | INFO | Early Stopping @ epoch 12 (val loss did not improve for 5 epochs)
22:58:12 | INFO | Training done: 12 epochs, 0.43 sec
22:58:12 | INFO | Metrics: RMSE=705996439.0949  R2=0.1648  sMAPE=64.91%
22:58:12 | INFO | [institutions  67/283] file=67
22:58:12 | INFO | Load file 67/institutions/agg_1_hour/n_bytes | 6718 points | missing 0.0% (1/6718)
22:58:12 | INFO | impute zeros: 1 values
22:58:12 | INFO | Sliding window: tw=24 pw=24 | samples=278
22:58:12 | INFO | Temporal split: train=194 val=41 test=43 | ratio 70/15/15
22:58:12 | INFO | Z-score: mean=4829518065.9014 std=3821238342.7142
22:58:12 | INFO | Preprocess done: institutions file=67 n_bytes=OK
22:58:12 | INFO | Epoch   1/100 | train loss: 0.734747 | val loss: 0.635356
22:58:12 | INFO | Epoch  10/100 | train loss: 0.522484 | val loss: 0.521151
22:58:12 | INFO | Early Stopping @ epoch 18 (val loss did not improve for 5 epochs)
22:58:12 | INFO | Training done: 18 epochs, 0.66 sec
22:58:12 | INFO | Metrics: RMSE=2130053160.7857  R2=-0.1843  sMAPE=61.67%
22:58:12 | INFO | [institutions  68/283] file=68
22:58:12 | INFO | Load file 68/institutions/agg_1_hour/n_bytes | 6718 points | missing 0.0% (1/6718)
22:58:12 | INFO | impute zeros: 1 values
22:58:12 | INFO | Sliding window: tw=24 pw=24 | samples=278
22:58:12 | INFO | Temporal split: train=194 val=41 test=43 | ratio 70/15/15
22:58:12 | INFO | Z-score: mean=12498650678.8555 std=7367760942.0169
22:58:12 | INFO | Preprocess done: institutions file=68 n_bytes=OK
22:58:12 | INFO | Epoch   1/100 | train loss: 0.646506 | val loss: 0.592485
22:58:13 | INFO | Epoch  10/100 | train loss: 0.435865 | val loss: 0.457845
22:58:13 | INFO | Epoch  20/100 | train loss: 0.397371 | val loss: 0.383821
22:58:13 | INFO | Early Stopping @ epoch 22 (val loss did not improve for 5 epochs)
22:58:13 | INFO | Training done: 22 epochs, 0.81 sec
22:58:13 | INFO | Metrics: RMSE=3768966470.9801  R2=0.1940  sMAPE=38.93%
22:58:13 | INFO | [institutions  69/283] file=69
22:58:13 | INFO | Load file 69/institutions/agg_1_hour/n_bytes | 6718 points | missing 0.0% (1/6718)
22:58:13 | INFO | impute zeros: 1 values
22:58:13 | INFO | Sliding window: tw=24 pw=24 | samples=278
22:58:13 | INFO | Temporal split: train=194 val=41 test=43 | ratio 70/15/15
22:58:13 | INFO | Z-score: mean=1075231868.8681 std=1219170982.3450
22:58:13 | INFO | Preprocess done: institutions file=69 n_bytes=OK
22:58:13 | INFO | Epoch   1/100 | train loss: 0.842805 | val loss: 0.974839
22:58:13 | INFO | Epoch  10/100 | train loss: 0.559408 | val loss: 0.821371
22:58:14 | INFO | Early Stopping @ epoch 14 (val loss did not improve for 5 epochs)
22:58:14 | INFO | Training done: 14 epochs, 0.46 sec
22:58:14 | INFO | Metrics: RMSE=851405305.8913  R2=0.3267  sMAPE=63.00%
22:58:14 | INFO | [institutions  70/283] file=70
22:58:14 | INFO | Load file 70/institutions/agg_1_hour/n_bytes | 6718 points | missing 0.0% (1/6718)
22:58:14 | INFO | impute zeros: 1 values
22:58:14 | INFO | Sliding window: tw=24 pw=24 | samples=278
22:58:14 | INFO | Temporal split: train=194 val=41 test=43 | ratio 70/15/15
22:58:14 | INFO | Z-score: mean=391589944.5692 std=781734400.0860
22:58:14 | INFO | Preprocess done: institutions file=70 n_bytes=OK
22:58:14 | INFO | Epoch   1/100 | train loss: 0.748488 | val loss: 0.708462
22:58:14 | INFO | Early Stopping @ epoch 6 (val loss did not improve for 5 epochs)
22:58:14 | INFO | Training done: 6 epochs, 0.21 sec
22:58:14 | INFO | Metrics: RMSE=655666125.0890  R2=-0.0458  sMAPE=120.78%
22:58:14 | INFO | [institutions  71/283] file=71
22:58:14 | INFO | Load file 71/institutions/agg_1_hour/n_bytes | 6718 points | missing 0.0% (1/6718)
22:58:14 | INFO | impute zeros: 1 values
22:58:14 | INFO | Sliding window: tw=24 pw=24 | samples=278
22:58:14 | INFO | Temporal split: train=194 val=41 test=43 | ratio 70/15/15
22:58:14 | INFO | Z-score: mean=113095794.7695 std=176340764.3507
22:58:14 | INFO | Preprocess done: institutions file=71 n_bytes=OK
22:58:14 | INFO | Epoch   1/100 | train loss: 0.863973 | val loss: 0.980011
22:58:14 | INFO | Epoch  10/100 | train loss: 0.658617 | val loss: 0.874180
22:58:14 | INFO | Early Stopping @ epoch 10 (val loss did not improve for 5 epochs)
22:58:14 | INFO | Training done: 10 epochs, 0.35 sec
22:58:14 | INFO | Metrics: RMSE=124211484.9432  R2=0.2510  sMAPE=120.40%
22:58:14 | INFO | [institutions  72/283] file=72
22:58:14 | INFO | Load file 72/institutions/agg_1_hour/n_bytes | 6718 points | missing 0.3% (19/6718)
22:58:14 | INFO | impute zeros: 19 values
22:58:14 | INFO | Sliding window: tw=24 pw=24 | samples=278
22:58:14 | INFO | Temporal split: train=194 val=41 test=43 | ratio 70/15/15
22:58:14 | INFO | Z-score: mean=46220881.0853 std=109828192.0302
22:58:14 | INFO | Preprocess done: institutions file=72 n_bytes=OK
22:58:14 | INFO | Epoch   1/100 | train loss: 0.814198 | val loss: 0.848295
22:58:14 | INFO | Early Stopping @ epoch 6 (val loss did not improve for 5 epochs)
22:58:14 | INFO | Training done: 6 epochs, 0.20 sec
22:58:14 | INFO | Metrics: RMSE=73649683.5499  R2=-0.0280  sMAPE=165.86%
22:58:14 | INFO | [institutions  73/283] file=73
22:58:14 | INFO | Load file 73/institutions/agg_1_hour/n_bytes | 6718 points | missing 0.0% (1/6718)
22:58:14 | INFO | impute zeros: 1 values
22:58:14 | INFO | Sliding window: tw=24 pw=24 | samples=278
22:58:14 | INFO | Temporal split: train=194 val=41 test=43 | ratio 70/15/15
22:58:14 | INFO | Z-score: mean=291354438.9238 std=665548497.6533
22:58:14 | INFO | Preprocess done: institutions file=73 n_bytes=OK
22:58:15 | INFO | Epoch   1/100 | train loss: 0.876873 | val loss: 0.485085
22:58:15 | INFO | Early Stopping @ epoch 7 (val loss did not improve for 5 epochs)
22:58:15 | INFO | Training done: 7 epochs, 0.27 sec
22:58:15 | INFO | Metrics: RMSE=627428257.7081  R2=-0.0297  sMAPE=125.30%
22:58:15 | INFO | [institutions  74/283] file=74
22:58:15 | INFO | Load file 74/institutions/agg_1_hour/n_bytes | 6718 points | missing 0.0% (1/6718)
22:58:15 | INFO | impute zeros: 1 values
22:58:15 | INFO | Sliding window: tw=24 pw=24 | samples=278
22:58:15 | INFO | Temporal split: train=194 val=41 test=43 | ratio 70/15/15
22:58:15 | INFO | Z-score: mean=3902425653.4061 std=3248723523.4245
22:58:15 | INFO | Preprocess done: institutions file=74 n_bytes=OK
22:58:15 | INFO | Epoch   1/100 | train loss: 0.773072 | val loss: 0.607014
22:58:15 | INFO | Epoch  10/100 | train loss: 0.442906 | val loss: 0.501947
22:58:15 | INFO | Early Stopping @ epoch 12 (val loss did not improve for 5 epochs)
22:58:15 | INFO | Training done: 12 epochs, 0.43 sec
22:58:15 | INFO | Metrics: RMSE=1824992143.4180  R2=0.2184  sMAPE=52.90%
22:58:15 | INFO | [institutions  75/283] file=75
22:58:15 | INFO | Load file 75/institutions/agg_1_hour/n_bytes | 6718 points | missing 0.0% (1/6718)
22:58:15 | INFO | impute zeros: 1 values
22:58:15 | INFO | Sliding window: tw=24 pw=24 | samples=278
22:58:15 | INFO | Temporal split: train=194 val=41 test=43 | ratio 70/15/15
22:58:15 | INFO | Z-score: mean=4293946961.0518 std=2780984779.5859
22:58:15 | INFO | Preprocess done: institutions file=75 n_bytes=OK
22:58:15 | INFO | Epoch   1/100 | train loss: 0.953733 | val loss: 1.202973
22:58:15 | INFO | Early Stopping @ epoch 7 (val loss did not improve for 5 epochs)
22:58:15 | INFO | Training done: 7 epochs, 0.21 sec
22:58:15 | INFO | Metrics: RMSE=2164181885.4033  R2=-0.6667  sMAPE=59.73%
22:58:15 | INFO | [institutions  76/283] file=76
22:58:15 | INFO | Load file 76/institutions/agg_1_hour/n_bytes | 6718 points | missing 0.0% (1/6718)
22:58:15 | INFO | impute zeros: 1 values
22:58:15 | INFO | Sliding window: tw=24 pw=24 | samples=278
22:58:15 | INFO | Temporal split: train=194 val=41 test=43 | ratio 70/15/15
22:58:15 | INFO | Z-score: mean=210116427.4175 std=496375584.1347
22:58:15 | INFO | Preprocess done: institutions file=76 n_bytes=OK
22:58:16 | INFO | Epoch   1/100 | train loss: 0.869001 | val loss: 0.696258
22:58:16 | INFO | Epoch  10/100 | train loss: 0.674060 | val loss: 0.682688
22:58:16 | INFO | Epoch  20/100 | train loss: 0.641549 | val loss: 0.634145
22:58:16 | INFO | Early Stopping @ epoch 27 (val loss did not improve for 5 epochs)
22:58:16 | INFO | Training done: 27 epochs, 0.92 sec
22:58:16 | INFO | Metrics: RMSE=285050693.6715  R2=0.1280  sMAPE=108.67%
22:58:16 | INFO | [institutions  77/283] file=77
22:58:16 | INFO | Load file 77/institutions/agg_1_hour/n_bytes | 6718 points | missing 0.0% (1/6718)
22:58:16 | INFO | impute zeros: 1 values
22:58:16 | INFO | Sliding window: tw=24 pw=24 | samples=278
22:58:16 | INFO | Temporal split: train=194 val=41 test=43 | ratio 70/15/15
22:58:16 | INFO | Z-score: mean=217266564.0341 std=297036975.1674
22:58:16 | INFO | Preprocess done: institutions file=77 n_bytes=OK
22:58:16 | INFO | Epoch   1/100 | train loss: 0.962166 | val loss: 0.441710
22:58:17 | INFO | Epoch  10/100 | train loss: 0.915692 | val loss: 0.423138
22:58:17 | INFO | Early Stopping @ epoch 13 (val loss did not improve for 5 epochs)
22:58:17 | INFO | Training done: 13 epochs, 0.44 sec
22:58:17 | INFO | Metrics: RMSE=321767525.8116  R2=0.0091  sMAPE=74.48%
22:58:17 | INFO | [institutions  78/283] file=78
22:58:17 | INFO | Load file 78/institutions/agg_1_hour/n_bytes | 6718 points | missing 0.0% (1/6718)
22:58:17 | INFO | impute zeros: 1 values
22:58:17 | INFO | Sliding window: tw=24 pw=24 | samples=278
22:58:17 | INFO | Temporal split: train=194 val=41 test=43 | ratio 70/15/15
22:58:17 | INFO | Z-score: mean=2273422052.0348 std=2472497352.4930
22:58:17 | INFO | Preprocess done: institutions file=78 n_bytes=OK
22:58:17 | INFO | Epoch   1/100 | train loss: 0.948017 | val loss: 0.616014
22:58:17 | INFO | Epoch  10/100 | train loss: 0.865971 | val loss: 0.612367
22:58:17 | INFO | Early Stopping @ epoch 11 (val loss did not improve for 5 epochs)
22:58:17 | INFO | Training done: 11 epochs, 0.41 sec
22:58:17 | INFO | Metrics: RMSE=1806763620.7214  R2=0.1353  sMAPE=72.16%
22:58:17 | INFO | [institutions  79/283] file=79
22:58:17 | INFO | Load file 79/institutions/agg_1_hour/n_bytes | 6718 points | missing 0.0% (1/6718)
22:58:17 | INFO | impute zeros: 1 values
22:58:17 | INFO | Sliding window: tw=24 pw=24 | samples=278
22:58:17 | INFO | Temporal split: train=194 val=41 test=43 | ratio 70/15/15
22:58:17 | INFO | Z-score: mean=347749258.9317 std=427688332.8652
22:58:17 | INFO | Preprocess done: institutions file=79 n_bytes=OK
22:58:17 | INFO | Epoch   1/100 | train loss: 0.970848 | val loss: 0.509718
22:58:18 | INFO | Epoch  10/100 | train loss: 0.813461 | val loss: 0.472737
22:58:18 | INFO | Early Stopping @ epoch 12 (val loss did not improve for 5 epochs)
22:58:18 | INFO | Training done: 12 epochs, 0.45 sec
22:58:18 | INFO | Metrics: RMSE=312734393.6138  R2=0.1769  sMAPE=65.73%
22:58:18 | INFO | [institutions  80/283] file=80
22:58:18 | INFO | Load file 80/institutions/agg_1_hour/n_bytes | 6718 points | missing 0.0% (1/6718)
22:58:18 | INFO | impute zeros: 1 values
22:58:18 | INFO | Sliding window: tw=24 pw=24 | samples=278
22:58:18 | INFO | Temporal split: train=194 val=41 test=43 | ratio 70/15/15
22:58:18 | INFO | Z-score: mean=5623273440.2687 std=3007205396.1679
22:58:18 | INFO | Preprocess done: institutions file=80 n_bytes=OK
22:58:18 | INFO | Epoch   1/100 | train loss: 0.679887 | val loss: 1.100532
22:58:18 | INFO | Epoch  10/100 | train loss: 0.474829 | val loss: 0.746383
22:58:18 | INFO | Early Stopping @ epoch 15 (val loss did not improve for 5 epochs)
22:58:18 | INFO | Training done: 15 epochs, 0.58 sec
22:58:18 | INFO | Metrics: RMSE=2189102671.1875  R2=0.5265  sMAPE=26.94%
22:58:18 | INFO | [institutions  81/283] file=81
22:58:18 | INFO | Load file 81/institutions/agg_1_hour/n_bytes | 6718 points | missing 0.0% (1/6718)
22:58:18 | INFO | impute zeros: 1 values
22:58:18 | INFO | Sliding window: tw=24 pw=24 | samples=278
22:58:18 | INFO | Temporal split: train=194 val=41 test=43 | ratio 70/15/15
22:58:18 | INFO | Z-score: mean=156017997.4590 std=245845210.6873
22:58:18 | INFO | Preprocess done: institutions file=81 n_bytes=OK
22:58:18 | INFO | Epoch   1/100 | train loss: 0.953851 | val loss: 0.283350
22:58:19 | INFO | Early Stopping @ epoch 7 (val loss did not improve for 5 epochs)
22:58:19 | INFO | Training done: 7 epochs, 0.30 sec
22:58:19 | INFO | Metrics: RMSE=306018276.1842  R2=-0.4481  sMAPE=63.09%
22:58:19 | INFO | [institutions  82/283] file=82
22:58:19 | INFO | Load file 82/institutions/agg_1_hour/n_bytes | 6718 points | missing 0.0% (2/6718)
22:58:19 | INFO | impute zeros: 2 values
22:58:19 | INFO | Sliding window: tw=24 pw=24 | samples=278
22:58:19 | INFO | Temporal split: train=194 val=41 test=43 | ratio 70/15/15
22:58:19 | INFO | Z-score: mean=59565577.1263 std=132818006.7068
22:58:19 | INFO | Preprocess done: institutions file=82 n_bytes=OK
22:58:19 | INFO | Epoch   1/100 | train loss: 0.911403 | val loss: 0.410363
22:58:19 | INFO | Early Stopping @ epoch 7 (val loss did not improve for 5 epochs)
22:58:19 | INFO | Training done: 7 epochs, 0.28 sec
22:58:19 | INFO | Metrics: RMSE=104073722.4094  R2=0.1155  sMAPE=112.31%
22:58:19 | INFO | [institutions  83/283] file=83
22:58:19 | INFO | Load file 83/institutions/agg_1_hour/n_bytes | 6718 points | missing 0.0% (1/6718)
22:58:19 | INFO | impute zeros: 1 values
22:58:19 | INFO | Sliding window: tw=24 pw=24 | samples=278
22:58:19 | INFO | Temporal split: train=194 val=41 test=43 | ratio 70/15/15
22:58:19 | INFO | Z-score: mean=643926459.5655 std=765789446.3172
22:58:19 | INFO | Preprocess done: institutions file=83 n_bytes=OK
22:58:19 | INFO | Epoch   1/100 | train loss: 0.991247 | val loss: 0.642510
22:58:19 | INFO | Early Stopping @ epoch 6 (val loss did not improve for 5 epochs)
22:58:19 | INFO | Training done: 6 epochs, 0.24 sec
22:58:19 | INFO | Metrics: RMSE=551366053.2524  R2=-0.0546  sMAPE=98.82%
22:58:19 | INFO | [institutions  84/283] file=84
22:58:19 | INFO | Load file 84/institutions/agg_1_hour/n_bytes | 6718 points | missing 0.0% (2/6718)
22:58:19 | INFO | impute zeros: 2 values
22:58:19 | INFO | Sliding window: tw=24 pw=24 | samples=278
22:58:19 | INFO | Temporal split: train=194 val=41 test=43 | ratio 70/15/15
22:58:19 | INFO | Z-score: mean=253809389.6173 std=213175718.3172
22:58:19 | INFO | Preprocess done: institutions file=84 n_bytes=OK
22:58:19 | INFO | Epoch   1/100 | train loss: 0.982717 | val loss: 1.785813
22:58:20 | INFO | Early Stopping @ epoch 7 (val loss did not improve for 5 epochs)
22:58:20 | INFO | Training done: 7 epochs, 0.27 sec
22:58:20 | INFO | Metrics: RMSE=253343186.4366  R2=-0.0009  sMAPE=56.31%
22:58:20 | INFO | [institutions  85/283] file=85
22:58:20 | INFO | Load file 85/institutions/agg_1_hour/n_bytes | 6718 points | missing 0.3% (17/6718)
22:58:20 | INFO | impute zeros: 17 values
22:58:20 | INFO | Sliding window: tw=24 pw=24 | samples=278
22:58:20 | INFO | Temporal split: train=194 val=41 test=43 | ratio 70/15/15
22:58:20 | INFO | Z-score: mean=105999506.6426 std=181696871.9919
22:58:20 | INFO | Preprocess done: institutions file=85 n_bytes=OK
22:58:20 | INFO | Epoch   1/100 | train loss: 0.902102 | val loss: 5.079191
22:58:20 | INFO | Epoch  10/100 | train loss: 0.787069 | val loss: 5.050852
22:58:20 | INFO | Early Stopping @ epoch 10 (val loss did not improve for 5 epochs)
22:58:20 | INFO | Training done: 10 epochs, 0.39 sec
22:58:20 | INFO | Metrics: RMSE=151663861.0586  R2=0.2088  sMAPE=73.73%
22:58:20 | INFO | [institutions  86/283] file=86
22:58:20 | INFO | Load file 86/institutions/agg_1_hour/n_bytes | 6718 points | missing 0.1% (5/6718)
22:58:20 | INFO | impute zeros: 5 values
22:58:20 | INFO | Sliding window: tw=24 pw=24 | samples=278
22:58:20 | INFO | Temporal split: train=194 val=41 test=43 | ratio 70/15/15
22:58:20 | INFO | Z-score: mean=831063774.2322 std=1035326121.2499
22:58:20 | INFO | Preprocess done: institutions file=86 n_bytes=OK
22:58:20 | INFO | Epoch   1/100 | train loss: 0.840465 | val loss: 0.671648
22:58:20 | INFO | Epoch  10/100 | train loss: 0.710465 | val loss: 0.648922
22:58:21 | INFO | Early Stopping @ epoch 12 (val loss did not improve for 5 epochs)
22:58:21 | INFO | Training done: 12 epochs, 0.47 sec
22:58:21 | INFO | Metrics: RMSE=747308496.1406  R2=0.1288  sMAPE=75.74%
22:58:21 | INFO | [institutions  87/283] file=87
22:58:21 | INFO | Load file 87/institutions/agg_1_hour/n_bytes | 6718 points | missing 0.0% (1/6718)
22:58:21 | INFO | impute zeros: 1 values
22:58:21 | INFO | Sliding window: tw=24 pw=24 | samples=278
22:58:21 | INFO | Temporal split: train=194 val=41 test=43 | ratio 70/15/15
22:58:21 | INFO | Z-score: mean=1036351560.2002 std=1875272996.5485
22:58:21 | INFO | Preprocess done: institutions file=87 n_bytes=OK
22:58:21 | INFO | Epoch   1/100 | train loss: 0.895667 | val loss: 0.533752
22:58:21 | INFO | Early Stopping @ epoch 6 (val loss did not improve for 5 epochs)
22:58:21 | INFO | Training done: 6 epochs, 0.19 sec
22:58:21 | INFO | Metrics: RMSE=1090266858.9023  R2=-0.0914  sMAPE=81.82%
22:58:21 | INFO | [institutions  88/283] file=88
22:58:21 | INFO | Load file 88/institutions/agg_1_hour/n_bytes | 6718 points | missing 0.0% (1/6718)
22:58:21 | INFO | impute zeros: 1 values
22:58:21 | INFO | Sliding window: tw=24 pw=24 | samples=278
22:58:21 | INFO | Temporal split: train=194 val=41 test=43 | ratio 70/15/15
22:58:21 | INFO | Z-score: mean=650656954.3035 std=784712767.0915
22:58:21 | INFO | Preprocess done: institutions file=88 n_bytes=OK
22:58:21 | INFO | Epoch   1/100 | train loss: 0.694635 | val loss: 0.716422
22:58:21 | INFO | Early Stopping @ epoch 9 (val loss did not improve for 5 epochs)
22:58:21 | INFO | Training done: 9 epochs, 0.42 sec
22:58:21 | INFO | Metrics: RMSE=437397369.8260  R2=0.3990  sMAPE=109.62%
22:58:21 | INFO | [institutions  89/283] file=89
22:58:21 | INFO | Load file 89/institutions/agg_1_hour/n_bytes | 6718 points | missing 0.1% (10/6718)
22:58:21 | INFO | impute zeros: 10 values
22:58:21 | INFO | Sliding window: tw=24 pw=24 | samples=278
22:58:21 | INFO | Temporal split: train=194 val=41 test=43 | ratio 70/15/15
22:58:21 | INFO | Z-score: mean=1135894362.9165 std=1924127161.3361
22:58:21 | INFO | Preprocess done: institutions file=89 n_bytes=OK
22:58:21 | INFO | Epoch   1/100 | train loss: 1.004372 | val loss: 1.414591
22:58:22 | INFO | Epoch  10/100 | train loss: 0.908267 | val loss: 1.427255
22:58:22 | INFO | Epoch  20/100 | train loss: 0.679639 | val loss: 1.341068
22:58:22 | INFO | Early Stopping @ epoch 22 (val loss did not improve for 5 epochs)
22:58:22 | INFO | Training done: 22 epochs, 0.78 sec
22:58:22 | INFO | Metrics: RMSE=1947366903.7589  R2=0.0206  sMAPE=83.43%
22:58:22 | INFO | [institutions  90/283] file=90
22:58:22 | INFO | Load file 90/institutions/agg_1_hour/n_bytes | 6718 points | missing 0.0% (1/6718)
22:58:22 | INFO | impute zeros: 1 values
22:58:22 | INFO | Sliding window: tw=24 pw=24 | samples=278
22:58:22 | INFO | Temporal split: train=194 val=41 test=43 | ratio 70/15/15
22:58:22 | INFO | Z-score: mean=2191577031.4508 std=1870227455.9104
22:58:22 | INFO | Preprocess done: institutions file=90 n_bytes=OK
22:58:22 | INFO | Epoch   1/100 | train loss: 0.887520 | val loss: 0.925341
22:58:22 | INFO | Epoch  10/100 | train loss: 0.667914 | val loss: 0.748674
22:58:23 | INFO | Early Stopping @ epoch 15 (val loss did not improve for 5 epochs)
22:58:23 | INFO | Training done: 15 epochs, 0.49 sec
22:58:23 | INFO | Metrics: RMSE=1152383612.6859  R2=0.0960  sMAPE=60.34%
22:58:23 | INFO | [institutions  91/283] file=91
22:58:23 | INFO | Load file 91/institutions/agg_1_hour/n_bytes | 6718 points | missing 0.0% (1/6718)
22:58:23 | INFO | impute zeros: 1 values
22:58:23 | INFO | Sliding window: tw=24 pw=24 | samples=278
22:58:23 | INFO | Temporal split: train=194 val=41 test=43 | ratio 70/15/15
22:58:23 | INFO | Z-score: mean=212241461.4970 std=579084034.6973
22:58:23 | INFO | Preprocess done: institutions file=91 n_bytes=OK
22:58:23 | INFO | Epoch   1/100 | train loss: 0.906291 | val loss: 0.985904
22:58:23 | INFO | Epoch  10/100 | train loss: 0.815495 | val loss: 0.968205
22:58:23 | INFO | Early Stopping @ epoch 11 (val loss did not improve for 5 epochs)
22:58:23 | INFO | Training done: 11 epochs, 0.39 sec
22:58:23 | INFO | Metrics: RMSE=343297258.8317  R2=-0.2084  sMAPE=128.98%
22:58:23 | INFO | [institutions  92/283] file=92
22:58:23 | INFO | Load file 92/institutions/agg_1_hour/n_bytes | 6718 points | missing 0.0% (1/6718)
22:58:23 | INFO | impute zeros: 1 values
22:58:23 | INFO | Sliding window: tw=24 pw=24 | samples=278
22:58:23 | INFO | Temporal split: train=194 val=41 test=43 | ratio 70/15/15
22:58:23 | INFO | Z-score: mean=28533693.7268 std=148920987.6438
22:58:23 | INFO | Preprocess done: institutions file=92 n_bytes=OK
22:58:23 | INFO | Epoch   1/100 | train loss: 0.970358 | val loss: 0.154229
22:58:23 | INFO | Early Stopping @ epoch 6 (val loss did not improve for 5 epochs)
22:58:23 | INFO | Training done: 6 epochs, 0.20 sec
22:58:23 | INFO | Metrics: RMSE=77437979.0424  R2=0.1069  sMAPE=135.21%
22:58:23 | INFO | [institutions  93/283] file=93
22:58:23 | INFO | Load file 93/institutions/agg_1_hour/n_bytes | 6718 points | missing 0.0% (1/6718)
22:58:23 | INFO | impute zeros: 1 values
22:58:23 | INFO | Sliding window: tw=24 pw=24 | samples=278
22:58:23 | INFO | Temporal split: train=194 val=41 test=43 | ratio 70/15/15
22:58:23 | INFO | Z-score: mean=1018433380.2073 std=2019761905.7101
22:58:23 | INFO | Preprocess done: institutions file=93 n_bytes=OK
22:58:23 | INFO | Epoch   1/100 | train loss: 0.778575 | val loss: 0.624624
22:58:24 | INFO | Epoch  10/100 | train loss: 0.669218 | val loss: 0.576035
22:58:24 | INFO | Early Stopping @ epoch 12 (val loss did not improve for 5 epochs)
22:58:24 | INFO | Training done: 12 epochs, 0.56 sec
22:58:24 | INFO | Metrics: RMSE=1319764901.5858  R2=-0.1885  sMAPE=128.51%
22:58:24 | INFO | [institutions  94/283] file=94
22:58:24 | INFO | Load file 94/institutions/agg_1_hour/n_bytes | 6718 points | missing 0.0% (1/6718)
22:58:24 | INFO | impute zeros: 1 values
22:58:24 | INFO | Sliding window: tw=24 pw=24 | samples=278
22:58:24 | INFO | Temporal split: train=194 val=41 test=43 | ratio 70/15/15
22:58:24 | INFO | Z-score: mean=2156850638.6460 std=1889881747.2201
22:58:24 | INFO | Preprocess done: institutions file=94 n_bytes=OK
22:58:24 | INFO | Epoch   1/100 | train loss: 0.815635 | val loss: 0.669829
22:58:24 | INFO | Epoch  10/100 | train loss: 0.587018 | val loss: 0.581837
22:58:25 | INFO | Epoch  20/100 | train loss: 0.584650 | val loss: 0.521331
22:58:25 | INFO | Early Stopping @ epoch 24 (val loss did not improve for 5 epochs)
22:58:25 | INFO | Training done: 24 epochs, 1.05 sec
22:58:25 | INFO | Metrics: RMSE=1137267809.2150  R2=0.2663  sMAPE=51.02%
22:58:25 | INFO | [institutions  95/283] file=95
22:58:25 | INFO | Load file 95/institutions/agg_1_hour/n_bytes | 6718 points | missing 0.0% (1/6718)
22:58:25 | INFO | impute zeros: 1 values
22:58:25 | INFO | Sliding window: tw=24 pw=24 | samples=278
22:58:25 | INFO | Temporal split: train=194 val=41 test=43 | ratio 70/15/15
22:58:25 | INFO | Z-score: mean=752905681.2657 std=898917451.5665
22:58:25 | INFO | Preprocess done: institutions file=95 n_bytes=OK
22:58:25 | INFO | Epoch   1/100 | train loss: 0.871076 | val loss: 0.951649
22:58:25 | INFO | Early Stopping @ epoch 8 (val loss did not improve for 5 epochs)
22:58:25 | INFO | Training done: 8 epochs, 0.28 sec
22:58:25 | INFO | Metrics: RMSE=629998068.6783  R2=0.2896  sMAPE=55.16%
22:58:25 | INFO | [institutions  96/283] file=96
22:58:25 | INFO | Load file 96/institutions/agg_1_hour/n_bytes | 6718 points | missing 0.0% (1/6718)
22:58:25 | INFO | impute zeros: 1 values
22:58:25 | INFO | Sliding window: tw=24 pw=24 | samples=278
22:58:25 | INFO | Temporal split: train=194 val=41 test=43 | ratio 70/15/15
22:58:25 | INFO | Z-score: mean=200518183.0808 std=334316182.6289
22:58:25 | INFO | Preprocess done: institutions file=96 n_bytes=OK
22:58:25 | INFO | Epoch   1/100 | train loss: 0.815122 | val loss: 1.293419
22:58:25 | INFO | Epoch  10/100 | train loss: 0.680133 | val loss: 1.335861
22:58:25 | INFO | Early Stopping @ epoch 10 (val loss did not improve for 5 epochs)
22:58:25 | INFO | Training done: 10 epochs, 0.31 sec
22:58:25 | INFO | Metrics: RMSE=272503035.9024  R2=0.0859  sMAPE=83.60%
22:58:26 | INFO | [institutions  97/283] file=97
22:58:26 | INFO | Load file 97/institutions/agg_1_hour/n_bytes | 6718 points | missing 0.0% (1/6718)
22:58:26 | INFO | impute zeros: 1 values
22:58:26 | INFO | Sliding window: tw=24 pw=24 | samples=278
22:58:26 | INFO | Temporal split: train=194 val=41 test=43 | ratio 70/15/15
22:58:26 | INFO | Z-score: mean=1843879455.9826 std=2034607353.6920
22:58:26 | INFO | Preprocess done: institutions file=97 n_bytes=OK
22:58:26 | INFO | Epoch   1/100 | train loss: 0.891136 | val loss: 2.650067
22:58:26 | INFO | Early Stopping @ epoch 8 (val loss did not improve for 5 epochs)
22:58:26 | INFO | Training done: 8 epochs, 0.25 sec
22:58:26 | INFO | Metrics: RMSE=2431947212.1798  R2=-0.0005  sMAPE=61.01%
22:58:26 | INFO | [institutions  98/283] file=98
22:58:26 | INFO | Load file 98/institutions/agg_1_hour/n_bytes | 6718 points | missing 0.0% (2/6718)
22:58:26 | INFO | impute zeros: 2 values
22:58:26 | INFO | Sliding window: tw=24 pw=24 | samples=278
22:58:26 | INFO | Temporal split: train=194 val=41 test=43 | ratio 70/15/15
22:58:26 | INFO | Z-score: mean=1140362268.9890 std=1247342381.7199
22:58:26 | INFO | Preprocess done: institutions file=98 n_bytes=OK
22:58:26 | INFO | Epoch   1/100 | train loss: 0.870272 | val loss: 0.498880
22:58:26 | INFO | Epoch  10/100 | train loss: 0.631099 | val loss: 0.388442
22:58:26 | INFO | Early Stopping @ epoch 16 (val loss did not improve for 5 epochs)
22:58:26 | INFO | Training done: 16 epochs, 0.61 sec
22:58:26 | INFO | Metrics: RMSE=568430518.7381  R2=-0.0673  sMAPE=71.09%
22:58:26 | INFO | [institutions  99/283] file=99
22:58:26 | INFO | Load file 99/institutions/agg_1_hour/n_bytes | 6718 points | missing 0.0% (1/6718)
22:58:26 | INFO | impute zeros: 1 values
22:58:26 | INFO | Sliding window: tw=24 pw=24 | samples=278
22:58:26 | INFO | Temporal split: train=194 val=41 test=43 | ratio 70/15/15
22:58:26 | INFO | Z-score: mean=161322710.9981 std=400377208.3035
22:58:26 | INFO | Preprocess done: institutions file=99 n_bytes=OK
22:58:26 | INFO | Epoch   1/100 | train loss: 0.894205 | val loss: 0.695744
22:58:27 | INFO | Early Stopping @ epoch 6 (val loss did not improve for 5 epochs)
22:58:27 | INFO | Training done: 6 epochs, 0.21 sec
22:58:27 | INFO | Metrics: RMSE=303800082.2043  R2=-0.0541  sMAPE=149.33%
22:58:27 | INFO | [institutions 100/283] file=100
22:58:27 | INFO | Load file 100/institutions/agg_1_hour/n_bytes | 6718 points | missing 0.0% (1/6718)
22:58:27 | INFO | impute zeros: 1 values
22:58:27 | INFO | Sliding window: tw=24 pw=24 | samples=278
22:58:27 | INFO | Temporal split: train=194 val=41 test=43 | ratio 70/15/15
22:58:27 | INFO | Z-score: mean=235958560.9203 std=364672258.5595
22:58:27 | INFO | Preprocess done: institutions file=100 n_bytes=OK
22:58:27 | INFO | Epoch   1/100 | train loss: 0.831751 | val loss: 0.615051
22:58:27 | INFO | Epoch  10/100 | train loss: 0.684744 | val loss: 0.493490
22:58:27 | INFO | Early Stopping @ epoch 16 (val loss did not improve for 5 epochs)
22:58:27 | INFO | Training done: 16 epochs, 0.46 sec
22:58:27 | INFO | Metrics: RMSE=330857134.5907  R2=0.2453  sMAPE=89.37%
22:58:27 | INFO | [institutions 101/283] file=101
22:58:27 | INFO | Load file 101/institutions/agg_1_hour/n_bytes | 6718 points | missing 0.0% (1/6718)
22:58:27 | INFO | impute zeros: 1 values
22:58:27 | INFO | Sliding window: tw=24 pw=24 | samples=278
22:58:27 | INFO | Temporal split: train=194 val=41 test=43 | ratio 70/15/15
22:58:27 | INFO | Z-score: mean=2258412762.7225 std=2490667803.6718
22:58:27 | INFO | Preprocess done: institutions file=101 n_bytes=OK
22:58:27 | INFO | Epoch   1/100 | train loss: 0.829017 | val loss: 0.822852
22:58:27 | INFO | Epoch  10/100 | train loss: 0.640913 | val loss: 0.729587
22:58:28 | INFO | Epoch  20/100 | train loss: 0.625051 | val loss: 0.753094
22:58:28 | INFO | Early Stopping @ epoch 23 (val loss did not improve for 5 epochs)
22:58:28 | INFO | Training done: 23 epochs, 0.69 sec
22:58:28 | INFO | Metrics: RMSE=1840987829.0638  R2=0.2719  sMAPE=79.16%
22:58:28 | INFO | [institutions 102/283] file=102
22:58:28 | INFO | Load file 102/institutions/agg_1_hour/n_bytes | 6718 points | missing 0.0% (1/6718)
22:58:28 | INFO | impute zeros: 1 values
22:58:28 | INFO | Sliding window: tw=24 pw=24 | samples=278
22:58:28 | INFO | Temporal split: train=194 val=41 test=43 | ratio 70/15/15
22:58:28 | INFO | Z-score: mean=100803397.3628 std=221217409.1805
22:58:28 | INFO | Preprocess done: institutions file=102 n_bytes=OK
22:58:28 | INFO | Epoch   1/100 | train loss: 0.901707 | val loss: 0.597866
22:58:28 | INFO | Early Stopping @ epoch 6 (val loss did not improve for 5 epochs)
22:58:28 | INFO | Training done: 6 epochs, 0.17 sec
22:58:28 | INFO | Metrics: RMSE=171477387.0309  R2=-0.1418  sMAPE=120.45%
22:58:28 | INFO | [institutions 103/283] file=103
22:58:28 | INFO | Load file 103/institutions/agg_1_hour/n_bytes | 6718 points | missing 0.0% (1/6718)
22:58:28 | INFO | impute zeros: 1 values
22:58:28 | INFO | Sliding window: tw=24 pw=24 | samples=278
22:58:28 | INFO | Temporal split: train=194 val=41 test=43 | ratio 70/15/15
22:58:28 | INFO | Z-score: mean=60693526.3144 std=97529550.9810
22:58:28 | INFO | Preprocess done: institutions file=103 n_bytes=OK
22:58:28 | INFO | Epoch   1/100 | train loss: 0.948177 | val loss: 1.292813
22:58:28 | INFO | Epoch  10/100 | train loss: 0.892483 | val loss: 1.082738
22:58:29 | INFO | Early Stopping @ epoch 16 (val loss did not improve for 5 epochs)
22:58:29 | INFO | Training done: 16 epochs, 0.47 sec
22:58:29 | INFO | Metrics: RMSE=61634295.0792  R2=-0.0659  sMAPE=67.63%
22:58:29 | INFO | [institutions 104/283] file=104
22:58:29 | INFO | Load file 104/institutions/agg_1_hour/n_bytes | 6718 points | missing 0.0% (1/6718)
22:58:29 | INFO | impute zeros: 1 values
22:58:29 | INFO | Sliding window: tw=24 pw=24 | samples=278
22:58:29 | INFO | Temporal split: train=194 val=41 test=43 | ratio 70/15/15
22:58:29 | INFO | Z-score: mean=1090703309.9895 std=1015476659.1298
22:58:29 | INFO | Preprocess done: institutions file=104 n_bytes=OK
22:58:29 | INFO | Epoch   1/100 | train loss: 0.843528 | val loss: 1.035790
22:58:29 | INFO | Early Stopping @ epoch 7 (val loss did not improve for 5 epochs)
22:58:29 | INFO | Training done: 7 epochs, 0.19 sec
22:58:29 | INFO | Metrics: RMSE=876064641.5619  R2=0.0732  sMAPE=64.38%
22:58:29 | INFO | [institutions 105/283] file=105
22:58:29 | INFO | Load file 105/institutions/agg_1_hour/n_bytes | 6718 points | missing 0.0% (1/6718)
22:58:29 | INFO | impute zeros: 1 values
22:58:29 | INFO | Sliding window: tw=24 pw=24 | samples=278
22:58:29 | INFO | Temporal split: train=194 val=41 test=43 | ratio 70/15/15
22:58:29 | INFO | Z-score: mean=2422714224.5659 std=2151438725.9043
22:58:29 | INFO | Preprocess done: institutions file=105 n_bytes=OK
22:58:29 | INFO | Epoch   1/100 | train loss: 0.870107 | val loss: 0.556928
22:58:29 | INFO | Epoch  10/100 | train loss: 0.701212 | val loss: 0.493588
22:58:29 | INFO | Epoch  20/100 | train loss: 0.636678 | val loss: 0.494822
22:58:29 | INFO | Early Stopping @ epoch 20 (val loss did not improve for 5 epochs)
22:58:29 | INFO | Training done: 20 epochs, 0.60 sec
22:58:29 | INFO | Metrics: RMSE=1126012952.2130  R2=-0.1122  sMAPE=63.78%
22:58:29 | INFO | [institutions 106/283] file=106
22:58:29 | INFO | Load file 106/institutions/agg_1_hour/n_bytes | 6718 points | missing 0.0% (1/6718)
22:58:29 | INFO | impute zeros: 1 values
22:58:29 | INFO | Sliding window: tw=24 pw=24 | samples=278
22:58:29 | INFO | Temporal split: train=194 val=41 test=43 | ratio 70/15/15
22:58:29 | INFO | Z-score: mean=2495229061.6901 std=1455370725.6245
22:58:29 | INFO | Preprocess done: institutions file=106 n_bytes=OK
22:58:29 | INFO | Epoch   1/100 | train loss: 0.815517 | val loss: 0.990170
22:58:30 | INFO | Epoch  10/100 | train loss: 0.687151 | val loss: 0.785395
22:58:30 | INFO | Epoch  20/100 | train loss: 0.592900 | val loss: 0.703079
22:58:30 | INFO | Early Stopping @ epoch 26 (val loss did not improve for 5 epochs)
22:58:30 | INFO | Training done: 26 epochs, 0.77 sec
22:58:30 | INFO | Metrics: RMSE=1075174271.5777  R2=0.3954  sMAPE=34.94%
22:58:30 | INFO | [institutions 107/283] file=107
22:58:30 | INFO | Load file 107/institutions/agg_1_hour/n_bytes | 6718 points | missing 0.0% (1/6718)
22:58:30 | INFO | impute zeros: 1 values
22:58:30 | INFO | Sliding window: tw=24 pw=24 | samples=278
22:58:30 | INFO | Temporal split: train=194 val=41 test=43 | ratio 70/15/15
22:58:30 | INFO | Z-score: mean=288536131.5565 std=601184144.9475
22:58:30 | INFO | Preprocess done: institutions file=107 n_bytes=OK
22:58:30 | INFO | Epoch   1/100 | train loss: 0.868705 | val loss: 0.467381
22:58:31 | INFO | Epoch  10/100 | train loss: 0.678926 | val loss: 0.469669
22:58:31 | INFO | Early Stopping @ epoch 18 (val loss did not improve for 5 epochs)
22:58:31 | INFO | Training done: 18 epochs, 0.52 sec
22:58:31 | INFO | Metrics: RMSE=407369498.8516  R2=-0.0854  sMAPE=147.21%
22:58:31 | INFO | [institutions 108/283] file=108
22:58:31 | INFO | Load file 108/institutions/agg_1_hour/n_bytes | 6718 points | missing 0.1% (4/6718)
22:58:31 | INFO | impute zeros: 4 values
22:58:31 | INFO | Sliding window: tw=24 pw=24 | samples=278
22:58:31 | INFO | Temporal split: train=194 val=41 test=43 | ratio 70/15/15
22:58:31 | INFO | Z-score: mean=4143302145.7356 std=1887768547.8532
22:58:31 | INFO | Preprocess done: institutions file=108 n_bytes=OK
22:58:31 | INFO | Epoch   1/100 | train loss: 0.761984 | val loss: 1.158206
22:58:31 | INFO | Epoch  10/100 | train loss: 0.508933 | val loss: 0.777403
22:58:31 | INFO | Epoch  20/100 | train loss: 0.474338 | val loss: 0.739727
22:58:31 | INFO | Early Stopping @ epoch 24 (val loss did not improve for 5 epochs)
22:58:31 | INFO | Training done: 24 epochs, 0.70 sec
22:58:31 | INFO | Metrics: RMSE=1563912480.6155  R2=0.5645  sMAPE=25.89%
22:58:31 | INFO | [institutions 109/283] file=109
22:58:31 | INFO | Load file 109/institutions/agg_1_hour/n_bytes | 6718 points | missing 0.0% (1/6718)
22:58:31 | INFO | impute zeros: 1 values
22:58:31 | INFO | Sliding window: tw=24 pw=24 | samples=278
22:58:31 | INFO | Temporal split: train=194 val=41 test=43 | ratio 70/15/15
22:58:31 | INFO | Z-score: mean=5149342707.0284 std=2756328898.8686
22:58:31 | INFO | Preprocess done: institutions file=109 n_bytes=OK
22:58:32 | INFO | Epoch   1/100 | train loss: 0.782946 | val loss: 0.976629
22:58:32 | INFO | Early Stopping @ epoch 7 (val loss did not improve for 5 epochs)
22:58:32 | INFO | Training done: 7 epochs, 0.19 sec
22:58:32 | INFO | Metrics: RMSE=2190997468.4787  R2=0.3222  sMAPE=37.13%
22:58:32 | INFO | [institutions 110/283] file=110
22:58:32 | INFO | Load file 110/institutions/agg_1_hour/n_bytes | 6718 points | missing 0.0% (1/6718)
22:58:32 | INFO | impute zeros: 1 values
22:58:32 | INFO | Sliding window: tw=24 pw=24 | samples=278
22:58:32 | INFO | Temporal split: train=194 val=41 test=43 | ratio 70/15/15
22:58:32 | INFO | Z-score: mean=418973316.8426 std=1205571320.6175
22:58:32 | INFO | Preprocess done: institutions file=110 n_bytes=OK
22:58:32 | INFO | Epoch   1/100 | train loss: 0.966507 | val loss: 0.206572
22:58:32 | INFO | Epoch  10/100 | train loss: 0.867358 | val loss: 0.179020
22:58:32 | INFO | Early Stopping @ epoch 14 (val loss did not improve for 5 epochs)
22:58:32 | INFO | Training done: 14 epochs, 0.40 sec
22:58:32 | INFO | Metrics: RMSE=551103867.1035  R2=0.0269  sMAPE=138.78%
22:58:32 | INFO | [institutions 111/283] file=111
22:58:32 | INFO | Load file 111/institutions/agg_1_hour/n_bytes | 6718 points | missing 0.1% (4/6718)
22:58:32 | INFO | impute zeros: 4 values
22:58:32 | INFO | Sliding window: tw=24 pw=24 | samples=278
22:58:32 | INFO | Temporal split: train=194 val=41 test=43 | ratio 70/15/15
22:58:32 | INFO | Z-score: mean=355609251.4852 std=438091268.4911
22:58:32 | INFO | Preprocess done: institutions file=111 n_bytes=OK
22:58:32 | INFO | Epoch   1/100 | train loss: 0.925278 | val loss: 1.520166
22:58:32 | INFO | Early Stopping @ epoch 6 (val loss did not improve for 5 epochs)
22:58:32 | INFO | Training done: 6 epochs, 0.17 sec
22:58:32 | INFO | Metrics: RMSE=317739356.9840  R2=0.0958  sMAPE=77.25%
22:58:32 | INFO | [institutions 112/283] file=112
22:58:32 | INFO | Load file 112/institutions/agg_1_hour/n_bytes | 6718 points | missing 0.0% (2/6718)
22:58:32 | INFO | impute zeros: 2 values
22:58:32 | INFO | Sliding window: tw=24 pw=24 | samples=278
22:58:32 | INFO | Temporal split: train=194 val=41 test=43 | ratio 70/15/15
22:58:32 | INFO | Z-score: mean=104856407.0309 std=197712639.7488
22:58:32 | INFO | Preprocess done: institutions file=112 n_bytes=OK
22:58:32 | INFO | Epoch   1/100 | train loss: 0.886989 | val loss: 0.538022
22:58:33 | INFO | Epoch  10/100 | train loss: 0.758520 | val loss: 0.494531
22:58:33 | INFO | Early Stopping @ epoch 12 (val loss did not improve for 5 epochs)
22:58:33 | INFO | Training done: 12 epochs, 0.33 sec
22:58:33 | INFO | Metrics: RMSE=123152559.0810  R2=0.2371  sMAPE=117.72%
22:58:33 | INFO | [institutions 113/283] file=113
22:58:33 | INFO | Load file 113/institutions/agg_1_hour/n_bytes | 6718 points | missing 0.0% (1/6718)
22:58:33 | INFO | impute zeros: 1 values
22:58:33 | INFO | Sliding window: tw=24 pw=24 | samples=278
22:58:33 | INFO | Temporal split: train=194 val=41 test=43 | ratio 70/15/15
22:58:33 | INFO | Z-score: mean=4010434773.6712 std=2333058017.3580
22:58:33 | INFO | Preprocess done: institutions file=113 n_bytes=OK
22:58:33 | INFO | Epoch   1/100 | train loss: 0.841008 | val loss: 1.285676
22:58:33 | INFO | Epoch  10/100 | train loss: 0.678253 | val loss: 1.089096
22:58:33 | INFO | Early Stopping @ epoch 11 (val loss did not improve for 5 epochs)
22:58:33 | INFO | Training done: 11 epochs, 0.33 sec
22:58:33 | INFO | Metrics: RMSE=1950399186.8012  R2=0.2789  sMAPE=37.93%
22:58:33 | INFO | [institutions 114/283] file=114
22:58:33 | INFO | Load file 114/institutions/agg_1_hour/n_bytes | 6718 points | missing 0.1% (9/6718)
22:58:33 | INFO | impute zeros: 9 values
22:58:33 | INFO | Sliding window: tw=24 pw=24 | samples=278
22:58:33 | INFO | Temporal split: train=194 val=41 test=43 | ratio 70/15/15
22:58:33 | INFO | Z-score: mean=439272640.0116 std=740246869.7347
22:58:33 | INFO | Preprocess done: institutions file=114 n_bytes=OK
22:58:33 | INFO | Epoch   1/100 | train loss: 0.891170 | val loss: 1.059027
22:58:33 | INFO | Epoch  10/100 | train loss: 0.641479 | val loss: 0.975560
22:58:34 | INFO | Early Stopping @ epoch 18 (val loss did not improve for 5 epochs)
22:58:34 | INFO | Training done: 18 epochs, 0.51 sec
22:58:34 | INFO | Metrics: RMSE=316699753.1385  R2=-0.0481  sMAPE=123.19%
22:58:34 | INFO | [institutions 115/283] file=115
22:58:34 | INFO | Load file 115/institutions/agg_1_hour/n_bytes | 6718 points | missing 0.0% (1/6718)
22:58:34 | INFO | impute zeros: 1 values
22:58:34 | INFO | Sliding window: tw=24 pw=24 | samples=278
22:58:34 | INFO | Temporal split: train=194 val=41 test=43 | ratio 70/15/15
22:58:34 | INFO | Z-score: mean=708592804.6596 std=1160998696.6990
22:58:34 | INFO | Preprocess done: institutions file=115 n_bytes=OK
22:58:34 | INFO | Epoch   1/100 | train loss: 0.885002 | val loss: 0.740255
22:58:34 | INFO | Epoch  10/100 | train loss: 0.663927 | val loss: 0.754097
22:58:34 | INFO | Epoch  20/100 | train loss: 0.589212 | val loss: 0.517586
22:58:34 | INFO | Epoch  30/100 | train loss: 0.555277 | val loss: 0.561971
22:58:35 | INFO | Early Stopping @ epoch 34 (val loss did not improve for 5 epochs)
22:58:35 | INFO | Training done: 34 epochs, 0.96 sec
22:58:35 | INFO | Metrics: RMSE=597069739.7508  R2=0.2730  sMAPE=135.72%
22:58:35 | INFO | [institutions 116/283] file=116
22:58:35 | INFO | Load file 116/institutions/agg_1_hour/n_bytes | 6718 points | missing 0.0% (1/6718)
22:58:35 | INFO | impute zeros: 1 values
22:58:35 | INFO | Sliding window: tw=24 pw=24 | samples=278
22:58:35 | INFO | Temporal split: train=194 val=41 test=43 | ratio 70/15/15
22:58:35 | INFO | Z-score: mean=586409493.9983 std=506936436.5056
22:58:35 | INFO | Preprocess done: institutions file=116 n_bytes=OK
22:58:35 | INFO | Epoch   1/100 | train loss: 0.912012 | val loss: 0.661580
22:58:35 | INFO | Epoch  10/100 | train loss: 0.823070 | val loss: 0.678595
22:58:35 | INFO | Early Stopping @ epoch 14 (val loss did not improve for 5 epochs)
22:58:35 | INFO | Training done: 14 epochs, 0.40 sec
22:58:35 | INFO | Metrics: RMSE=314546291.1865  R2=0.0860  sMAPE=47.90%
22:58:35 | INFO | [institutions 117/283] file=117
22:58:35 | INFO | Load file 117/institutions/agg_1_hour/n_bytes | 6718 points | missing 0.0% (1/6718)
22:58:35 | INFO | impute zeros: 1 values
22:58:35 | INFO | Sliding window: tw=24 pw=24 | samples=278
22:58:35 | INFO | Temporal split: train=194 val=41 test=43 | ratio 70/15/15
22:58:35 | INFO | Z-score: mean=189068371.7923 std=244400112.9691
22:58:35 | INFO | Preprocess done: institutions file=117 n_bytes=OK
22:58:35 | INFO | Epoch   1/100 | train loss: 0.960249 | val loss: 0.845441
22:58:35 | INFO | Early Stopping @ epoch 9 (val loss did not improve for 5 epochs)
22:58:35 | INFO | Training done: 9 epochs, 0.25 sec
22:58:35 | INFO | Metrics: RMSE=162135816.4749  R2=0.3434  sMAPE=106.62%
22:58:35 | INFO | [institutions 118/283] file=118
22:58:35 | INFO | Load file 118/institutions/agg_1_hour/n_bytes | 6718 points | missing 0.0% (1/6718)
22:58:35 | INFO | impute zeros: 1 values
22:58:35 | INFO | Sliding window: tw=24 pw=24 | samples=278
22:58:35 | INFO | Temporal split: train=194 val=41 test=43 | ratio 70/15/15
22:58:35 | INFO | Z-score: mean=24279264.7796 std=11208080.2999
22:58:35 | INFO | Preprocess done: institutions file=118 n_bytes=OK
22:58:35 | INFO | Epoch   1/100 | train loss: 0.943987 | val loss: 1.830645
22:58:36 | INFO | Epoch  10/100 | train loss: 0.775236 | val loss: 1.690658
22:58:36 | INFO | Early Stopping @ epoch 11 (val loss did not improve for 5 epochs)
22:58:36 | INFO | Training done: 11 epochs, 0.30 sec
22:58:36 | INFO | Metrics: RMSE=11402988.2751  R2=0.0154  sMAPE=49.74%
22:58:36 | INFO | [institutions 119/283] file=119
22:58:36 | INFO | Load file 119/institutions/agg_1_hour/n_bytes | 6718 points | missing 0.0% (1/6718)
22:58:36 | INFO | impute zeros: 1 values
22:58:36 | INFO | Sliding window: tw=24 pw=24 | samples=278
22:58:36 | INFO | Temporal split: train=194 val=41 test=43 | ratio 70/15/15
22:58:36 | INFO | Z-score: mean=5435183516.5423 std=2721842133.5098
22:58:36 | INFO | Preprocess done: institutions file=119 n_bytes=OK
22:58:36 | INFO | Epoch   1/100 | train loss: 0.820736 | val loss: 0.877581
22:58:36 | INFO | Early Stopping @ epoch 9 (val loss did not improve for 5 epochs)
22:58:36 | INFO | Training done: 9 epochs, 0.25 sec
22:58:36 | INFO | Metrics: RMSE=2405720095.0640  R2=0.2373  sMAPE=28.92%
22:58:36 | INFO | [institutions 120/283] file=120
22:58:36 | INFO | Load file 120/institutions/agg_1_hour/n_bytes | 6718 points | missing 0.0% (1/6718)
22:58:36 | INFO | impute zeros: 1 values
22:58:36 | INFO | Sliding window: tw=24 pw=24 | samples=278
22:58:36 | INFO | Temporal split: train=194 val=41 test=43 | ratio 70/15/15
22:58:36 | INFO | Z-score: mean=674695290.1480 std=438072813.1014
22:58:36 | INFO | Preprocess done: institutions file=120 n_bytes=OK
22:58:36 | INFO | Epoch   1/100 | train loss: 0.901567 | val loss: 1.150183
22:58:36 | INFO | Epoch  10/100 | train loss: 0.798515 | val loss: 1.146190
22:58:36 | INFO | Early Stopping @ epoch 11 (val loss did not improve for 5 epochs)
22:58:36 | INFO | Training done: 11 epochs, 0.31 sec
22:58:36 | INFO | Metrics: RMSE=453694948.9873  R2=0.0327  sMAPE=44.27%
22:58:36 | INFO | [institutions 121/283] file=121
22:58:36 | INFO | Load file 121/institutions/agg_1_hour/n_bytes | 6718 points | missing 0.0% (1/6718)
22:58:36 | INFO | impute zeros: 1 values
22:58:36 | INFO | Sliding window: tw=24 pw=24 | samples=278
22:58:36 | INFO | Temporal split: train=194 val=41 test=43 | ratio 70/15/15
22:58:36 | INFO | Z-score: mean=1662977.4665 std=1144196.8105
22:58:36 | INFO | Preprocess done: institutions file=121 n_bytes=OK
22:58:36 | INFO | Epoch   1/100 | train loss: 0.994166 | val loss: 1.063593
22:58:36 | INFO | Early Stopping @ epoch 6 (val loss did not improve for 5 epochs)
22:58:36 | INFO | Training done: 6 epochs, 0.17 sec
22:58:36 | INFO | Metrics: RMSE=559848.3295  R2=0.0563  sMAPE=16.37%
22:58:36 | INFO | [institutions 122/283] file=122
22:58:36 | INFO | Load file 122/institutions/agg_1_hour/n_bytes | 6718 points | missing 0.0% (1/6718)
22:58:36 | INFO | impute zeros: 1 values
22:58:36 | INFO | Sliding window: tw=24 pw=24 | samples=278
22:58:36 | INFO | Temporal split: train=194 val=41 test=43 | ratio 70/15/15
22:58:36 | INFO | Z-score: mean=159071705.5885 std=252885023.4978
22:58:36 | INFO | Preprocess done: institutions file=122 n_bytes=OK
22:58:36 | INFO | Epoch   1/100 | train loss: 0.936909 | val loss: 1.679493
22:58:37 | INFO | Epoch  10/100 | train loss: 0.752597 | val loss: 1.670030
22:58:37 | INFO | Early Stopping @ epoch 18 (val loss did not improve for 5 epochs)
22:58:37 | INFO | Training done: 18 epochs, 0.53 sec
22:58:37 | INFO | Metrics: RMSE=174947972.3544  R2=0.1412  sMAPE=93.06%
22:58:37 | INFO | [institutions 123/283] file=123
22:58:37 | INFO | Load file 123/institutions/agg_1_hour/n_bytes | 6718 points | missing 0.0% (1/6718)
22:58:37 | INFO | impute zeros: 1 values
22:58:37 | INFO | Sliding window: tw=24 pw=24 | samples=278
22:58:37 | INFO | Temporal split: train=194 val=41 test=43 | ratio 70/15/15
22:58:37 | INFO | Z-score: mean=1061759736.5058 std=1365690916.2660
22:58:37 | INFO | Preprocess done: institutions file=123 n_bytes=OK
22:58:37 | INFO | Epoch   1/100 | train loss: 0.861595 | val loss: 1.063274
22:58:37 | INFO | Epoch  10/100 | train loss: 0.735951 | val loss: 1.018127
22:58:37 | INFO | Early Stopping @ epoch 16 (val loss did not improve for 5 epochs)
22:58:37 | INFO | Training done: 16 epochs, 0.44 sec
22:58:37 | INFO | Metrics: RMSE=1022593249.2745  R2=0.2407  sMAPE=63.91%
22:58:37 | INFO | [institutions 124/283] file=124
22:58:37 | INFO | Load file 124/institutions/agg_1_hour/n_bytes | 6718 points | missing 0.0% (1/6718)
22:58:37 | INFO | impute zeros: 1 values
22:58:37 | INFO | Sliding window: tw=24 pw=24 | samples=278
22:58:37 | INFO | Temporal split: train=194 val=41 test=43 | ratio 70/15/15
22:58:37 | INFO | Z-score: mean=473102778.8555 std=613207676.0934
22:58:37 | INFO | Preprocess done: institutions file=124 n_bytes=OK
22:58:37 | INFO | Epoch   1/100 | train loss: 0.795862 | val loss: 1.001466
22:58:38 | INFO | Epoch  10/100 | train loss: 0.481378 | val loss: 0.940174
22:58:38 | INFO | Early Stopping @ epoch 19 (val loss did not improve for 5 epochs)
22:58:38 | INFO | Training done: 19 epochs, 0.57 sec
22:58:38 | INFO | Metrics: RMSE=409100143.4472  R2=0.1251  sMAPE=77.76%
22:58:38 | INFO | [institutions 125/283] file=125
22:58:38 | INFO | Load file 125/institutions/agg_1_hour/n_bytes | 6718 points | missing 0.0% (2/6718)
22:58:38 | INFO | impute zeros: 2 values
22:58:38 | INFO | Sliding window: tw=24 pw=24 | samples=278
22:58:38 | INFO | Temporal split: train=194 val=41 test=43 | ratio 70/15/15
22:58:38 | INFO | Z-score: mean=1083573950.3230 std=590254102.3328
22:58:38 | INFO | Preprocess done: institutions file=125 n_bytes=OK
22:58:38 | INFO | Epoch   1/100 | train loss: 0.905496 | val loss: 1.097179
22:58:38 | INFO | Epoch  10/100 | train loss: 0.833000 | val loss: 1.127096
22:58:38 | INFO | Early Stopping @ epoch 11 (val loss did not improve for 5 epochs)
22:58:38 | INFO | Training done: 11 epochs, 0.34 sec
22:58:38 | INFO | Metrics: RMSE=722848577.6027  R2=0.1134  sMAPE=39.65%
22:58:38 | INFO | [institutions 126/283] file=126
22:58:38 | INFO | Load file 126/institutions/agg_1_hour/n_bytes | 6718 points | missing 0.0% (1/6718)
22:58:38 | INFO | impute zeros: 1 values
22:58:38 | INFO | Sliding window: tw=24 pw=24 | samples=278
22:58:38 | INFO | Temporal split: train=194 val=41 test=43 | ratio 70/15/15
22:58:38 | INFO | Z-score: mean=970108807.8187 std=695213640.0845
22:58:38 | INFO | Preprocess done: institutions file=126 n_bytes=OK
22:58:38 | INFO | Epoch   1/100 | train loss: 0.880596 | val loss: 0.913039
22:58:39 | INFO | Early Stopping @ epoch 7 (val loss did not improve for 5 epochs)
22:58:39 | INFO | Training done: 7 epochs, 0.21 sec
22:58:39 | INFO | Metrics: RMSE=523425482.2916  R2=0.1063  sMAPE=51.27%
22:58:39 | INFO | [institutions 127/283] file=127
22:58:39 | INFO | Load file 127/institutions/agg_1_hour/n_bytes | 6718 points | missing 0.0% (1/6718)
22:58:39 | INFO | impute zeros: 1 values
22:58:39 | INFO | Sliding window: tw=24 pw=24 | samples=278
22:58:39 | INFO | Temporal split: train=194 val=41 test=43 | ratio 70/15/15
22:58:39 | INFO | Z-score: mean=150808978.1864 std=348024460.0780
22:58:39 | INFO | Preprocess done: institutions file=127 n_bytes=OK
22:58:39 | INFO | Epoch   1/100 | train loss: 0.831118 | val loss: 0.519772
22:58:39 | INFO | Epoch  10/100 | train loss: 0.632744 | val loss: 0.467582
22:58:39 | INFO | Early Stopping @ epoch 15 (val loss did not improve for 5 epochs)
22:58:39 | INFO | Training done: 15 epochs, 0.49 sec
22:58:39 | INFO | Metrics: RMSE=153419027.9503  R2=0.1341  sMAPE=142.57%
22:58:39 | INFO | [institutions 128/283] file=128
22:58:39 | INFO | Load file 128/institutions/agg_1_hour/n_bytes | 6718 points | missing 0.0% (1/6718)
22:58:39 | INFO | impute zeros: 1 values
22:58:39 | INFO | Sliding window: tw=24 pw=24 | samples=278
22:58:39 | INFO | Temporal split: train=194 val=41 test=43 | ratio 70/15/15
22:58:39 | INFO | Z-score: mean=506273752.4940 std=1040020523.7226
22:58:39 | INFO | Preprocess done: institutions file=128 n_bytes=OK
22:58:39 | INFO | Epoch   1/100 | train loss: 0.925527 | val loss: 3.393072
22:58:39 | INFO | Early Stopping @ epoch 8 (val loss did not improve for 5 epochs)
22:58:39 | INFO | Training done: 8 epochs, 0.28 sec
22:58:39 | INFO | Metrics: RMSE=802901353.9520  R2=-0.1026  sMAPE=88.39%
22:58:39 | INFO | [institutions 129/283] file=129
22:58:39 | INFO | Load file 129/institutions/agg_1_hour/n_bytes | 6718 points | missing 0.0% (1/6718)
22:58:39 | INFO | impute zeros: 1 values
22:58:39 | INFO | Sliding window: tw=24 pw=24 | samples=278
22:58:39 | INFO | Temporal split: train=194 val=41 test=43 | ratio 70/15/15
22:58:39 | INFO | Z-score: mean=392993524.0144 std=529771547.9014
22:58:39 | INFO | Preprocess done: institutions file=129 n_bytes=OK
22:58:40 | INFO | Epoch   1/100 | train loss: 0.855016 | val loss: 0.833784
22:58:40 | INFO | Epoch  10/100 | train loss: 0.707248 | val loss: 0.771164
22:58:40 | INFO | Early Stopping @ epoch 12 (val loss did not improve for 5 epochs)
22:58:40 | INFO | Training done: 12 epochs, 0.35 sec
22:58:40 | INFO | Metrics: RMSE=545168332.5406  R2=0.2239  sMAPE=90.27%
22:58:40 | INFO | [institutions 130/283] file=130
22:58:40 | INFO | Load file 130/institutions/agg_1_hour/n_bytes | 6718 points | missing 0.0% (1/6718)
22:58:40 | INFO | impute zeros: 1 values
22:58:40 | INFO | Sliding window: tw=24 pw=24 | samples=278
22:58:40 | INFO | Temporal split: train=194 val=41 test=43 | ratio 70/15/15
22:58:40 | INFO | Z-score: mean=868635668.5107 std=542118980.8610
22:58:40 | INFO | Preprocess done: institutions file=130 n_bytes=OK
22:58:40 | INFO | Epoch   1/100 | train loss: 0.924906 | val loss: 1.509280
22:58:40 | INFO | Epoch  10/100 | train loss: 0.769486 | val loss: 1.343604
22:58:41 | INFO | Epoch  20/100 | train loss: 0.709848 | val loss: 1.301680
22:58:41 | INFO | Early Stopping @ epoch 20 (val loss did not improve for 5 epochs)
22:58:41 | INFO | Training done: 20 epochs, 0.65 sec
22:58:41 | INFO | Metrics: RMSE=477766202.0410  R2=0.0391  sMAPE=48.23%
22:58:41 | INFO | [institutions 131/283] file=131
22:58:41 | INFO | Load file 131/institutions/agg_1_hour/n_bytes | 6718 points | missing 0.0% (1/6718)
22:58:41 | INFO | impute zeros: 1 values
22:58:41 | INFO | Sliding window: tw=24 pw=24 | samples=278
22:58:41 | INFO | Temporal split: train=194 val=41 test=43 | ratio 70/15/15
22:58:41 | INFO | Z-score: mean=383633017.3314 std=380925219.6377
22:58:41 | INFO | Preprocess done: institutions file=131 n_bytes=OK
22:58:41 | INFO | Epoch   1/100 | train loss: 0.957536 | val loss: 2.229532
22:58:41 | INFO | Epoch  10/100 | train loss: 0.858703 | val loss: 2.169069
22:58:41 | INFO | Early Stopping @ epoch 11 (val loss did not improve for 5 epochs)
22:58:41 | INFO | Training done: 11 epochs, 0.34 sec
22:58:41 | INFO | Metrics: RMSE=537965877.9686  R2=0.0231  sMAPE=53.03%
22:58:41 | INFO | [institutions 132/283] file=132
22:58:41 | INFO | Load file 132/institutions/agg_1_hour/n_bytes | 6718 points | missing 0.1% (5/6718)
22:58:41 | INFO | impute zeros: 5 values
22:58:41 | INFO | Sliding window: tw=24 pw=24 | samples=278
22:58:41 | INFO | Temporal split: train=194 val=41 test=43 | ratio 70/15/15
22:58:41 | INFO | Z-score: mean=496806788.3561 std=1003407866.1305
22:58:41 | INFO | Preprocess done: institutions file=132 n_bytes=OK
22:58:41 | INFO | Epoch   1/100 | train loss: 0.922545 | val loss: 0.445325
22:58:41 | INFO | Early Stopping @ epoch 6 (val loss did not improve for 5 epochs)
22:58:41 | INFO | Training done: 6 epochs, 0.19 sec
22:58:41 | INFO | Metrics: RMSE=656225148.3053  R2=-1.4675  sMAPE=127.99%
22:58:41 | INFO | [institutions 133/283] file=133
22:58:41 | INFO | Load file 133/institutions/agg_1_hour/n_bytes | 6718 points | missing 0.0% (1/6718)
22:58:41 | INFO | impute zeros: 1 values
22:58:41 | INFO | Sliding window: tw=24 pw=24 | samples=278
22:58:41 | INFO | Temporal split: train=194 val=41 test=43 | ratio 70/15/15
22:58:41 | INFO | Z-score: mean=153057708.4111 std=234126289.5164
22:58:41 | INFO | Preprocess done: institutions file=133 n_bytes=OK
22:58:41 | INFO | Epoch   1/100 | train loss: 0.877955 | val loss: 0.470568
22:58:41 | INFO | Epoch  10/100 | train loss: 0.821716 | val loss: 0.461535
22:58:41 | INFO | Early Stopping @ epoch 10 (val loss did not improve for 5 epochs)
22:58:41 | INFO | Training done: 10 epochs, 0.30 sec
22:58:41 | INFO | Metrics: RMSE=179011854.1287  R2=0.0159  sMAPE=85.39%
22:58:41 | INFO | [institutions 134/283] file=134
22:58:41 | INFO | Load file 134/institutions/agg_1_hour/n_bytes | 6718 points | missing 0.4% (30/6718)
22:58:41 | INFO | impute zeros: 30 values
22:58:41 | INFO | Sliding window: tw=24 pw=24 | samples=278
22:58:41 | INFO | Temporal split: train=194 val=41 test=43 | ratio 70/15/15
22:58:41 | INFO | Z-score: mean=358296378.7116 std=760928929.7113
22:58:41 | INFO | Preprocess done: institutions file=134 n_bytes=OK
22:58:41 | INFO | Epoch   1/100 | train loss: 0.973588 | val loss: 0.239034
22:58:42 | INFO | Early Stopping @ epoch 6 (val loss did not improve for 5 epochs)
22:58:42 | INFO | Training done: 6 epochs, 0.19 sec
22:58:42 | INFO | Metrics: RMSE=717393733.7400  R2=-0.0413  sMAPE=92.77%
22:58:42 | INFO | [institutions 135/283] file=135
22:58:42 | INFO | Load file 135/institutions/agg_1_hour/n_bytes | 6718 points | missing 0.0% (1/6718)
22:58:42 | INFO | impute zeros: 1 values
22:58:42 | INFO | Sliding window: tw=24 pw=24 | samples=278
22:58:42 | INFO | Temporal split: train=194 val=41 test=43 | ratio 70/15/15
22:58:42 | INFO | Z-score: mean=155757568.2687 std=229129086.3000
22:58:42 | INFO | Preprocess done: institutions file=135 n_bytes=OK
22:58:42 | INFO | Epoch   1/100 | train loss: 0.977896 | val loss: 0.854690
22:58:42 | INFO | Epoch  10/100 | train loss: 0.711025 | val loss: 0.857482
22:58:42 | INFO | Early Stopping @ epoch 11 (val loss did not improve for 5 epochs)
22:58:42 | INFO | Training done: 11 epochs, 0.35 sec
22:58:42 | INFO | Metrics: RMSE=195238599.5182  R2=0.0152  sMAPE=66.51%
22:58:42 | INFO | [institutions 136/283] file=136
22:58:42 | INFO | Load file 136/institutions/agg_1_hour/n_bytes | 6718 points | missing 0.0% (1/6718)
22:58:42 | INFO | impute zeros: 1 values
22:58:42 | INFO | Sliding window: tw=24 pw=24 | samples=278
22:58:42 | INFO | Temporal split: train=194 val=41 test=43 | ratio 70/15/15
22:58:42 | INFO | Z-score: mean=619205283.5737 std=729371756.4609
22:58:42 | INFO | Preprocess done: institutions file=136 n_bytes=OK
22:58:42 | INFO | Epoch   1/100 | train loss: 0.906272 | val loss: 0.650881
22:58:42 | INFO | Epoch  10/100 | train loss: 0.770731 | val loss: 0.577731
22:58:43 | INFO | Early Stopping @ epoch 19 (val loss did not improve for 5 epochs)
22:58:43 | INFO | Training done: 19 epochs, 0.58 sec
22:58:43 | INFO | Metrics: RMSE=860952308.5020  R2=0.1581  sMAPE=73.07%
22:58:43 | INFO | [institutions 137/283] file=137
22:58:43 | INFO | Load file 137/institutions/agg_1_hour/n_bytes | 6718 points | missing 0.0% (1/6718)
22:58:43 | INFO | impute zeros: 1 values
22:58:43 | INFO | Sliding window: tw=24 pw=24 | samples=278
22:58:43 | INFO | Temporal split: train=194 val=41 test=43 | ratio 70/15/15
22:58:43 | INFO | Z-score: mean=2783380941.2637 std=4071467958.3533
22:58:43 | INFO | Preprocess done: institutions file=137 n_bytes=OK
22:58:43 | INFO | Epoch   1/100 | train loss: 0.909421 | val loss: 0.408840
22:58:43 | INFO | Epoch  10/100 | train loss: 0.727495 | val loss: 0.344099
22:58:43 | INFO | Early Stopping @ epoch 12 (val loss did not improve for 5 epochs)
22:58:43 | INFO | Training done: 12 epochs, 0.38 sec
22:58:43 | INFO | Metrics: RMSE=2813121143.7767  R2=-0.0727  sMAPE=66.70%
22:58:43 | INFO | [institutions 138/283] file=138
22:58:43 | INFO | Load file 138/institutions/agg_1_hour/n_bytes | 6718 points | missing 0.0% (3/6718)
22:58:43 | INFO | impute zeros: 3 values
22:58:43 | INFO | Sliding window: tw=24 pw=24 | samples=278
22:58:43 | INFO | Temporal split: train=194 val=41 test=43 | ratio 70/15/15
22:58:43 | INFO | Z-score: mean=963681305.5638 std=1055191943.3518
22:58:43 | INFO | Preprocess done: institutions file=138 n_bytes=OK
22:58:43 | INFO | Epoch   1/100 | train loss: 0.886320 | val loss: 0.432298
22:58:43 | INFO | Epoch  10/100 | train loss: 0.592352 | val loss: 0.312267
22:58:44 | INFO | Early Stopping @ epoch 17 (val loss did not improve for 5 epochs)
22:58:44 | INFO | Training done: 17 epochs, 0.52 sec
22:58:44 | INFO | Metrics: RMSE=740851385.4793  R2=-0.4324  sMAPE=66.40%
22:58:44 | INFO | [institutions 139/283] file=139
22:58:44 | INFO | Load file 139/institutions/agg_1_hour/n_bytes | 6718 points | missing 0.3% (17/6718)
22:58:44 | INFO | impute zeros: 17 values
22:58:44 | INFO | Sliding window: tw=24 pw=24 | samples=278
22:58:44 | INFO | Temporal split: train=194 val=41 test=43 | ratio 70/15/15
22:58:44 | INFO | Z-score: mean=250612710.9016 std=610500573.4723
22:58:44 | INFO | Preprocess done: institutions file=139 n_bytes=OK
22:58:44 | INFO | Epoch   1/100 | train loss: 0.887801 | val loss: 0.860707
22:58:44 | INFO | Epoch  10/100 | train loss: 0.762692 | val loss: 0.870726
22:58:44 | INFO | Epoch  20/100 | train loss: 0.714327 | val loss: 0.839076
22:58:44 | INFO | Early Stopping @ epoch 21 (val loss did not improve for 5 epochs)
22:58:44 | INFO | Training done: 21 epochs, 0.58 sec
22:58:44 | INFO | Metrics: RMSE=359491740.3717  R2=-0.2990  sMAPE=137.52%
22:58:44 | INFO | [institutions 140/283] file=140
22:58:44 | INFO | Load file 140/institutions/agg_1_hour/n_bytes | 6718 points | missing 31.5% (2115/6718)
22:58:44 | INFO | impute zeros: 2115 values
22:58:44 | INFO | Sliding window: tw=24 pw=24 | samples=278
22:58:44 | INFO | Temporal split: train=194 val=41 test=43 | ratio 70/15/15
22:58:44 | INFO | Z-score: mean=103063001.7049 std=266780711.2149
22:58:44 | INFO | Preprocess done: institutions file=140 n_bytes=OK
22:58:44 | INFO | Epoch   1/100 | train loss: 0.941725 | val loss: 0.180123
22:58:44 | INFO | Early Stopping @ epoch 6 (val loss did not improve for 5 epochs)
22:58:44 | INFO | Training done: 6 epochs, 0.18 sec
22:58:44 | INFO | Metrics: RMSE=136814760.3388  R2=0.0000  sMAPE=200.00%
22:58:44 | INFO | [institutions 141/283] file=141
22:58:44 | INFO | Load file 141/institutions/agg_1_hour/n_bytes | 6718 points | missing 0.0% (1/6718)
22:58:44 | INFO | impute zeros: 1 values
22:58:44 | INFO | Sliding window: tw=24 pw=24 | samples=278
22:58:44 | INFO | Temporal split: train=194 val=41 test=43 | ratio 70/15/15
22:58:44 | INFO | Z-score: mean=397494913.7631 std=506361674.0748
22:58:44 | INFO | Preprocess done: institutions file=141 n_bytes=OK
22:58:44 | INFO | Epoch   1/100 | train loss: 0.989880 | val loss: 0.608921
22:58:45 | INFO | Epoch  10/100 | train loss: 0.810202 | val loss: 0.525729
22:58:45 | INFO | Epoch  20/100 | train loss: 0.765201 | val loss: 0.522620
22:58:45 | INFO | Early Stopping @ epoch 22 (val loss did not improve for 5 epochs)
22:58:45 | INFO | Training done: 22 epochs, 0.63 sec
22:58:45 | INFO | Metrics: RMSE=169932653.7369  R2=-3.4377  sMAPE=130.91%
22:58:45 | INFO | [institutions 142/283] file=142
22:58:45 | INFO | Load file 142/institutions/agg_1_hour/n_bytes | 6718 points | missing 0.1% (4/6718)
22:58:45 | INFO | impute zeros: 4 values
22:58:45 | INFO | Sliding window: tw=24 pw=24 | samples=278
22:58:45 | INFO | Temporal split: train=194 val=41 test=43 | ratio 70/15/15
22:58:45 | INFO | Z-score: mean=81659726.5700 std=197666796.9310
22:58:45 | INFO | Preprocess done: institutions file=142 n_bytes=OK
22:58:45 | INFO | Epoch   1/100 | train loss: 0.955058 | val loss: 0.321205
22:58:45 | INFO | Epoch  10/100 | train loss: 0.916395 | val loss: 0.315813
22:58:45 | INFO | Early Stopping @ epoch 12 (val loss did not improve for 5 epochs)
22:58:45 | INFO | Training done: 12 epochs, 0.35 sec
22:58:45 | INFO | Metrics: RMSE=213498816.4944  R2=0.0247  sMAPE=90.94%
22:58:45 | INFO | [institutions 143/283] file=143
22:58:45 | INFO | Load file 143/institutions/agg_1_hour/n_bytes | 6718 points | missing 0.0% (1/6718)
22:58:45 | INFO | impute zeros: 1 values
22:58:45 | INFO | Sliding window: tw=24 pw=24 | samples=278
22:58:45 | INFO | Temporal split: train=194 val=41 test=43 | ratio 70/15/15
22:58:45 | INFO | Z-score: mean=202968997.1198 std=339907395.8033
22:58:45 | INFO | Preprocess done: institutions file=143 n_bytes=OK
22:58:46 | INFO | Epoch   1/100 | train loss: 0.934123 | val loss: 1.153148
22:58:46 | INFO | Early Stopping @ epoch 6 (val loss did not improve for 5 epochs)
22:58:46 | INFO | Training done: 6 epochs, 0.17 sec
22:58:46 | INFO | Metrics: RMSE=279583334.7842  R2=0.0717  sMAPE=93.03%
22:58:46 | INFO | [institutions 144/283] file=144
22:58:46 | INFO | Load file 144/institutions/agg_1_hour/n_bytes | 6718 points | missing 0.0% (1/6718)
22:58:46 | INFO | impute zeros: 1 values
22:58:46 | INFO | Sliding window: tw=24 pw=24 | samples=278
22:58:46 | INFO | Temporal split: train=194 val=41 test=43 | ratio 70/15/15
22:58:46 | INFO | Z-score: mean=400016097.2526 std=537651734.8641
22:58:46 | INFO | Preprocess done: institutions file=144 n_bytes=OK
22:58:46 | INFO | Epoch   1/100 | train loss: 0.876870 | val loss: 0.758056
22:58:46 | INFO | Early Stopping @ epoch 8 (val loss did not improve for 5 epochs)
22:58:46 | INFO | Training done: 8 epochs, 0.22 sec
22:58:46 | INFO | Metrics: RMSE=406698882.9222  R2=-0.1386  sMAPE=103.60%
22:58:46 | INFO | [institutions 145/283] file=145
22:58:46 | INFO | Load file 145/institutions/agg_1_hour/n_bytes | 6718 points | missing 0.0% (1/6718)
22:58:46 | INFO | impute zeros: 1 values
22:58:46 | INFO | Sliding window: tw=24 pw=24 | samples=278
22:58:46 | INFO | Temporal split: train=194 val=41 test=43 | ratio 70/15/15
22:58:46 | INFO | Z-score: mean=206859071.0569 std=347511302.6923
22:58:46 | INFO | Preprocess done: institutions file=145 n_bytes=OK
22:58:46 | INFO | Epoch   1/100 | train loss: 0.859476 | val loss: 0.844476
22:58:46 | INFO | Early Stopping @ epoch 7 (val loss did not improve for 5 epochs)
22:58:46 | INFO | Training done: 7 epochs, 0.23 sec
22:58:46 | INFO | Metrics: RMSE=208998160.0146  R2=-0.6853  sMAPE=100.81%
22:58:46 | INFO | [institutions 146/283] file=146
22:58:46 | INFO | Load file 146/institutions/agg_1_hour/n_bytes | 6718 points | missing 0.0% (1/6718)
22:58:46 | INFO | impute zeros: 1 values
22:58:46 | INFO | Sliding window: tw=24 pw=24 | samples=278
22:58:46 | INFO | Temporal split: train=194 val=41 test=43 | ratio 70/15/15
22:58:46 | INFO | Z-score: mean=226868745.2983 std=403840995.7430
22:58:46 | INFO | Preprocess done: institutions file=146 n_bytes=OK
22:58:46 | INFO | Epoch   1/100 | train loss: 0.976648 | val loss: 0.332225
22:58:46 | INFO | Epoch  10/100 | train loss: 0.815894 | val loss: 0.297925
22:58:47 | INFO | Early Stopping @ epoch 13 (val loss did not improve for 5 epochs)
22:58:47 | INFO | Training done: 13 epochs, 0.35 sec
22:58:47 | INFO | Metrics: RMSE=427018081.1611  R2=0.0483  sMAPE=80.88%
22:58:47 | INFO | [institutions 147/283] file=147
22:58:47 | INFO | Load file 147/institutions/agg_1_hour/n_bytes | 6718 points | missing 0.0% (1/6718)
22:58:47 | INFO | impute zeros: 1 values
22:58:47 | INFO | Sliding window: tw=24 pw=24 | samples=278
22:58:47 | INFO | Temporal split: train=194 val=41 test=43 | ratio 70/15/15
22:58:47 | INFO | Z-score: mean=508097031.7317 std=1050659244.6514
22:58:47 | INFO | Preprocess done: institutions file=147 n_bytes=OK
22:58:47 | INFO | Epoch   1/100 | train loss: 0.758629 | val loss: 0.655073
22:58:47 | INFO | Epoch  10/100 | train loss: 0.658002 | val loss: 0.590058
22:58:47 | INFO | Epoch  20/100 | train loss: 0.562296 | val loss: 0.543198
22:58:47 | INFO | Early Stopping @ epoch 23 (val loss did not improve for 5 epochs)
22:58:47 | INFO | Training done: 23 epochs, 0.74 sec
22:58:47 | INFO | Metrics: RMSE=594133932.1061  R2=0.1737  sMAPE=125.01%
22:58:47 | INFO | [institutions 148/283] file=148
22:58:47 | INFO | Load file 148/institutions/agg_1_hour/n_bytes | 6718 points | missing 0.2% (14/6718)
22:58:47 | INFO | impute zeros: 14 values
22:58:47 | INFO | Sliding window: tw=24 pw=24 | samples=278
22:58:47 | INFO | Temporal split: train=194 val=41 test=43 | ratio 70/15/15
22:58:47 | INFO | Z-score: mean=140305756.5142 std=508650103.3907
22:58:47 | INFO | Preprocess done: institutions file=148 n_bytes=OK
22:58:47 | INFO | Epoch   1/100 | train loss: 0.912677 | val loss: 0.560425
22:58:48 | INFO | Early Stopping @ epoch 7 (val loss did not improve for 5 epochs)
22:58:48 | INFO | Training done: 7 epochs, 0.19 sec
22:58:48 | INFO | Metrics: RMSE=335755201.9187  R2=-0.2026  sMAPE=166.64%
22:58:48 | INFO | [institutions 149/283] file=149
22:58:48 | INFO | Load file 149/institutions/agg_1_hour/n_bytes | 6718 points | missing 0.0% (1/6718)
22:58:48 | INFO | impute zeros: 1 values
22:58:48 | INFO | Sliding window: tw=24 pw=24 | samples=278
22:58:48 | INFO | Temporal split: train=194 val=41 test=43 | ratio 70/15/15
22:58:48 | INFO | Z-score: mean=279694855.3256 std=342422993.4344
22:58:48 | INFO | Preprocess done: institutions file=149 n_bytes=OK
22:58:48 | INFO | Epoch   1/100 | train loss: 0.825570 | val loss: 0.526830
22:58:48 | INFO | Epoch  10/100 | train loss: 0.523165 | val loss: 0.412926
22:58:48 | INFO | Early Stopping @ epoch 17 (val loss did not improve for 5 epochs)
22:58:48 | INFO | Training done: 17 epochs, 0.48 sec
22:58:48 | INFO | Metrics: RMSE=231215019.8151  R2=0.2530  sMAPE=112.01%
22:58:48 | INFO | [institutions 150/283] file=150
22:58:48 | INFO | Load file 150/institutions/agg_1_hour/n_bytes | 6718 points | missing 0.0% (3/6718)
22:58:48 | INFO | impute zeros: 3 values
22:58:48 | INFO | Sliding window: tw=24 pw=24 | samples=278
22:58:48 | INFO | Temporal split: train=194 val=41 test=43 | ratio 70/15/15
22:58:48 | INFO | Z-score: mean=75165277.6218 std=168546500.0681
22:58:48 | INFO | Preprocess done: institutions file=150 n_bytes=OK
22:58:48 | INFO | Epoch   1/100 | train loss: 0.888828 | val loss: 1.212269
22:58:48 | INFO | Early Stopping @ epoch 7 (val loss did not improve for 5 epochs)
22:58:48 | INFO | Training done: 7 epochs, 0.19 sec
22:58:48 | INFO | Metrics: RMSE=185433471.6237  R2=0.0872  sMAPE=107.02%
22:58:48 | INFO | [institutions 151/283] file=151
22:58:48 | INFO | Load file 151/institutions/agg_1_hour/n_bytes | 6718 points | missing 0.0% (1/6718)
22:58:48 | INFO | impute zeros: 1 values
22:58:48 | INFO | Sliding window: tw=24 pw=24 | samples=278
22:58:48 | INFO | Temporal split: train=194 val=41 test=43 | ratio 70/15/15
22:58:48 | INFO | Z-score: mean=127634455.9231 std=274430144.8819
22:58:48 | INFO | Preprocess done: institutions file=151 n_bytes=OK
22:58:48 | INFO | Epoch   1/100 | train loss: 0.760462 | val loss: 0.776658
22:58:49 | INFO | Epoch  10/100 | train loss: 0.596845 | val loss: 0.739507
22:58:49 | INFO | Early Stopping @ epoch 12 (val loss did not improve for 5 epochs)
22:58:49 | INFO | Training done: 12 epochs, 0.34 sec
22:58:49 | INFO | Metrics: RMSE=150433322.4973  R2=0.1317  sMAPE=136.21%
22:58:49 | INFO | [institutions 152/283] file=152
22:58:49 | INFO | Load file 152/institutions/agg_1_hour/n_bytes | 6718 points | missing 0.7% (44/6718)
22:58:49 | INFO | impute zeros: 44 values
22:58:49 | INFO | Sliding window: tw=24 pw=24 | samples=278
22:58:49 | INFO | Temporal split: train=194 val=41 test=43 | ratio 70/15/15
22:58:49 | INFO | Z-score: mean=579452899.8104 std=776309612.7209
22:58:49 | INFO | Preprocess done: institutions file=152 n_bytes=OK
22:58:49 | INFO | Epoch   1/100 | train loss: 0.507225 | val loss: 0.177550
22:58:49 | INFO | Epoch  10/100 | train loss: 0.169105 | val loss: 0.125298
22:58:49 | INFO | Epoch  20/100 | train loss: 0.161460 | val loss: 0.108898
22:58:49 | INFO | Early Stopping @ epoch 26 (val loss did not improve for 5 epochs)
22:58:49 | INFO | Training done: 26 epochs, 0.74 sec
22:58:49 | INFO | Metrics: RMSE=196263875.7985  R2=0.3989  sMAPE=114.95%
22:58:49 | INFO | [institutions 153/283] file=153
22:58:49 | INFO | Load file 153/institutions/agg_1_hour/n_bytes | 6718 points | missing 0.0% (1/6718)
22:58:49 | INFO | impute zeros: 1 values
22:58:49 | INFO | Sliding window: tw=24 pw=24 | samples=278
22:58:49 | INFO | Temporal split: train=194 val=41 test=43 | ratio 70/15/15
22:58:49 | INFO | Z-score: mean=155850666.5543 std=198091338.5558
22:58:49 | INFO | Preprocess done: institutions file=153 n_bytes=OK
22:58:49 | INFO | Epoch   1/100 | train loss: 0.941908 | val loss: 0.929896
22:58:50 | INFO | Early Stopping @ epoch 6 (val loss did not improve for 5 epochs)
22:58:50 | INFO | Training done: 6 epochs, 0.17 sec
22:58:50 | INFO | Metrics: RMSE=143831028.0684  R2=0.1189  sMAPE=76.73%
22:58:50 | INFO | [institutions 154/283] file=154
22:58:50 | INFO | Load file 154/institutions/agg_1_hour/n_bytes | 6718 points | missing 0.0% (1/6718)
22:58:50 | INFO | impute zeros: 1 values
22:58:50 | INFO | Sliding window: tw=24 pw=24 | samples=278
22:58:50 | INFO | Temporal split: train=194 val=41 test=43 | ratio 70/15/15
22:58:50 | INFO | Z-score: mean=73029202.1654 std=149124933.6513
22:58:50 | INFO | Preprocess done: institutions file=154 n_bytes=OK
22:58:50 | INFO | Epoch   1/100 | train loss: 0.847526 | val loss: 0.441373
22:58:50 | INFO | Epoch  10/100 | train loss: 0.813441 | val loss: 0.415025
22:58:50 | INFO | Early Stopping @ epoch 12 (val loss did not improve for 5 epochs)
22:58:50 | INFO | Training done: 12 epochs, 0.33 sec
22:58:50 | INFO | Metrics: RMSE=75158043.4158  R2=-0.3573  sMAPE=128.86%
22:58:50 | INFO | [institutions 155/283] file=155
22:58:50 | INFO | Load file 155/institutions/agg_1_hour/n_bytes | 6718 points | missing 0.0% (1/6718)
22:58:50 | INFO | impute zeros: 1 values
22:58:50 | INFO | Sliding window: tw=24 pw=24 | samples=278
22:58:50 | INFO | Temporal split: train=194 val=41 test=43 | ratio 70/15/15
22:58:50 | INFO | Z-score: mean=240580441.0004 std=264736490.0608
22:58:50 | INFO | Preprocess done: institutions file=155 n_bytes=OK
22:58:50 | INFO | Epoch   1/100 | train loss: 0.918619 | val loss: 0.656476
22:58:50 | INFO | Epoch  10/100 | train loss: 0.825148 | val loss: 0.637473
22:58:50 | INFO | Early Stopping @ epoch 10 (val loss did not improve for 5 epochs)
22:58:50 | INFO | Training done: 10 epochs, 0.27 sec
22:58:50 | INFO | Metrics: RMSE=236193424.1589  R2=0.1125  sMAPE=74.72%
22:58:50 | INFO | [institutions 156/283] file=156
22:58:50 | INFO | Load file 156/institutions/agg_1_hour/n_bytes | 6718 points | missing 0.0% (1/6718)
22:58:50 | INFO | impute zeros: 1 values
22:58:50 | INFO | Sliding window: tw=24 pw=24 | samples=278
22:58:50 | INFO | Temporal split: train=194 val=41 test=43 | ratio 70/15/15
22:58:50 | INFO | Z-score: mean=1452621368.8737 std=1049000349.1696
22:58:50 | INFO | Preprocess done: institutions file=156 n_bytes=OK
22:58:50 | INFO | Epoch   1/100 | train loss: 0.879341 | val loss: 0.949997
22:58:51 | INFO | Epoch  10/100 | train loss: 0.824776 | val loss: 0.876823
22:58:51 | INFO | Early Stopping @ epoch 11 (val loss did not improve for 5 epochs)
22:58:51 | INFO | Training done: 11 epochs, 0.33 sec
22:58:51 | INFO | Metrics: RMSE=839858209.3101  R2=0.0786  sMAPE=45.27%
22:58:51 | INFO | [institutions 157/283] file=157
22:58:51 | INFO | Load file 157/institutions/agg_1_hour/n_bytes | 6718 points | missing 0.0% (1/6718)
22:58:51 | INFO | impute zeros: 1 values
22:58:51 | INFO | Sliding window: tw=24 pw=24 | samples=278
22:58:51 | INFO | Temporal split: train=194 val=41 test=43 | ratio 70/15/15
22:58:51 | INFO | Z-score: mean=83590772.1250 std=196956291.4290
22:58:51 | INFO | Preprocess done: institutions file=157 n_bytes=OK
22:58:51 | INFO | Epoch   1/100 | train loss: 0.801807 | val loss: 1.284036
22:58:51 | INFO | Early Stopping @ epoch 8 (val loss did not improve for 5 epochs)
22:58:51 | INFO | Training done: 8 epochs, 0.22 sec
22:58:51 | INFO | Metrics: RMSE=132480096.3377  R2=-0.0456  sMAPE=131.17%
22:58:51 | INFO | [institutions 158/283] file=158
22:58:51 | INFO | Load file 158/institutions/agg_1_hour/n_bytes | 6718 points | missing 0.0% (2/6718)
22:58:51 | INFO | impute zeros: 2 values
22:58:51 | INFO | Sliding window: tw=24 pw=24 | samples=278
22:58:51 | INFO | Temporal split: train=194 val=41 test=43 | ratio 70/15/15
22:58:51 | INFO | Z-score: mean=39491380.1583 std=78257790.2249
22:58:51 | INFO | Preprocess done: institutions file=158 n_bytes=OK
22:58:51 | INFO | Epoch   1/100 | train loss: 0.870743 | val loss: 2.090702
22:58:51 | INFO | Early Stopping @ epoch 6 (val loss did not improve for 5 epochs)
22:58:51 | INFO | Training done: 6 epochs, 0.17 sec
22:58:51 | INFO | Metrics: RMSE=61012979.6401  R2=-0.2110  sMAPE=103.22%
22:58:51 | INFO | [institutions 159/283] file=159
22:58:51 | INFO | Load file 159/institutions/agg_1_hour/n_bytes | 6718 points | missing 0.0% (1/6718)
22:58:51 | INFO | impute zeros: 1 values
22:58:51 | INFO | Sliding window: tw=24 pw=24 | samples=278
22:58:51 | INFO | Temporal split: train=194 val=41 test=43 | ratio 70/15/15
22:58:51 | INFO | Z-score: mean=47504979.5756 std=191726242.2539
22:58:51 | INFO | Preprocess done: institutions file=159 n_bytes=OK
22:58:51 | INFO | Epoch   1/100 | train loss: 0.996432 | val loss: 0.205793
22:58:51 | INFO | Early Stopping @ epoch 6 (val loss did not improve for 5 epochs)
22:58:51 | INFO | Training done: 6 epochs, 0.17 sec
22:58:51 | INFO | Metrics: RMSE=70316324.6220  R2=-2.3988  sMAPE=150.22%
22:58:51 | INFO | [institutions 160/283] file=160
22:58:51 | INFO | Load file 160/institutions/agg_1_hour/n_bytes | 6718 points | missing 0.0% (1/6718)
22:58:51 | INFO | impute zeros: 1 values
22:58:51 | INFO | Sliding window: tw=24 pw=24 | samples=278
22:58:51 | INFO | Temporal split: train=194 val=41 test=43 | ratio 70/15/15
22:58:51 | INFO | Z-score: mean=63838576.4437 std=149291039.8343
22:58:51 | INFO | Preprocess done: institutions file=160 n_bytes=OK
22:58:51 | INFO | Epoch   1/100 | train loss: 0.967928 | val loss: 0.103111
22:58:51 | INFO | Early Stopping @ epoch 6 (val loss did not improve for 5 epochs)
22:58:51 | INFO | Training done: 6 epochs, 0.17 sec
22:58:51 | INFO | Metrics: RMSE=225866678.8349  R2=0.0026  sMAPE=97.83%
22:58:51 | INFO | [institutions 161/283] file=161
22:58:51 | INFO | Load file 161/institutions/agg_1_hour/n_bytes | 6718 points | missing 0.0% (1/6718)
22:58:51 | INFO | impute zeros: 1 values
22:58:51 | INFO | Sliding window: tw=24 pw=24 | samples=278
22:58:51 | INFO | Temporal split: train=194 val=41 test=43 | ratio 70/15/15
22:58:51 | INFO | Z-score: mean=162691085.6443 std=351552122.1445
22:58:51 | INFO | Preprocess done: institutions file=161 n_bytes=OK
22:58:52 | INFO | Epoch   1/100 | train loss: 0.796216 | val loss: 0.650792
22:58:52 | INFO | Early Stopping @ epoch 7 (val loss did not improve for 5 epochs)
22:58:52 | INFO | Training done: 7 epochs, 0.21 sec
22:58:52 | INFO | Metrics: RMSE=233480844.9027  R2=-0.9045  sMAPE=88.22%
22:58:52 | INFO | [institutions 162/283] file=162
22:58:52 | INFO | Load file 162/institutions/agg_1_hour/n_bytes | 6718 points | missing 0.0% (1/6718)
22:58:52 | INFO | impute zeros: 1 values
22:58:52 | INFO | Sliding window: tw=24 pw=24 | samples=278
22:58:52 | INFO | Temporal split: train=194 val=41 test=43 | ratio 70/15/15
22:58:52 | INFO | Z-score: mean=11364547.6594 std=36863831.0611
22:58:52 | INFO | Preprocess done: institutions file=162 n_bytes=OK
22:58:52 | INFO | Epoch   1/100 | train loss: 0.952428 | val loss: 1.008110
22:58:52 | INFO | Epoch  10/100 | train loss: 0.904401 | val loss: 0.998187
22:58:52 | INFO | Early Stopping @ epoch 18 (val loss did not improve for 5 epochs)
22:58:52 | INFO | Training done: 18 epochs, 0.51 sec
22:58:52 | INFO | Metrics: RMSE=28174034.3620  R2=0.0180  sMAPE=142.33%
22:58:52 | INFO | [institutions 163/283] file=163
22:58:52 | INFO | Load file 163/institutions/agg_1_hour/n_bytes | 6718 points | missing 0.0% (1/6718)
22:58:52 | INFO | impute zeros: 1 values
22:58:52 | INFO | Sliding window: tw=24 pw=24 | samples=278
22:58:52 | INFO | Temporal split: train=194 val=41 test=43 | ratio 70/15/15
22:58:52 | INFO | Z-score: mean=54866739.5820 std=233781365.2840
22:58:52 | INFO | Preprocess done: institutions file=163 n_bytes=OK
22:58:52 | INFO | Epoch   1/100 | train loss: 0.966638 | val loss: 0.185204
22:58:52 | INFO | Early Stopping @ epoch 6 (val loss did not improve for 5 epochs)
22:58:52 | INFO | Training done: 6 epochs, 0.17 sec
22:58:52 | INFO | Metrics: RMSE=157128992.7596  R2=0.0419  sMAPE=153.55%
22:58:52 | INFO | [institutions 164/283] file=164
22:58:52 | INFO | Load file 164/institutions/agg_1_hour/n_bytes | 6718 points | missing 0.0% (1/6718)
22:58:52 | INFO | impute zeros: 1 values
22:58:52 | INFO | Sliding window: tw=24 pw=24 | samples=278
22:58:52 | INFO | Temporal split: train=194 val=41 test=43 | ratio 70/15/15
22:58:52 | INFO | Z-score: mean=1015996615.3851 std=1224650817.9977
22:58:52 | INFO | Preprocess done: institutions file=164 n_bytes=OK
22:58:52 | INFO | Epoch   1/100 | train loss: 0.923538 | val loss: 0.655968
22:58:53 | INFO | Epoch  10/100 | train loss: 0.806051 | val loss: 0.581792
22:58:53 | INFO | Early Stopping @ epoch 18 (val loss did not improve for 5 epochs)
22:58:53 | INFO | Training done: 18 epochs, 0.51 sec
22:58:53 | INFO | Metrics: RMSE=800158300.0165  R2=0.0307  sMAPE=82.22%
22:58:53 | INFO | [institutions 165/283] file=165
22:58:53 | INFO | Load file 165/institutions/agg_1_hour/n_bytes | 6718 points | missing 0.1% (6/6718)
22:58:53 | INFO | impute zeros: 6 values
22:58:53 | INFO | Sliding window: tw=24 pw=24 | samples=278
22:58:53 | INFO | Temporal split: train=194 val=41 test=43 | ratio 70/15/15
22:58:53 | INFO | Z-score: mean=738371345.0683 std=942217932.6787
22:58:53 | INFO | Preprocess done: institutions file=165 n_bytes=OK
22:58:53 | INFO | Epoch   1/100 | train loss: 0.910686 | val loss: 0.677902
22:58:53 | INFO | Early Stopping @ epoch 9 (val loss did not improve for 5 epochs)
22:58:53 | INFO | Training done: 9 epochs, 0.26 sec
22:58:53 | INFO | Metrics: RMSE=783417485.2928  R2=0.0375  sMAPE=92.88%
22:58:53 | INFO | [institutions 166/283] file=166
22:58:53 | INFO | Load file 166/institutions/agg_1_hour/n_bytes | 6718 points | missing 0.0% (1/6718)
22:58:53 | INFO | impute zeros: 1 values
22:58:53 | INFO | Sliding window: tw=24 pw=24 | samples=278
22:58:53 | INFO | Temporal split: train=194 val=41 test=43 | ratio 70/15/15
22:58:53 | INFO | Z-score: mean=262733782.5219 std=750397376.0596
22:58:53 | INFO | Preprocess done: institutions file=166 n_bytes=OK
22:58:53 | INFO | Epoch   1/100 | train loss: 1.004687 | val loss: 0.100742
22:58:54 | INFO | Early Stopping @ epoch 8 (val loss did not improve for 5 epochs)
22:58:54 | INFO | Training done: 8 epochs, 0.22 sec
22:58:54 | INFO | Metrics: RMSE=207102876.7794  R2=0.0435  sMAPE=84.74%
22:58:54 | INFO | [institutions 167/283] file=167
22:58:54 | INFO | Load file 167/institutions/agg_1_hour/n_bytes | 6718 points | missing 0.0% (1/6718)
22:58:54 | INFO | impute zeros: 1 values
22:58:54 | INFO | Sliding window: tw=24 pw=24 | samples=278
22:58:54 | INFO | Temporal split: train=194 val=41 test=43 | ratio 70/15/15
22:58:54 | INFO | Z-score: mean=659659375.8314 std=945549235.8279
22:58:54 | INFO | Preprocess done: institutions file=167 n_bytes=OK
22:58:54 | INFO | Epoch   1/100 | train loss: 0.922025 | val loss: 0.595684
22:58:54 | INFO | Epoch  10/100 | train loss: 0.779365 | val loss: 0.588114
22:58:54 | INFO | Early Stopping @ epoch 10 (val loss did not improve for 5 epochs)
22:58:54 | INFO | Training done: 10 epochs, 0.31 sec
22:58:54 | INFO | Metrics: RMSE=879490264.5825  R2=0.1081  sMAPE=65.49%
22:58:54 | INFO | [institutions 168/283] file=168
22:58:54 | INFO | Load file 168/institutions/agg_1_hour/n_bytes | 6718 points | missing 0.0% (1/6718)
22:58:54 | INFO | impute zeros: 1 values
22:58:54 | INFO | Sliding window: tw=24 pw=24 | samples=278
22:58:54 | INFO | Temporal split: train=194 val=41 test=43 | ratio 70/15/15
22:58:54 | INFO | Z-score: mean=1102509115.6980 std=904937728.7664
22:58:54 | INFO | Preprocess done: institutions file=168 n_bytes=OK
22:58:54 | INFO | Epoch   1/100 | train loss: 0.902073 | val loss: 0.723206
22:58:54 | INFO | Early Stopping @ epoch 7 (val loss did not improve for 5 epochs)
22:58:54 | INFO | Training done: 7 epochs, 0.20 sec
22:58:54 | INFO | Metrics: RMSE=674402528.5933  R2=0.1746  sMAPE=44.68%
22:58:54 | INFO | [institutions 169/283] file=169
22:58:54 | INFO | Load file 169/institutions/agg_1_hour/n_bytes | 6718 points | missing 0.0% (1/6718)
22:58:54 | INFO | impute zeros: 1 values
22:58:54 | INFO | Sliding window: tw=24 pw=24 | samples=278
22:58:54 | INFO | Temporal split: train=194 val=41 test=43 | ratio 70/15/15
22:58:54 | INFO | Z-score: mean=596121837.4225 std=535991648.5043
22:58:54 | INFO | Preprocess done: institutions file=169 n_bytes=OK
22:58:54 | INFO | Epoch   1/100 | train loss: 0.925461 | val loss: 0.988210
22:58:54 | INFO | Early Stopping @ epoch 8 (val loss did not improve for 5 epochs)
22:58:54 | INFO | Training done: 8 epochs, 0.24 sec
22:58:54 | INFO | Metrics: RMSE=461932037.2628  R2=0.1506  sMAPE=66.82%
22:58:54 | INFO | [institutions 170/283] file=170
22:58:54 | INFO | Load file 170/institutions/agg_1_hour/n_bytes | 6718 points | missing 0.0% (1/6718)
22:58:54 | INFO | impute zeros: 1 values
22:58:54 | INFO | Sliding window: tw=24 pw=24 | samples=278
22:58:54 | INFO | Temporal split: train=194 val=41 test=43 | ratio 70/15/15
22:58:54 | INFO | Z-score: mean=139280764.1619 std=276667240.1197
22:58:54 | INFO | Preprocess done: institutions file=170 n_bytes=OK
22:58:54 | INFO | Epoch   1/100 | train loss: 0.907571 | val loss: 0.710172
22:58:55 | INFO | Epoch  10/100 | train loss: 0.862680 | val loss: 0.688580
22:58:55 | INFO | Early Stopping @ epoch 14 (val loss did not improve for 5 epochs)
22:58:55 | INFO | Training done: 14 epochs, 0.44 sec
22:58:55 | INFO | Metrics: RMSE=268801742.2912  R2=0.0882  sMAPE=80.03%
22:58:55 | INFO | [institutions 171/283] file=171
22:58:55 | INFO | Load file 171/institutions/agg_1_hour/n_bytes | 6718 points | missing 0.0% (1/6718)
22:58:55 | INFO | impute zeros: 1 values
22:58:55 | INFO | Sliding window: tw=24 pw=24 | samples=278
22:58:55 | INFO | Temporal split: train=194 val=41 test=43 | ratio 70/15/15
22:58:55 | INFO | Z-score: mean=316801386.4925 std=335124576.9411
22:58:55 | INFO | Preprocess done: institutions file=171 n_bytes=OK
22:58:55 | INFO | Epoch   1/100 | train loss: 0.900782 | val loss: 3.027409
22:58:55 | INFO | Early Stopping @ epoch 8 (val loss did not improve for 5 epochs)
22:58:55 | INFO | Training done: 8 epochs, 0.23 sec
22:58:55 | INFO | Metrics: RMSE=223742492.2670  R2=0.1612  sMAPE=63.26%
22:58:55 | INFO | [institutions 172/283] file=172
22:58:55 | INFO | Load file 172/institutions/agg_1_hour/n_bytes | 6718 points | missing 0.0% (1/6718)
22:58:55 | INFO | impute zeros: 1 values
22:58:55 | INFO | Sliding window: tw=24 pw=24 | samples=278
22:58:55 | INFO | Temporal split: train=194 val=41 test=43 | ratio 70/15/15
22:58:55 | INFO | Z-score: mean=616980686.1772 std=638776181.9380
22:58:55 | INFO | Preprocess done: institutions file=172 n_bytes=OK
22:58:55 | INFO | Epoch   1/100 | train loss: 0.992757 | val loss: 1.424358
22:58:55 | INFO | Early Stopping @ epoch 7 (val loss did not improve for 5 epochs)
22:58:55 | INFO | Training done: 7 epochs, 0.19 sec
22:58:55 | INFO | Metrics: RMSE=709358328.5869  R2=0.0304  sMAPE=100.49%
22:58:55 | INFO | [institutions 173/283] file=173
22:58:55 | INFO | Load file 173/institutions/agg_1_hour/n_bytes | 6718 points | missing 0.0% (1/6718)
22:58:55 | INFO | impute zeros: 1 values
22:58:55 | INFO | Sliding window: tw=24 pw=24 | samples=278
22:58:55 | INFO | Temporal split: train=194 val=41 test=43 | ratio 70/15/15
22:58:55 | INFO | Z-score: mean=898561427.9908 std=1890169022.4905
22:58:55 | INFO | Preprocess done: institutions file=173 n_bytes=OK
22:58:55 | INFO | Epoch   1/100 | train loss: 0.909423 | val loss: 0.627506
22:58:56 | INFO | Early Stopping @ epoch 8 (val loss did not improve for 5 epochs)
22:58:56 | INFO | Training done: 8 epochs, 0.22 sec
22:58:56 | INFO | Metrics: RMSE=1066283892.6851  R2=0.0610  sMAPE=122.71%
22:58:56 | INFO | [institutions 174/283] file=175
22:58:56 | INFO | Load file 175/institutions/agg_1_hour/n_bytes | 6718 points | missing 0.0% (1/6718)
22:58:56 | INFO | impute zeros: 1 values
22:58:56 | INFO | Sliding window: tw=24 pw=24 | samples=278
22:58:56 | INFO | Temporal split: train=194 val=41 test=43 | ratio 70/15/15
22:58:56 | INFO | Z-score: mean=1445451730.7884 std=1451665289.3200
22:58:56 | INFO | Preprocess done: institutions file=175 n_bytes=OK
22:58:56 | INFO | Epoch   1/100 | train loss: 0.719796 | val loss: 0.663630
22:58:56 | INFO | Epoch  10/100 | train loss: 0.522451 | val loss: 0.647492
22:58:56 | INFO | Early Stopping @ epoch 14 (val loss did not improve for 5 epochs)
22:58:56 | INFO | Training done: 14 epochs, 0.40 sec
22:58:56 | INFO | Metrics: RMSE=896411764.4681  R2=0.2309  sMAPE=52.19%
22:58:56 | INFO | [institutions 175/283] file=176
22:58:56 | INFO | Load file 176/institutions/agg_1_hour/n_bytes | 6718 points | missing 0.0% (1/6718)
22:58:56 | INFO | impute zeros: 1 values
22:58:56 | INFO | Sliding window: tw=24 pw=24 | samples=278
22:58:56 | INFO | Temporal split: train=194 val=41 test=43 | ratio 70/15/15
22:58:56 | INFO | Z-score: mean=219915318.6424 std=300875300.6902
22:58:56 | INFO | Preprocess done: institutions file=176 n_bytes=OK
22:58:56 | INFO | Epoch   1/100 | train loss: 0.960606 | val loss: 4.149984
22:58:56 | INFO | Epoch  10/100 | train loss: 0.913511 | val loss: 4.058417
22:58:56 | INFO | Early Stopping @ epoch 17 (val loss did not improve for 5 epochs)
22:58:56 | INFO | Training done: 17 epochs, 0.48 sec
22:58:56 | INFO | Metrics: RMSE=242612599.9204  R2=0.1135  sMAPE=61.01%
22:58:56 | INFO | [institutions 176/283] file=177
22:58:56 | INFO | Load file 177/institutions/agg_1_hour/n_bytes | 6718 points | missing 0.0% (1/6718)
22:58:56 | INFO | impute zeros: 1 values
22:58:56 | INFO | Sliding window: tw=24 pw=24 | samples=278
22:58:56 | INFO | Temporal split: train=194 val=41 test=43 | ratio 70/15/15
22:58:56 | INFO | Z-score: mean=91696655.7648 std=254394579.0195
22:58:56 | INFO | Preprocess done: institutions file=177 n_bytes=OK
22:58:57 | INFO | Epoch   1/100 | train loss: 0.948034 | val loss: 0.066682
22:58:57 | INFO | Epoch  10/100 | train loss: 0.778694 | val loss: 0.058299
22:58:57 | INFO | Early Stopping @ epoch 16 (val loss did not improve for 5 epochs)
22:58:57 | INFO | Training done: 16 epochs, 0.44 sec
22:58:57 | INFO | Metrics: RMSE=63946969.9765  R2=-0.2334  sMAPE=132.58%
22:58:57 | INFO | [institutions 177/283] file=178
22:58:57 | INFO | Load file 178/institutions/agg_1_hour/n_bytes | 6718 points | missing 0.0% (1/6718)
22:58:57 | INFO | impute zeros: 1 values
22:58:57 | INFO | Sliding window: tw=24 pw=24 | samples=278
22:58:57 | INFO | Temporal split: train=194 val=41 test=43 | ratio 70/15/15
22:58:57 | INFO | Z-score: mean=745219340.2524 std=497360623.4328
22:58:57 | INFO | Preprocess done: institutions file=178 n_bytes=OK
22:58:57 | INFO | Epoch   1/100 | train loss: 0.866441 | val loss: 1.402911
22:58:57 | INFO | Epoch  10/100 | train loss: 0.745724 | val loss: 1.281599
22:58:57 | INFO | Early Stopping @ epoch 14 (val loss did not improve for 5 epochs)
22:58:57 | INFO | Training done: 14 epochs, 0.39 sec
22:58:57 | INFO | Metrics: RMSE=383214122.7989  R2=0.3070  sMAPE=42.31%
22:58:57 | INFO | [institutions 178/283] file=179
22:58:57 | INFO | Load file 179/institutions/agg_1_hour/n_bytes | 6718 points | missing 0.0% (1/6718)
22:58:57 | INFO | impute zeros: 1 values
22:58:57 | INFO | Sliding window: tw=24 pw=24 | samples=278
22:58:57 | INFO | Temporal split: train=194 val=41 test=43 | ratio 70/15/15
22:58:57 | INFO | Z-score: mean=950608061.9547 std=1093370548.1352
22:58:57 | INFO | Preprocess done: institutions file=179 n_bytes=OK
22:58:57 | INFO | Epoch   1/100 | train loss: 0.900172 | val loss: 0.703482
22:58:58 | INFO | Epoch  10/100 | train loss: 0.765906 | val loss: 0.748212
22:58:58 | INFO | Early Stopping @ epoch 10 (val loss did not improve for 5 epochs)
22:58:58 | INFO | Training done: 10 epochs, 0.28 sec
22:58:58 | INFO | Metrics: RMSE=785568981.0179  R2=0.1012  sMAPE=78.13%
22:58:58 | INFO | [institutions 179/283] file=180
22:58:58 | INFO | Load file 180/institutions/agg_1_hour/n_bytes | 6718 points | missing 0.0% (1/6718)
22:58:58 | INFO | impute zeros: 1 values
22:58:58 | INFO | Sliding window: tw=24 pw=24 | samples=278
22:58:58 | INFO | Temporal split: train=194 val=41 test=43 | ratio 70/15/15
22:58:58 | INFO | Z-score: mean=184746541.3069 std=261964467.2976
22:58:58 | INFO | Preprocess done: institutions file=180 n_bytes=OK
22:58:58 | INFO | Epoch   1/100 | train loss: 0.977347 | val loss: 0.468825
22:58:58 | INFO | Early Stopping @ epoch 9 (val loss did not improve for 5 epochs)
22:58:58 | INFO | Training done: 9 epochs, 0.24 sec
22:58:58 | INFO | Metrics: RMSE=203337742.8812  R2=-0.0357  sMAPE=92.44%
22:58:58 | INFO | [institutions 180/283] file=181
22:58:58 | INFO | Load file 181/institutions/agg_1_hour/n_bytes | 6718 points | missing 0.0% (3/6718)
22:58:58 | INFO | impute zeros: 3 values
22:58:58 | INFO | Sliding window: tw=24 pw=24 | samples=278
22:58:58 | INFO | Temporal split: train=194 val=41 test=43 | ratio 70/15/15
22:58:58 | INFO | Z-score: mean=556721821.3752 std=1350934768.7151
22:58:58 | INFO | Preprocess done: institutions file=181 n_bytes=OK
22:58:58 | INFO | Epoch   1/100 | train loss: 0.957679 | val loss: 0.233110
22:58:58 | INFO | Epoch  10/100 | train loss: 0.863283 | val loss: 0.232521
22:58:58 | INFO | Epoch  20/100 | train loss: 0.854970 | val loss: 0.228550
22:58:59 | INFO | Early Stopping @ epoch 22 (val loss did not improve for 5 epochs)
22:58:59 | INFO | Training done: 22 epochs, 0.59 sec
22:58:59 | INFO | Metrics: RMSE=1031482855.7186  R2=-0.0018  sMAPE=122.47%
22:58:59 | INFO | [institutions 181/283] file=182
22:58:59 | INFO | Load file 182/institutions/agg_1_hour/n_bytes | 6718 points | missing 0.0% (1/6718)
22:58:59 | INFO | impute zeros: 1 values
22:58:59 | INFO | Sliding window: tw=24 pw=24 | samples=278
22:58:59 | INFO | Temporal split: train=194 val=41 test=43 | ratio 70/15/15
22:58:59 | INFO | Z-score: mean=33548.9643 std=48943.0203
22:58:59 | INFO | Preprocess done: institutions file=182 n_bytes=OK
22:58:59 | INFO | Epoch   1/100 | train loss: 0.899786 | val loss: 0.655315
22:58:59 | INFO | Epoch  10/100 | train loss: 0.696827 | val loss: 0.659468
22:58:59 | INFO | Early Stopping @ epoch 11 (val loss did not improve for 5 epochs)
22:58:59 | INFO | Training done: 11 epochs, 0.29 sec
22:58:59 | INFO | Metrics: RMSE=25133.7277  R2=-0.4055  sMAPE=51.09%
22:58:59 | INFO | [institutions 182/283] file=183
22:58:59 | INFO | Load file 183/institutions/agg_1_hour/n_bytes | 6718 points | missing 0.0% (1/6718)
22:58:59 | INFO | impute zeros: 1 values
22:58:59 | INFO | Sliding window: tw=24 pw=24 | samples=278
22:58:59 | INFO | Temporal split: train=194 val=41 test=43 | ratio 70/15/15
22:58:59 | INFO | Z-score: mean=91364710.3232 std=179429296.0684
22:58:59 | INFO | Preprocess done: institutions file=183 n_bytes=OK
22:58:59 | INFO | Epoch   1/100 | train loss: 0.985589 | val loss: 0.660722
22:58:59 | INFO | Early Stopping @ epoch 6 (val loss did not improve for 5 epochs)
22:58:59 | INFO | Training done: 6 epochs, 0.18 sec
22:58:59 | INFO | Metrics: RMSE=117486209.7220  R2=0.2048  sMAPE=97.51%
22:58:59 | INFO | [institutions 183/283] file=184
22:58:59 | INFO | Load file 184/institutions/agg_1_hour/n_bytes | 6718 points | missing 0.0% (1/6718)
22:58:59 | INFO | impute zeros: 1 values
22:58:59 | INFO | Sliding window: tw=24 pw=24 | samples=278
22:58:59 | INFO | Temporal split: train=194 val=41 test=43 | ratio 70/15/15
22:58:59 | INFO | Z-score: mean=395640159.4280 std=595021180.4847
22:58:59 | INFO | Preprocess done: institutions file=184 n_bytes=OK
22:58:59 | INFO | Epoch   1/100 | train loss: 1.006045 | val loss: 0.553717
22:58:59 | INFO | Epoch  10/100 | train loss: 0.802930 | val loss: 0.553016
22:59:00 | INFO | Epoch  20/100 | train loss: 0.720590 | val loss: 0.614524
22:59:00 | INFO | Early Stopping @ epoch 20 (val loss did not improve for 5 epochs)
22:59:00 | INFO | Training done: 20 epochs, 0.56 sec
22:59:00 | INFO | Metrics: RMSE=383946605.4996  R2=0.1728  sMAPE=74.17%
22:59:00 | INFO | [institutions 184/283] file=185
22:59:00 | INFO | Load file 185/institutions/agg_1_hour/n_bytes | 6718 points | missing 0.0% (1/6718)
22:59:00 | INFO | impute zeros: 1 values
22:59:00 | INFO | Sliding window: tw=24 pw=24 | samples=278
22:59:00 | INFO | Temporal split: train=194 val=41 test=43 | ratio 70/15/15
22:59:00 | INFO | Z-score: mean=181184401.3838 std=262305298.1371
22:59:00 | INFO | Preprocess done: institutions file=185 n_bytes=OK
22:59:00 | INFO | Epoch   1/100 | train loss: 0.901844 | val loss: 0.719527
22:59:00 | INFO | Epoch  10/100 | train loss: 0.734904 | val loss: 0.684368
22:59:00 | INFO | Early Stopping @ epoch 10 (val loss did not improve for 5 epochs)
22:59:00 | INFO | Training done: 10 epochs, 0.28 sec
22:59:00 | INFO | Metrics: RMSE=147650928.0397  R2=0.1793  sMAPE=102.21%
22:59:00 | INFO | [institutions 185/283] file=186
22:59:00 | INFO | Load file 186/institutions/agg_1_hour/n_bytes | 6718 points | missing 0.0% (1/6718)
22:59:00 | INFO | impute zeros: 1 values
22:59:00 | INFO | Sliding window: tw=24 pw=24 | samples=278
22:59:00 | INFO | Temporal split: train=194 val=41 test=43 | ratio 70/15/15
22:59:00 | INFO | Z-score: mean=290081667.4512 std=371233216.8434
22:59:00 | INFO | Preprocess done: institutions file=186 n_bytes=OK
22:59:00 | INFO | Epoch   1/100 | train loss: 0.822472 | val loss: 1.728058
22:59:00 | INFO | Epoch  10/100 | train loss: 0.640253 | val loss: 1.306000
22:59:00 | INFO | Early Stopping @ epoch 12 (val loss did not improve for 5 epochs)
22:59:00 | INFO | Training done: 12 epochs, 0.34 sec
22:59:00 | INFO | Metrics: RMSE=271710532.8771  R2=0.0254  sMAPE=73.67%
22:59:00 | INFO | [institutions 186/283] file=187
22:59:00 | INFO | Load file 187/institutions/agg_1_hour/n_bytes | 6718 points | missing 0.0% (1/6718)
22:59:00 | INFO | impute zeros: 1 values
22:59:00 | INFO | Sliding window: tw=24 pw=24 | samples=278
22:59:00 | INFO | Temporal split: train=194 val=41 test=43 | ratio 70/15/15
22:59:00 | INFO | Z-score: mean=270252447.2197 std=291569658.8457
22:59:00 | INFO | Preprocess done: institutions file=187 n_bytes=OK
22:59:00 | INFO | Epoch   1/100 | train loss: 0.944986 | val loss: 4.157345
22:59:01 | INFO | Early Stopping @ epoch 9 (val loss did not improve for 5 epochs)
22:59:01 | INFO | Training done: 9 epochs, 0.26 sec
22:59:01 | INFO | Metrics: RMSE=259497604.9909  R2=0.1125  sMAPE=59.17%
22:59:01 | INFO | [institutions 187/283] file=188
22:59:01 | INFO | Load file 188/institutions/agg_1_hour/n_bytes | 6718 points | missing 0.0% (1/6718)
22:59:01 | INFO | impute zeros: 1 values
22:59:01 | INFO | Sliding window: tw=24 pw=24 | samples=278
22:59:01 | INFO | Temporal split: train=194 val=41 test=43 | ratio 70/15/15
22:59:01 | INFO | Z-score: mean=66962531.7249 std=215877555.8740
22:59:01 | INFO | Preprocess done: institutions file=188 n_bytes=OK
22:59:01 | INFO | Epoch   1/100 | train loss: 0.988491 | val loss: 0.189056
22:59:01 | INFO | Early Stopping @ epoch 7 (val loss did not improve for 5 epochs)
22:59:01 | INFO | Training done: 7 epochs, 0.21 sec
22:59:01 | INFO | Metrics: RMSE=137467951.5845  R2=-0.0777  sMAPE=71.57%
22:59:01 | INFO | [institutions 188/283] file=189
22:59:01 | INFO | Load file 189/institutions/agg_1_hour/n_bytes | 6718 points | missing 0.0% (1/6718)
22:59:01 | INFO | impute zeros: 1 values
22:59:01 | INFO | Sliding window: tw=24 pw=24 | samples=278
22:59:01 | INFO | Temporal split: train=194 val=41 test=43 | ratio 70/15/15
22:59:01 | INFO | Z-score: mean=194639552.1929 std=530256868.0137
22:59:01 | INFO | Preprocess done: institutions file=189 n_bytes=OK
22:59:01 | INFO | Epoch   1/100 | train loss: 0.889149 | val loss: 0.458984
22:59:01 | INFO | Epoch  10/100 | train loss: 0.804144 | val loss: 0.455273
22:59:01 | INFO | Early Stopping @ epoch 12 (val loss did not improve for 5 epochs)
22:59:01 | INFO | Training done: 12 epochs, 0.33 sec
22:59:01 | INFO | Metrics: RMSE=381339958.6051  R2=0.1289  sMAPE=164.62%
22:59:01 | INFO | [institutions 189/283] file=190
22:59:01 | INFO | Load file 190/institutions/agg_1_hour/n_bytes | 6718 points | missing 0.0% (2/6718)
22:59:01 | INFO | impute zeros: 2 values
22:59:01 | INFO | Sliding window: tw=24 pw=24 | samples=278
22:59:01 | INFO | Temporal split: train=194 val=41 test=43 | ratio 70/15/15
22:59:01 | INFO | Z-score: mean=35172661.5103 std=70744057.3860
22:59:01 | INFO | Preprocess done: institutions file=190 n_bytes=OK
22:59:01 | INFO | Epoch   1/100 | train loss: 0.926780 | val loss: 0.813980
22:59:01 | INFO | Early Stopping @ epoch 6 (val loss did not improve for 5 epochs)
22:59:01 | INFO | Training done: 6 epochs, 0.16 sec
22:59:01 | INFO | Metrics: RMSE=117649723.0193  R2=0.0458  sMAPE=120.69%
22:59:01 | INFO | [institutions 190/283] file=191
22:59:01 | INFO | Load file 191/institutions/agg_1_hour/n_bytes | 6718 points | missing 0.1% (10/6718)
22:59:01 | INFO | impute zeros: 10 values
22:59:01 | INFO | Sliding window: tw=24 pw=24 | samples=278
22:59:01 | INFO | Temporal split: train=194 val=41 test=43 | ratio 70/15/15
22:59:01 | INFO | Z-score: mean=96699895.3258 std=220301181.9309
22:59:01 | INFO | Preprocess done: institutions file=191 n_bytes=OK
22:59:01 | INFO | Epoch   1/100 | train loss: 0.995914 | val loss: 0.256237
22:59:02 | INFO | Early Stopping @ epoch 6 (val loss did not improve for 5 epochs)
22:59:02 | INFO | Training done: 6 epochs, 0.17 sec
22:59:02 | INFO | Metrics: RMSE=122527626.5656  R2=-1.3037  sMAPE=154.20%
22:59:02 | INFO | [institutions 191/283] file=192
22:59:02 | INFO | Load file 192/institutions/agg_1_hour/n_bytes | 6718 points | missing 0.0% (1/6718)
22:59:02 | INFO | impute zeros: 1 values
22:59:02 | INFO | Sliding window: tw=24 pw=24 | samples=278
22:59:02 | INFO | Temporal split: train=194 val=41 test=43 | ratio 70/15/15
22:59:02 | INFO | Z-score: mean=14050546.0367 std=14218205.5146
22:59:02 | INFO | Preprocess done: institutions file=192 n_bytes=OK
22:59:02 | INFO | Epoch   1/100 | train loss: 0.960945 | val loss: 3.828012
22:59:02 | INFO | Epoch  10/100 | train loss: 0.712152 | val loss: 3.056413
22:59:02 | INFO | Early Stopping @ epoch 10 (val loss did not improve for 5 epochs)
22:59:02 | INFO | Training done: 10 epochs, 0.29 sec
22:59:02 | INFO | Metrics: RMSE=41572382.5283  R2=-0.4665  sMAPE=68.68%
22:59:02 | INFO | [institutions 192/283] file=193
22:59:02 | INFO | Load file 193/institutions/agg_1_hour/n_bytes | 6718 points | missing 0.0% (1/6718)
22:59:02 | INFO | impute zeros: 1 values
22:59:02 | INFO | Sliding window: tw=24 pw=24 | samples=278
22:59:02 | INFO | Temporal split: train=194 val=41 test=43 | ratio 70/15/15
22:59:02 | INFO | Z-score: mean=971332156.1413 std=582963748.1392
22:59:02 | INFO | Preprocess done: institutions file=193 n_bytes=OK
22:59:02 | INFO | Epoch   1/100 | train loss: 0.795225 | val loss: 0.743897
22:59:02 | INFO | Early Stopping @ epoch 8 (val loss did not improve for 5 epochs)
22:59:02 | INFO | Training done: 8 epochs, 0.22 sec
22:59:02 | INFO | Metrics: RMSE=437375165.3780  R2=-0.0471  sMAPE=52.27%
22:59:02 | INFO | [institutions 193/283] file=194
22:59:02 | INFO | Load file 194/institutions/agg_1_hour/n_bytes | 6718 points | missing 0.0% (1/6718)
22:59:02 | INFO | impute zeros: 1 values
22:59:02 | INFO | Sliding window: tw=24 pw=24 | samples=278
22:59:02 | INFO | Temporal split: train=194 val=41 test=43 | ratio 70/15/15
22:59:02 | INFO | Z-score: mean=107458627.8726 std=168409237.5907
22:59:02 | INFO | Preprocess done: institutions file=194 n_bytes=OK
22:59:02 | INFO | Epoch   1/100 | train loss: 0.937848 | val loss: 4.059572
22:59:02 | INFO | Early Stopping @ epoch 9 (val loss did not improve for 5 epochs)
22:59:02 | INFO | Training done: 9 epochs, 0.29 sec
22:59:02 | INFO | Metrics: RMSE=194824658.5625  R2=0.1640  sMAPE=90.48%
22:59:02 | INFO | [institutions 194/283] file=195
22:59:02 | INFO | Load file 195/institutions/agg_1_hour/n_bytes | 6718 points | missing 0.0% (1/6718)
22:59:02 | INFO | impute zeros: 1 values
22:59:02 | INFO | Sliding window: tw=24 pw=24 | samples=278
22:59:02 | INFO | Temporal split: train=194 val=41 test=43 | ratio 70/15/15
22:59:02 | INFO | Z-score: mean=37856176.4639 std=70752484.0467
22:59:02 | INFO | Preprocess done: institutions file=195 n_bytes=OK
22:59:03 | INFO | Epoch   1/100 | train loss: 0.922937 | val loss: 0.923395
22:59:03 | INFO | Early Stopping @ epoch 6 (val loss did not improve for 5 epochs)
22:59:03 | INFO | Training done: 6 epochs, 0.18 sec
22:59:03 | INFO | Metrics: RMSE=157503796.0473  R2=0.0131  sMAPE=111.08%
22:59:03 | INFO | [institutions 195/283] file=196
22:59:03 | INFO | Load file 196/institutions/agg_1_hour/n_bytes | 6718 points | missing 0.0% (1/6718)
22:59:03 | INFO | impute zeros: 1 values
22:59:03 | INFO | Sliding window: tw=24 pw=24 | samples=278
22:59:03 | INFO | Temporal split: train=194 val=41 test=43 | ratio 70/15/15
22:59:03 | INFO | Z-score: mean=142326767.9373 std=263938655.3025
22:59:03 | INFO | Preprocess done: institutions file=196 n_bytes=OK
22:59:03 | INFO | Epoch   1/100 | train loss: 0.831851 | val loss: 0.842974
22:59:03 | INFO | Early Stopping @ epoch 6 (val loss did not improve for 5 epochs)
22:59:03 | INFO | Training done: 6 epochs, 0.19 sec
22:59:03 | INFO | Metrics: RMSE=209973007.0288  R2=0.1256  sMAPE=99.23%
22:59:03 | INFO | [institutions 196/283] file=197
22:59:03 | INFO | Load file 197/institutions/agg_1_hour/n_bytes | 6718 points | missing 0.0% (1/6718)
22:59:03 | INFO | impute zeros: 1 values
22:59:03 | INFO | Sliding window: tw=24 pw=24 | samples=278
22:59:03 | INFO | Temporal split: train=194 val=41 test=43 | ratio 70/15/15
22:59:03 | INFO | Z-score: mean=35240431.0573 std=78770785.8745
22:59:03 | INFO | Preprocess done: institutions file=197 n_bytes=OK
22:59:03 | INFO | Epoch   1/100 | train loss: 0.926484 | val loss: 4.136624
22:59:03 | INFO | Epoch  10/100 | train loss: 0.802417 | val loss: 4.183116
22:59:03 | INFO | Early Stopping @ epoch 11 (val loss did not improve for 5 epochs)
22:59:03 | INFO | Training done: 11 epochs, 0.36 sec
22:59:03 | INFO | Metrics: RMSE=84584587.8879  R2=0.0920  sMAPE=147.34%
22:59:03 | INFO | [institutions 197/283] file=198
22:59:03 | INFO | Load file 198/institutions/agg_1_hour/n_bytes | 6718 points | missing 0.0% (1/6718)
22:59:03 | INFO | impute zeros: 1 values
22:59:03 | INFO | Sliding window: tw=24 pw=24 | samples=278
22:59:03 | INFO | Temporal split: train=194 val=41 test=43 | ratio 70/15/15
22:59:03 | INFO | Z-score: mean=343369545.6862 std=552942619.8108
22:59:03 | INFO | Preprocess done: institutions file=198 n_bytes=OK
22:59:03 | INFO | Epoch   1/100 | train loss: 0.882486 | val loss: 0.667513
22:59:04 | INFO | Epoch  10/100 | train loss: 0.754969 | val loss: 0.655032
22:59:04 | INFO | Early Stopping @ epoch 11 (val loss did not improve for 5 epochs)
22:59:04 | INFO | Training done: 11 epochs, 0.32 sec
22:59:04 | INFO | Metrics: RMSE=328918813.9458  R2=-1.4545  sMAPE=114.89%
22:59:04 | INFO | [institutions 198/283] file=199
22:59:04 | INFO | Load file 199/institutions/agg_1_hour/n_bytes | 6718 points | missing 0.0% (1/6718)
22:59:04 | INFO | impute zeros: 1 values
22:59:04 | INFO | Sliding window: tw=24 pw=24 | samples=278
22:59:04 | INFO | Temporal split: train=194 val=41 test=43 | ratio 70/15/15
22:59:04 | INFO | Z-score: mean=245846760.9897 std=377135671.2929
22:59:04 | INFO | Preprocess done: institutions file=199 n_bytes=OK
22:59:04 | INFO | Epoch   1/100 | train loss: 0.821037 | val loss: 1.701630
22:59:04 | INFO | Epoch  10/100 | train loss: 0.703869 | val loss: 1.659306
22:59:04 | INFO | Epoch  20/100 | train loss: 0.702391 | val loss: 1.636437
22:59:04 | INFO | Early Stopping @ epoch 23 (val loss did not improve for 5 epochs)
22:59:04 | INFO | Training done: 23 epochs, 0.66 sec
22:59:04 | INFO | Metrics: RMSE=564739753.6886  R2=0.0203  sMAPE=99.95%
22:59:04 | INFO | [institutions 199/283] file=200
22:59:04 | INFO | Load file 200/institutions/agg_1_hour/n_bytes | 6718 points | missing 0.0% (1/6718)
22:59:04 | INFO | impute zeros: 1 values
22:59:04 | INFO | Sliding window: tw=24 pw=24 | samples=278
22:59:04 | INFO | Temporal split: train=194 val=41 test=43 | ratio 70/15/15
22:59:04 | INFO | Z-score: mean=510453267.2133 std=533839355.9412
22:59:04 | INFO | Preprocess done: institutions file=200 n_bytes=OK
22:59:04 | INFO | Epoch   1/100 | train loss: 0.897034 | val loss: 0.548968
22:59:05 | INFO | Epoch  10/100 | train loss: 0.775129 | val loss: 0.475901
22:59:05 | INFO | Early Stopping @ epoch 14 (val loss did not improve for 5 epochs)
22:59:05 | INFO | Training done: 14 epochs, 0.43 sec
22:59:05 | INFO | Metrics: RMSE=385306748.4909  R2=0.1285  sMAPE=65.15%
22:59:05 | INFO | [institutions 200/283] file=201
22:59:05 | INFO | Load file 201/institutions/agg_1_hour/n_bytes | 6718 points | missing 0.0% (1/6718)
22:59:05 | INFO | impute zeros: 1 values
22:59:05 | INFO | Sliding window: tw=24 pw=24 | samples=278
22:59:05 | INFO | Temporal split: train=194 val=41 test=43 | ratio 70/15/15
22:59:05 | INFO | Z-score: mean=268580111.5913 std=555241320.6786
22:59:05 | INFO | Preprocess done: institutions file=201 n_bytes=OK
22:59:05 | INFO | Epoch   1/100 | train loss: 0.972352 | val loss: 1.513570
22:59:05 | INFO | Early Stopping @ epoch 6 (val loss did not improve for 5 epochs)
22:59:05 | INFO | Training done: 6 epochs, 0.16 sec
22:59:05 | INFO | Metrics: RMSE=547812485.5099  R2=0.0262  sMAPE=109.51%
22:59:05 | INFO | [institutions 201/283] file=202
22:59:05 | INFO | Load file 202/institutions/agg_1_hour/n_bytes | 6718 points | missing 0.4% (25/6718)
22:59:05 | INFO | impute zeros: 25 values
22:59:05 | INFO | Sliding window: tw=24 pw=24 | samples=278
22:59:05 | INFO | Temporal split: train=194 val=41 test=43 | ratio 70/15/15
22:59:05 | INFO | Z-score: mean=275420958.6641 std=654096404.9906
22:59:05 | INFO | Preprocess done: institutions file=202 n_bytes=OK
22:59:05 | INFO | Epoch   1/100 | train loss: 0.927959 | val loss: 0.084655
22:59:05 | INFO | Epoch  10/100 | train loss: 0.865577 | val loss: 0.113270
22:59:05 | INFO | Early Stopping @ epoch 10 (val loss did not improve for 5 epochs)
22:59:05 | INFO | Training done: 10 epochs, 0.26 sec
22:59:05 | INFO | Metrics: RMSE=218628180.5298  R2=-208.0969  sMAPE=179.17%
22:59:05 | INFO | [institutions 202/283] file=203
22:59:05 | INFO | Load file 203/institutions/agg_1_hour/n_bytes | 6718 points | missing 0.0% (1/6718)
22:59:05 | INFO | impute zeros: 1 values
22:59:05 | INFO | Sliding window: tw=24 pw=24 | samples=278
22:59:05 | INFO | Temporal split: train=194 val=41 test=43 | ratio 70/15/15
22:59:05 | INFO | Z-score: mean=448533154.1140 std=567148388.2986
22:59:05 | INFO | Preprocess done: institutions file=203 n_bytes=OK
22:59:05 | INFO | Epoch   1/100 | train loss: 0.784899 | val loss: 1.493757
22:59:06 | INFO | Epoch  10/100 | train loss: 0.390044 | val loss: 0.609459
22:59:06 | INFO | Early Stopping @ epoch 15 (val loss did not improve for 5 epochs)
22:59:06 | INFO | Training done: 15 epochs, 0.41 sec
22:59:06 | INFO | Metrics: RMSE=382720372.6446  R2=-4.2429  sMAPE=124.93%
22:59:06 | INFO | [institutions 203/283] file=204
22:59:06 | INFO | Load file 204/institutions/agg_1_hour/n_bytes | 6718 points | missing 0.0% (1/6718)
22:59:06 | INFO | impute zeros: 1 values
22:59:06 | INFO | Sliding window: tw=24 pw=24 | samples=278
22:59:06 | INFO | Temporal split: train=194 val=41 test=43 | ratio 70/15/15
22:59:06 | INFO | Z-score: mean=68554477.2167 std=242604946.1877
22:59:06 | INFO | Preprocess done: institutions file=204 n_bytes=OK
22:59:06 | INFO | Epoch   1/100 | train loss: 0.986788 | val loss: 0.149481
22:59:06 | INFO | Early Stopping @ epoch 6 (val loss did not improve for 5 epochs)
22:59:06 | INFO | Training done: 6 epochs, 0.17 sec
22:59:06 | INFO | Metrics: RMSE=1969238920.2668  R2=-0.0333  sMAPE=121.89%
22:59:06 | INFO | [institutions 204/283] file=205
22:59:06 | INFO | Load file 205/institutions/agg_1_hour/n_bytes | 6718 points | missing 0.0% (1/6718)
22:59:06 | INFO | impute zeros: 1 values
22:59:06 | INFO | Sliding window: tw=24 pw=24 | samples=278
22:59:06 | INFO | Temporal split: train=194 val=41 test=43 | ratio 70/15/15
22:59:06 | INFO | Z-score: mean=225087581.1748 std=374523036.5176
22:59:06 | INFO | Preprocess done: institutions file=205 n_bytes=OK
22:59:06 | INFO | Epoch   1/100 | train loss: 0.866067 | val loss: 0.821721
22:59:06 | INFO | Early Stopping @ epoch 8 (val loss did not improve for 5 epochs)
22:59:06 | INFO | Training done: 8 epochs, 0.21 sec
22:59:06 | INFO | Metrics: RMSE=296292134.7852  R2=-0.0280  sMAPE=103.52%
22:59:06 | INFO | [institutions 205/283] file=206
22:59:06 | INFO | Load file 206/institutions/agg_1_hour/n_bytes | 6718 points | missing 0.1% (4/6718)
22:59:06 | INFO | impute zeros: 4 values
22:59:06 | INFO | Sliding window: tw=24 pw=24 | samples=278
22:59:06 | INFO | Temporal split: train=194 val=41 test=43 | ratio 70/15/15
22:59:06 | INFO | Z-score: mean=172197304.7363 std=342023073.1065
22:59:06 | INFO | Preprocess done: institutions file=206 n_bytes=OK
22:59:06 | INFO | Epoch   1/100 | train loss: 0.922957 | val loss: 0.456227
22:59:06 | INFO | Early Stopping @ epoch 6 (val loss did not improve for 5 epochs)
22:59:06 | INFO | Training done: 6 epochs, 0.16 sec
22:59:06 | INFO | Metrics: RMSE=285515711.5371  R2=0.1467  sMAPE=104.36%
22:59:06 | INFO | [institutions 206/283] file=207
22:59:06 | INFO | Load file 207/institutions/agg_1_hour/n_bytes | 6718 points | missing 0.0% (1/6718)
22:59:06 | INFO | impute zeros: 1 values
22:59:06 | INFO | Sliding window: tw=24 pw=24 | samples=278
22:59:06 | INFO | Temporal split: train=194 val=41 test=43 | ratio 70/15/15
22:59:06 | INFO | Z-score: mean=81396380.4347 std=189231590.2725
22:59:06 | INFO | Preprocess done: institutions file=207 n_bytes=OK
22:59:06 | INFO | Epoch   1/100 | train loss: 0.893684 | val loss: 1.095303
22:59:07 | INFO | Epoch  10/100 | train loss: 0.746926 | val loss: 1.084758
22:59:07 | INFO | Early Stopping @ epoch 14 (val loss did not improve for 5 epochs)
22:59:07 | INFO | Training done: 14 epochs, 0.41 sec
22:59:07 | INFO | Metrics: RMSE=157545438.2831  R2=0.0313  sMAPE=155.25%
22:59:07 | INFO | [institutions 207/283] file=208
22:59:07 | INFO | Load file 208/institutions/agg_1_hour/n_bytes | 6718 points | missing 0.0% (1/6718)
22:59:07 | INFO | impute zeros: 1 values
22:59:07 | INFO | Sliding window: tw=24 pw=24 | samples=278
22:59:07 | INFO | Temporal split: train=194 val=41 test=43 | ratio 70/15/15
22:59:07 | INFO | Z-score: mean=533880109.4663 std=711324102.8727
22:59:07 | INFO | Preprocess done: institutions file=208 n_bytes=OK
22:59:07 | INFO | Epoch   1/100 | train loss: 0.857146 | val loss: 0.539620
22:59:07 | INFO | Epoch  10/100 | train loss: 0.577037 | val loss: 0.453808
22:59:07 | INFO | Early Stopping @ epoch 14 (val loss did not improve for 5 epochs)
22:59:07 | INFO | Training done: 14 epochs, 0.40 sec
22:59:07 | INFO | Metrics: RMSE=402591056.2153  R2=0.1707  sMAPE=119.79%
22:59:07 | INFO | [institutions 208/283] file=209
22:59:07 | INFO | Load file 209/institutions/agg_1_hour/n_bytes | 6718 points | missing 0.1% (5/6718)
22:59:07 | INFO | impute zeros: 5 values
22:59:07 | INFO | Sliding window: tw=24 pw=24 | samples=278
22:59:07 | INFO | Temporal split: train=194 val=41 test=43 | ratio 70/15/15
22:59:07 | INFO | Z-score: mean=1227205542.9089 std=767351043.7535
22:59:07 | INFO | Preprocess done: institutions file=209 n_bytes=OK
22:59:07 | INFO | Epoch   1/100 | train loss: 0.919959 | val loss: 1.177003
22:59:07 | INFO | Early Stopping @ epoch 9 (val loss did not improve for 5 epochs)
22:59:07 | INFO | Training done: 9 epochs, 0.24 sec
22:59:07 | INFO | Metrics: RMSE=636611379.9279  R2=0.1563  sMAPE=50.61%
22:59:07 | INFO | [institutions 209/283] file=210
22:59:07 | INFO | Load file 210/institutions/agg_1_hour/n_bytes | 6718 points | missing 0.0% (1/6718)
22:59:07 | INFO | impute zeros: 1 values
22:59:07 | INFO | Sliding window: tw=24 pw=24 | samples=278
22:59:07 | INFO | Temporal split: train=194 val=41 test=43 | ratio 70/15/15
22:59:07 | INFO | Z-score: mean=190781875.1205 std=231920353.2548
22:59:07 | INFO | Preprocess done: institutions file=210 n_bytes=OK
22:59:08 | INFO | Epoch   1/100 | train loss: 0.864370 | val loss: 0.957067
22:59:08 | INFO | Epoch  10/100 | train loss: 0.748769 | val loss: 0.748266
22:59:08 | INFO | Epoch  20/100 | train loss: 0.703966 | val loss: 0.734097
22:59:08 | INFO | Early Stopping @ epoch 21 (val loss did not improve for 5 epochs)
22:59:08 | INFO | Training done: 21 epochs, 0.58 sec
22:59:08 | INFO | Metrics: RMSE=391395702.1463  R2=0.1861  sMAPE=71.74%
22:59:08 | INFO | [institutions 210/283] file=211
22:59:08 | INFO | Load file 211/institutions/agg_1_hour/n_bytes | 6718 points | missing 0.0% (1/6718)
22:59:08 | INFO | impute zeros: 1 values
22:59:08 | INFO | Sliding window: tw=24 pw=24 | samples=278
22:59:08 | INFO | Temporal split: train=194 val=41 test=43 | ratio 70/15/15
22:59:08 | INFO | Z-score: mean=202761815.0140 std=602920302.7271
22:59:08 | INFO | Preprocess done: institutions file=211 n_bytes=OK
22:59:08 | INFO | Epoch   1/100 | train loss: 0.970172 | val loss: 0.190224
22:59:08 | INFO | Epoch  10/100 | train loss: 0.943375 | val loss: 0.194407
22:59:08 | INFO | Early Stopping @ epoch 10 (val loss did not improve for 5 epochs)
22:59:08 | INFO | Training done: 10 epochs, 0.29 sec
22:59:08 | INFO | Metrics: RMSE=289769449.8026  R2=0.0070  sMAPE=126.32%
22:59:08 | INFO | [institutions 211/283] file=212
22:59:08 | INFO | Load file 212/institutions/agg_1_hour/n_bytes | 6718 points | missing 0.0% (1/6718)
22:59:08 | INFO | impute zeros: 1 values
22:59:08 | INFO | Sliding window: tw=24 pw=24 | samples=278
22:59:08 | INFO | Temporal split: train=194 val=41 test=43 | ratio 70/15/15
22:59:08 | INFO | Z-score: mean=244086747.2826 std=164742701.9314
22:59:08 | INFO | Preprocess done: institutions file=212 n_bytes=OK
22:59:08 | INFO | Epoch   1/100 | train loss: 0.950755 | val loss: 0.511591
22:59:09 | INFO | Epoch  10/100 | train loss: 0.770474 | val loss: 0.482533
22:59:09 | INFO | Early Stopping @ epoch 13 (val loss did not improve for 5 epochs)
22:59:09 | INFO | Training done: 13 epochs, 0.38 sec
22:59:09 | INFO | Metrics: RMSE=111541765.7409  R2=0.0194  sMAPE=29.98%
22:59:09 | INFO | [institutions 212/283] file=213
22:59:09 | INFO | Load file 213/institutions/agg_1_hour/n_bytes | 6718 points | missing 0.0% (1/6718)
22:59:09 | INFO | impute zeros: 1 values
22:59:09 | INFO | Sliding window: tw=24 pw=24 | samples=278
22:59:09 | INFO | Temporal split: train=194 val=41 test=43 | ratio 70/15/15
22:59:09 | INFO | Z-score: mean=139719598.0292 std=305030645.0696
22:59:09 | INFO | Preprocess done: institutions file=213 n_bytes=OK
22:59:09 | INFO | Epoch   1/100 | train loss: 0.969239 | val loss: 0.385781
22:59:09 | INFO | Epoch  10/100 | train loss: 0.864714 | val loss: 0.381152
22:59:09 | INFO | Early Stopping @ epoch 10 (val loss did not improve for 5 epochs)
22:59:09 | INFO | Training done: 10 epochs, 0.30 sec
22:59:09 | INFO | Metrics: RMSE=127977045.9553  R2=-0.2987  sMAPE=108.42%
22:59:09 | INFO | [institutions 213/283] file=214
22:59:09 | INFO | Load file 214/institutions/agg_1_hour/n_bytes | 6718 points | missing 0.0% (3/6718)
22:59:09 | INFO | impute zeros: 3 values
22:59:09 | INFO | Sliding window: tw=24 pw=24 | samples=278
22:59:09 | INFO | Temporal split: train=194 val=41 test=43 | ratio 70/15/15
22:59:09 | INFO | Z-score: mean=187688447.5539 std=374412550.1961
22:59:09 | INFO | Preprocess done: institutions file=214 n_bytes=OK
22:59:09 | INFO | Epoch   1/100 | train loss: 0.744676 | val loss: 0.647360
22:59:09 | INFO | Epoch  10/100 | train loss: 0.686167 | val loss: 0.591604
22:59:09 | INFO | Early Stopping @ epoch 11 (val loss did not improve for 5 epochs)
22:59:09 | INFO | Training done: 11 epochs, 0.35 sec
22:59:10 | INFO | Metrics: RMSE=242633366.4515  R2=-0.3750  sMAPE=131.76%
22:59:10 | INFO | [institutions 214/283] file=215
22:59:10 | INFO | Load file 215/institutions/agg_1_hour/n_bytes | 6718 points | missing 0.0% (1/6718)
22:59:10 | INFO | impute zeros: 1 values
22:59:10 | INFO | Sliding window: tw=24 pw=24 | samples=278
22:59:10 | INFO | Temporal split: train=194 val=41 test=43 | ratio 70/15/15
22:59:10 | INFO | Z-score: mean=567002368.2558 std=872214226.9985
22:59:10 | INFO | Preprocess done: institutions file=215 n_bytes=OK
22:59:10 | INFO | Epoch   1/100 | train loss: 0.960214 | val loss: 0.732337
22:59:10 | INFO | Epoch  10/100 | train loss: 0.892152 | val loss: 0.735414
22:59:10 | INFO | Early Stopping @ epoch 16 (val loss did not improve for 5 epochs)
22:59:10 | INFO | Training done: 16 epochs, 0.49 sec
22:59:10 | INFO | Metrics: RMSE=879101508.1127  R2=0.0603  sMAPE=78.60%
22:59:10 | INFO | [institutions 215/283] file=216
22:59:10 | INFO | Load file 216/institutions/agg_1_hour/n_bytes | 6718 points | missing 0.0% (1/6718)
22:59:10 | INFO | impute zeros: 1 values
22:59:10 | INFO | Sliding window: tw=24 pw=24 | samples=278
22:59:10 | INFO | Temporal split: train=194 val=41 test=43 | ratio 70/15/15
22:59:10 | INFO | Z-score: mean=96066248.3179 std=197248037.4445
22:59:10 | INFO | Preprocess done: institutions file=216 n_bytes=OK
22:59:10 | INFO | Epoch   1/100 | train loss: 0.808722 | val loss: 0.645034
22:59:10 | INFO | Epoch  10/100 | train loss: 0.681053 | val loss: 0.615679
22:59:10 | INFO | Early Stopping @ epoch 14 (val loss did not improve for 5 epochs)
22:59:10 | INFO | Training done: 14 epochs, 0.40 sec
22:59:10 | INFO | Metrics: RMSE=176141971.4824  R2=0.0488  sMAPE=81.35%
22:59:10 | INFO | [institutions 216/283] file=217
22:59:10 | INFO | Load file 217/institutions/agg_1_hour/n_bytes | 6718 points | missing 0.2% (14/6718)
22:59:10 | INFO | impute zeros: 14 values
22:59:10 | INFO | Sliding window: tw=24 pw=24 | samples=278
22:59:10 | INFO | Temporal split: train=194 val=41 test=43 | ratio 70/15/15
22:59:10 | INFO | Z-score: mean=29623516.2792 std=102525449.1983
22:59:10 | INFO | Preprocess done: institutions file=217 n_bytes=OK
22:59:11 | INFO | Epoch   1/100 | train loss: 0.907982 | val loss: 5.433483
22:59:11 | INFO | Epoch  10/100 | train loss: 0.665597 | val loss: 4.677408
22:59:11 | INFO | Early Stopping @ epoch 15 (val loss did not improve for 5 epochs)
22:59:11 | INFO | Training done: 15 epochs, 0.42 sec
22:59:11 | INFO | Metrics: RMSE=238417200.9485  R2=0.2397  sMAPE=90.46%
22:59:11 | INFO | [institutions 217/283] file=218
22:59:11 | INFO | Load file 218/institutions/agg_1_hour/n_bytes | 6718 points | missing 0.0% (1/6718)
22:59:11 | INFO | impute zeros: 1 values
22:59:11 | INFO | Sliding window: tw=24 pw=24 | samples=278
22:59:11 | INFO | Temporal split: train=194 val=41 test=43 | ratio 70/15/15
22:59:11 | INFO | Z-score: mean=265497778.4955 std=212938768.4506
22:59:11 | INFO | Preprocess done: institutions file=218 n_bytes=OK
22:59:11 | INFO | Epoch   1/100 | train loss: 0.953813 | val loss: 1.264052
22:59:11 | INFO | Early Stopping @ epoch 9 (val loss did not improve for 5 epochs)
22:59:11 | INFO | Training done: 9 epochs, 0.26 sec
22:59:11 | INFO | Metrics: RMSE=214777906.6622  R2=0.0514  sMAPE=56.24%
22:59:11 | INFO | [institutions 218/283] file=219
22:59:11 | INFO | Load file 219/institutions/agg_1_hour/n_bytes | 6718 points | missing 0.0% (3/6718)
22:59:11 | INFO | impute zeros: 3 values
22:59:11 | INFO | Sliding window: tw=24 pw=24 | samples=278
22:59:11 | INFO | Temporal split: train=194 val=41 test=43 | ratio 70/15/15
22:59:11 | INFO | Z-score: mean=233078116.1529 std=380499310.9204
22:59:11 | INFO | Preprocess done: institutions file=219 n_bytes=OK
22:59:11 | INFO | Epoch   1/100 | train loss: 0.876284 | val loss: 0.728555
22:59:11 | INFO | Epoch  10/100 | train loss: 0.649480 | val loss: 0.618563
22:59:12 | INFO | Epoch  20/100 | train loss: 0.606981 | val loss: 0.635360
22:59:12 | INFO | Early Stopping @ epoch 20 (val loss did not improve for 5 epochs)
22:59:12 | INFO | Training done: 20 epochs, 0.56 sec
22:59:12 | INFO | Metrics: RMSE=279738072.5618  R2=-0.1820  sMAPE=113.36%
22:59:12 | INFO | [institutions 219/283] file=220
22:59:12 | INFO | Load file 220/institutions/agg_1_hour/n_bytes | 6718 points | missing 0.0% (1/6718)
22:59:12 | INFO | impute zeros: 1 values
22:59:12 | INFO | Sliding window: tw=24 pw=24 | samples=278
22:59:12 | INFO | Temporal split: train=194 val=41 test=43 | ratio 70/15/15
22:59:12 | INFO | Z-score: mean=72398351.6160 std=147775690.5427
22:59:12 | INFO | Preprocess done: institutions file=220 n_bytes=OK
22:59:12 | INFO | Epoch   1/100 | train loss: 0.851455 | val loss: 0.561208
22:59:12 | INFO | Early Stopping @ epoch 8 (val loss did not improve for 5 epochs)
22:59:12 | INFO | Training done: 8 epochs, 0.27 sec
22:59:12 | INFO | Metrics: RMSE=112705041.9617  R2=0.2500  sMAPE=91.53%
22:59:12 | INFO | [institutions 220/283] file=221
22:59:12 | INFO | Load file 221/institutions/agg_1_hour/n_bytes | 6718 points | missing 0.0% (1/6718)
22:59:12 | INFO | impute zeros: 1 values
22:59:12 | INFO | Sliding window: tw=24 pw=24 | samples=278
22:59:12 | INFO | Temporal split: train=194 val=41 test=43 | ratio 70/15/15
22:59:12 | INFO | Z-score: mean=59788372.1065 std=127898313.0461
22:59:12 | INFO | Preprocess done: institutions file=221 n_bytes=OK
22:59:12 | INFO | Epoch   1/100 | train loss: 0.939633 | val loss: 0.621703
22:59:12 | INFO | Early Stopping @ epoch 9 (val loss did not improve for 5 epochs)
22:59:12 | INFO | Training done: 9 epochs, 0.27 sec
22:59:12 | INFO | Metrics: RMSE=75966002.3866  R2=-0.2487  sMAPE=114.56%
22:59:12 | INFO | [institutions 221/283] file=222
22:59:12 | INFO | Load file 222/institutions/agg_1_hour/n_bytes | 6718 points | missing 0.0% (1/6718)
22:59:12 | INFO | impute zeros: 1 values
22:59:12 | INFO | Sliding window: tw=24 pw=24 | samples=278
22:59:12 | INFO | Temporal split: train=194 val=41 test=43 | ratio 70/15/15
22:59:12 | INFO | Z-score: mean=693534638.3726 std=828175834.9732
22:59:12 | INFO | Preprocess done: institutions file=222 n_bytes=OK
22:59:12 | INFO | Epoch   1/100 | train loss: 0.817141 | val loss: 0.616765
22:59:13 | INFO | Epoch  10/100 | train loss: 0.562161 | val loss: 0.597502
22:59:13 | INFO | Epoch  20/100 | train loss: 0.526594 | val loss: 0.575805
22:59:13 | INFO | Early Stopping @ epoch 21 (val loss did not improve for 5 epochs)
22:59:13 | INFO | Training done: 21 epochs, 0.65 sec
22:59:13 | INFO | Metrics: RMSE=641277799.0204  R2=0.0758  sMAPE=90.33%
22:59:13 | INFO | [institutions 222/283] file=223
22:59:13 | INFO | Load file 223/institutions/agg_1_hour/n_bytes | 6718 points | missing 0.0% (1/6718)
22:59:13 | INFO | impute zeros: 1 values
22:59:13 | INFO | Sliding window: tw=24 pw=24 | samples=278
22:59:13 | INFO | Temporal split: train=194 val=41 test=43 | ratio 70/15/15
22:59:13 | INFO | Z-score: mean=144255678.2794 std=279260356.9802
22:59:13 | INFO | Preprocess done: institutions file=223 n_bytes=OK
22:59:13 | INFO | Epoch   1/100 | train loss: 0.935020 | val loss: 0.581347
22:59:13 | INFO | Epoch  10/100 | train loss: 0.623699 | val loss: 0.573723
22:59:14 | INFO | Epoch  20/100 | train loss: 0.629404 | val loss: 0.520429
22:59:14 | INFO | Early Stopping @ epoch 28 (val loss did not improve for 5 epochs)
22:59:14 | INFO | Training done: 28 epochs, 0.77 sec
22:59:14 | INFO | Metrics: RMSE=198101817.7635  R2=0.0102  sMAPE=116.94%
22:59:14 | INFO | [institutions 223/283] file=224
22:59:14 | INFO | Load file 224/institutions/agg_1_hour/n_bytes | 6718 points | missing 0.0% (2/6718)
22:59:14 | INFO | impute zeros: 2 values
22:59:14 | INFO | Sliding window: tw=24 pw=24 | samples=278
22:59:14 | INFO | Temporal split: train=194 val=41 test=43 | ratio 70/15/15
22:59:14 | INFO | Z-score: mean=244128371.8104 std=342895737.0105
22:59:14 | INFO | Preprocess done: institutions file=224 n_bytes=OK
22:59:14 | INFO | Epoch   1/100 | train loss: 0.815827 | val loss: 0.871269
22:59:14 | INFO | Early Stopping @ epoch 7 (val loss did not improve for 5 epochs)
22:59:14 | INFO | Training done: 7 epochs, 0.20 sec
22:59:14 | INFO | Metrics: RMSE=269473569.2144  R2=0.2967  sMAPE=78.93%
22:59:14 | INFO | [institutions 224/283] file=225
22:59:14 | INFO | Load file 225/institutions/agg_1_hour/n_bytes | 6718 points | missing 0.0% (1/6718)
22:59:14 | INFO | impute zeros: 1 values
22:59:14 | INFO | Sliding window: tw=24 pw=24 | samples=278
22:59:14 | INFO | Temporal split: train=194 val=41 test=43 | ratio 70/15/15
22:59:14 | INFO | Z-score: mean=1109537793.8065 std=808058646.4090
22:59:14 | INFO | Preprocess done: institutions file=225 n_bytes=OK
22:59:14 | INFO | Epoch   1/100 | train loss: 0.974762 | val loss: 0.818713
22:59:14 | INFO | Early Stopping @ epoch 8 (val loss did not improve for 5 epochs)
22:59:14 | INFO | Training done: 8 epochs, 0.22 sec
22:59:14 | INFO | Metrics: RMSE=793865119.7795  R2=0.0548  sMAPE=64.52%
22:59:14 | INFO | [institutions 225/283] file=226
22:59:14 | INFO | Load file 226/institutions/agg_1_hour/n_bytes | 6718 points | missing 0.0% (1/6718)
22:59:14 | INFO | impute zeros: 1 values
22:59:14 | INFO | Sliding window: tw=24 pw=24 | samples=278
22:59:14 | INFO | Temporal split: train=194 val=41 test=43 | ratio 70/15/15
22:59:14 | INFO | Z-score: mean=28177350.3073 std=175688046.1873
22:59:14 | INFO | Preprocess done: institutions file=226 n_bytes=OK
22:59:14 | INFO | Epoch   1/100 | train loss: 0.937121 | val loss: 0.016102
22:59:15 | INFO | Epoch  10/100 | train loss: 0.486622 | val loss: 0.025374
22:59:15 | INFO | Early Stopping @ epoch 14 (val loss did not improve for 5 epochs)
22:59:15 | INFO | Training done: 14 epochs, 0.41 sec
22:59:15 | INFO | Metrics: RMSE=39959601.0903  R2=-0.3054  sMAPE=162.51%
22:59:15 | INFO | [institutions 226/283] file=227
22:59:15 | INFO | Load file 227/institutions/agg_1_hour/n_bytes | 6718 points | missing 0.0% (1/6718)
22:59:15 | INFO | impute zeros: 1 values
22:59:15 | INFO | Sliding window: tw=24 pw=24 | samples=278
22:59:15 | INFO | Temporal split: train=194 val=41 test=43 | ratio 70/15/15
22:59:15 | INFO | Z-score: mean=176909453.1744 std=330372344.4521
22:59:15 | INFO | Preprocess done: institutions file=227 n_bytes=OK
22:59:15 | INFO | Epoch   1/100 | train loss: 0.986584 | val loss: 0.573750
22:59:15 | INFO | Early Stopping @ epoch 8 (val loss did not improve for 5 epochs)
22:59:15 | INFO | Training done: 8 epochs, 0.24 sec
22:59:15 | INFO | Metrics: RMSE=417687658.7041  R2=0.0015  sMAPE=69.37%
22:59:15 | INFO | [institutions 227/283] file=228
22:59:15 | INFO | Load file 228/institutions/agg_1_hour/n_bytes | 6718 points | missing 0.0% (1/6718)
22:59:15 | INFO | impute zeros: 1 values
22:59:15 | INFO | Sliding window: tw=24 pw=24 | samples=278
22:59:15 | INFO | Temporal split: train=194 val=41 test=43 | ratio 70/15/15
22:59:15 | INFO | Z-score: mean=87545579.9714 std=155922691.4932
22:59:15 | INFO | Preprocess done: institutions file=228 n_bytes=OK
22:59:15 | INFO | Epoch   1/100 | train loss: 0.910743 | val loss: 1.659718
22:59:15 | INFO | Epoch  10/100 | train loss: 0.748817 | val loss: 1.610484
22:59:15 | INFO | Early Stopping @ epoch 10 (val loss did not improve for 5 epochs)
22:59:15 | INFO | Training done: 10 epochs, 0.30 sec
22:59:15 | INFO | Metrics: RMSE=151852345.1804  R2=0.2125  sMAPE=73.72%
22:59:15 | INFO | [institutions 228/283] file=229
22:59:15 | INFO | Load file 229/institutions/agg_1_hour/n_bytes | 6718 points | missing 0.0% (1/6718)
22:59:15 | INFO | impute zeros: 1 values
22:59:15 | INFO | Sliding window: tw=24 pw=24 | samples=278
22:59:15 | INFO | Temporal split: train=194 val=41 test=43 | ratio 70/15/15
22:59:15 | INFO | Z-score: mean=460153349.8396 std=469047054.4490
22:59:15 | INFO | Preprocess done: institutions file=229 n_bytes=OK
22:59:15 | INFO | Epoch   1/100 | train loss: 0.897763 | val loss: 2.753588
22:59:16 | INFO | Epoch  10/100 | train loss: 0.817693 | val loss: 2.732389
22:59:16 | INFO | Early Stopping @ epoch 16 (val loss did not improve for 5 epochs)
22:59:16 | INFO | Training done: 16 epochs, 0.46 sec
22:59:16 | INFO | Metrics: RMSE=491714381.0267  R2=0.0836  sMAPE=61.91%
22:59:16 | INFO | [institutions 229/283] file=230
22:59:16 | INFO | Load file 230/institutions/agg_1_hour/n_bytes | 6718 points | missing 0.0% (1/6718)
22:59:16 | INFO | impute zeros: 1 values
22:59:16 | INFO | Sliding window: tw=24 pw=24 | samples=278
22:59:16 | INFO | Temporal split: train=194 val=41 test=43 | ratio 70/15/15
22:59:16 | INFO | Z-score: mean=1381923565.8262 std=849468663.6832
22:59:16 | INFO | Preprocess done: institutions file=230 n_bytes=OK
22:59:16 | INFO | Epoch   1/100 | train loss: 0.885644 | val loss: 0.907442
22:59:16 | INFO | Early Stopping @ epoch 8 (val loss did not improve for 5 epochs)
22:59:16 | INFO | Training done: 8 epochs, 0.22 sec
22:59:16 | INFO | Metrics: RMSE=683042989.8503  R2=0.2348  sMAPE=40.45%
22:59:16 | INFO | [institutions 230/283] file=231
22:59:16 | INFO | Load file 231/institutions/agg_1_hour/n_bytes | 6718 points | missing 0.1% (5/6718)
22:59:16 | INFO | impute zeros: 5 values
22:59:16 | INFO | Sliding window: tw=24 pw=24 | samples=278
22:59:16 | INFO | Temporal split: train=194 val=41 test=43 | ratio 70/15/15
22:59:16 | INFO | Z-score: mean=88955184.6454 std=231682358.2396
22:59:16 | INFO | Preprocess done: institutions file=231 n_bytes=OK
22:59:16 | INFO | Epoch   1/100 | train loss: 0.955129 | val loss: 0.761656
22:59:16 | INFO | Early Stopping @ epoch 7 (val loss did not improve for 5 epochs)
22:59:16 | INFO | Training done: 7 epochs, 0.19 sec
22:59:16 | INFO | Metrics: RMSE=180068468.0268  R2=0.0783  sMAPE=112.25%
22:59:16 | INFO | [institutions 231/283] file=232
22:59:16 | INFO | Load file 232/institutions/agg_1_hour/n_bytes | 6718 points | missing 0.0% (1/6718)
22:59:16 | INFO | impute zeros: 1 values
22:59:16 | INFO | Sliding window: tw=24 pw=24 | samples=278
22:59:16 | INFO | Temporal split: train=194 val=41 test=43 | ratio 70/15/15
22:59:16 | INFO | Z-score: mean=180442476.2648 std=212363180.9382
22:59:16 | INFO | Preprocess done: institutions file=232 n_bytes=OK
22:59:16 | INFO | Epoch   1/100 | train loss: 0.951475 | val loss: 0.676738
22:59:17 | INFO | Epoch  10/100 | train loss: 0.900320 | val loss: 0.662293
22:59:17 | INFO | Early Stopping @ epoch 10 (val loss did not improve for 5 epochs)
22:59:17 | INFO | Training done: 10 epochs, 0.29 sec
22:59:17 | INFO | Metrics: RMSE=150228684.5683  R2=-0.0276  sMAPE=70.40%
22:59:17 | INFO | [institutions 232/283] file=233
22:59:17 | INFO | Load file 233/institutions/agg_1_hour/n_bytes | 6718 points | missing 0.0% (1/6718)
22:59:17 | INFO | impute zeros: 1 values
22:59:17 | INFO | Sliding window: tw=24 pw=24 | samples=278
22:59:17 | INFO | Temporal split: train=194 val=41 test=43 | ratio 70/15/15
22:59:17 | INFO | Z-score: mean=102294549.1510 std=308034869.6644
22:59:17 | INFO | Preprocess done: institutions file=233 n_bytes=OK
22:59:17 | INFO | Epoch   1/100 | train loss: 0.965836 | val loss: 1.177871
22:59:17 | INFO | Epoch  10/100 | train loss: 0.878302 | val loss: 1.258057
22:59:17 | INFO | Early Stopping @ epoch 10 (val loss did not improve for 5 epochs)
22:59:17 | INFO | Training done: 10 epochs, 0.28 sec
22:59:17 | INFO | Metrics: RMSE=255897220.5297  R2=0.1552  sMAPE=130.68%
22:59:17 | INFO | [institutions 233/283] file=234
22:59:17 | INFO | Load file 234/institutions/agg_1_hour/n_bytes | 6718 points | missing 0.0% (1/6718)
22:59:17 | INFO | impute zeros: 1 values
22:59:17 | INFO | Sliding window: tw=24 pw=24 | samples=278
22:59:17 | INFO | Temporal split: train=194 val=41 test=43 | ratio 70/15/15
22:59:17 | INFO | Z-score: mean=368164718.5893 std=358129046.0913
22:59:17 | INFO | Preprocess done: institutions file=234 n_bytes=OK
22:59:17 | INFO | Epoch   1/100 | train loss: 0.883129 | val loss: 0.824149
22:59:17 | INFO | Epoch  10/100 | train loss: 0.777702 | val loss: 0.757483
22:59:17 | INFO | Epoch  20/100 | train loss: 0.718583 | val loss: 0.711825
22:59:18 | INFO | Early Stopping @ epoch 25 (val loss did not improve for 5 epochs)
22:59:18 | INFO | Training done: 25 epochs, 0.67 sec
22:59:18 | INFO | Metrics: RMSE=307890215.2442  R2=0.1318  sMAPE=63.44%
22:59:18 | INFO | [institutions 234/283] file=235
22:59:18 | INFO | Load file 235/institutions/agg_1_hour/n_bytes | 6718 points | missing 0.0% (1/6718)
22:59:18 | INFO | impute zeros: 1 values
22:59:18 | INFO | Sliding window: tw=24 pw=24 | samples=278
22:59:18 | INFO | Temporal split: train=194 val=41 test=43 | ratio 70/15/15
22:59:18 | INFO | Z-score: mean=120939726.9809 std=196586513.2759
22:59:18 | INFO | Preprocess done: institutions file=235 n_bytes=OK
22:59:18 | INFO | Epoch   1/100 | train loss: 0.928287 | val loss: 0.546229
22:59:18 | INFO | Epoch  10/100 | train loss: 0.710055 | val loss: 0.579003
22:59:18 | INFO | Early Stopping @ epoch 13 (val loss did not improve for 5 epochs)
22:59:18 | INFO | Training done: 13 epochs, 0.35 sec
22:59:18 | INFO | Metrics: RMSE=155197512.9649  R2=-0.6970  sMAPE=113.33%
22:59:18 | INFO | [institutions 235/283] file=236
22:59:18 | INFO | Load file 236/institutions/agg_1_hour/n_bytes | 6718 points | missing 0.0% (3/6718)
22:59:18 | INFO | impute zeros: 3 values
22:59:18 | INFO | Sliding window: tw=24 pw=24 | samples=278
22:59:18 | INFO | Temporal split: train=194 val=41 test=43 | ratio 70/15/15
22:59:18 | INFO | Z-score: mean=508918502.7689 std=1780122674.5717
22:59:18 | INFO | Preprocess done: institutions file=236 n_bytes=OK
22:59:18 | INFO | Epoch   1/100 | train loss: 0.985554 | val loss: 1.330531
22:59:18 | INFO | Early Stopping @ epoch 7 (val loss did not improve for 5 epochs)
22:59:18 | INFO | Training done: 7 epochs, 0.19 sec
22:59:18 | INFO | Metrics: RMSE=1357498687.9945  R2=0.0991  sMAPE=183.30%
22:59:18 | INFO | [institutions 236/283] file=237
22:59:18 | INFO | Load file 237/institutions/agg_1_hour/n_bytes | 6718 points | missing 0.0% (1/6718)
22:59:18 | INFO | impute zeros: 1 values
22:59:18 | INFO | Sliding window: tw=24 pw=24 | samples=278
22:59:18 | INFO | Temporal split: train=194 val=41 test=43 | ratio 70/15/15
22:59:18 | INFO | Z-score: mean=52337702.5728 std=178457358.8407
22:59:18 | INFO | Preprocess done: institutions file=237 n_bytes=OK
22:59:18 | INFO | Epoch   1/100 | train loss: 0.966919 | val loss: 2.426257
22:59:18 | INFO | Early Stopping @ epoch 9 (val loss did not improve for 5 epochs)
22:59:18 | INFO | Training done: 9 epochs, 0.25 sec
22:59:18 | INFO | Metrics: RMSE=256757847.6242  R2=0.0175  sMAPE=101.99%
22:59:18 | INFO | [institutions 237/283] file=238
22:59:19 | INFO | Load file 238/institutions/agg_1_hour/n_bytes | 6718 points | missing 0.0% (1/6718)
22:59:19 | INFO | impute zeros: 1 values
22:59:19 | INFO | Sliding window: tw=24 pw=24 | samples=278
22:59:19 | INFO | Temporal split: train=194 val=41 test=43 | ratio 70/15/15
22:59:19 | INFO | Z-score: mean=618362040.9238 std=422170377.7912
22:59:19 | INFO | Preprocess done: institutions file=238 n_bytes=OK
22:59:19 | INFO | Epoch   1/100 | train loss: 0.929787 | val loss: 0.817247
22:59:19 | INFO | Epoch  10/100 | train loss: 0.814531 | val loss: 0.706487
22:59:19 | INFO | Early Stopping @ epoch 15 (val loss did not improve for 5 epochs)
22:59:19 | INFO | Training done: 15 epochs, 0.41 sec
22:59:19 | INFO | Metrics: RMSE=344315181.9890  R2=0.0463  sMAPE=53.77%
22:59:19 | INFO | [institutions 238/283] file=239
22:59:19 | INFO | Load file 239/institutions/agg_1_hour/n_bytes | 6718 points | missing 0.2% (13/6718)
22:59:19 | INFO | impute zeros: 13 values
22:59:19 | INFO | Sliding window: tw=24 pw=24 | samples=278
22:59:19 | INFO | Temporal split: train=194 val=41 test=43 | ratio 70/15/15
22:59:19 | INFO | Z-score: mean=164402822.2141 std=297454777.8422
22:59:19 | INFO | Preprocess done: institutions file=239 n_bytes=OK
22:59:19 | INFO | Epoch   1/100 | train loss: 0.893015 | val loss: 0.663657
22:59:19 | INFO | Early Stopping @ epoch 6 (val loss did not improve for 5 epochs)
22:59:19 | INFO | Training done: 6 epochs, 0.17 sec
22:59:19 | INFO | Metrics: RMSE=208344656.1177  R2=0.1153  sMAPE=115.64%
22:59:19 | INFO | [institutions 239/283] file=240
22:59:19 | INFO | Load file 240/institutions/agg_1_hour/n_bytes | 6718 points | missing 0.0% (1/6718)
22:59:19 | INFO | impute zeros: 1 values
22:59:19 | INFO | Sliding window: tw=24 pw=24 | samples=278
22:59:19 | INFO | Temporal split: train=194 val=41 test=43 | ratio 70/15/15
22:59:19 | INFO | Z-score: mean=114167221.0427 std=191121678.0523
22:59:19 | INFO | Preprocess done: institutions file=240 n_bytes=OK
22:59:19 | INFO | Epoch   1/100 | train loss: 0.816769 | val loss: 0.867076
22:59:19 | INFO | Epoch  10/100 | train loss: 0.590376 | val loss: 0.750073
22:59:20 | INFO | Early Stopping @ epoch 17 (val loss did not improve for 5 epochs)
22:59:20 | INFO | Training done: 17 epochs, 0.47 sec
22:59:20 | INFO | Metrics: RMSE=134627866.1376  R2=0.0474  sMAPE=135.99%
22:59:20 | INFO | [institutions 240/283] file=241
22:59:20 | INFO | Load file 241/institutions/agg_1_hour/n_bytes | 6718 points | missing 0.0% (1/6718)
22:59:20 | INFO | impute zeros: 1 values
22:59:20 | INFO | Sliding window: tw=24 pw=24 | samples=278
22:59:20 | INFO | Temporal split: train=194 val=41 test=43 | ratio 70/15/15
22:59:20 | INFO | Z-score: mean=47365220.8376 std=154242858.9859
22:59:20 | INFO | Preprocess done: institutions file=241 n_bytes=OK
22:59:20 | INFO | Epoch   1/100 | train loss: 0.997765 | val loss: 0.288178
22:59:20 | INFO | Early Stopping @ epoch 6 (val loss did not improve for 5 epochs)
22:59:20 | INFO | Training done: 6 epochs, 0.16 sec
22:59:20 | INFO | Metrics: RMSE=142986842.5081  R2=-0.0285  sMAPE=115.70%
22:59:20 | INFO | [institutions 241/283] file=242
22:59:20 | INFO | Load file 242/institutions/agg_1_hour/n_bytes | 6718 points | missing 0.0% (3/6718)
22:59:20 | INFO | impute zeros: 3 values
22:59:20 | INFO | Sliding window: tw=24 pw=24 | samples=278
22:59:20 | INFO | Temporal split: train=194 val=41 test=43 | ratio 70/15/15
22:59:20 | INFO | Z-score: mean=28909971.8679 std=248429443.1314
22:59:20 | INFO | Preprocess done: institutions file=242 n_bytes=OK
22:59:20 | INFO | Epoch   1/100 | train loss: 1.003990 | val loss: 0.895298
22:59:20 | INFO | Early Stopping @ epoch 7 (val loss did not improve for 5 epochs)
22:59:20 | INFO | Training done: 7 epochs, 0.20 sec
22:59:20 | INFO | Metrics: RMSE=188244451.8153  R2=0.0139  sMAPE=151.57%
22:59:20 | INFO | [institutions 242/283] file=243
22:59:20 | INFO | Load file 243/institutions/agg_1_hour/n_bytes | 6718 points | missing 2.7% (184/6718)
22:59:20 | INFO | impute zeros: 184 values
22:59:20 | INFO | Sliding window: tw=24 pw=24 | samples=278
22:59:20 | INFO | Temporal split: train=194 val=41 test=43 | ratio 70/15/15
22:59:20 | INFO | Z-score: mean=131745218.9474 std=210948192.3951
22:59:20 | INFO | Preprocess done: institutions file=243 n_bytes=OK
22:59:20 | INFO | Epoch   1/100 | train loss: 0.835931 | val loss: 0.523164
22:59:20 | INFO | Epoch  10/100 | train loss: 0.651435 | val loss: 0.162101
22:59:21 | INFO | Epoch  20/100 | train loss: 0.648500 | val loss: 0.066778
22:59:21 | INFO | Early Stopping @ epoch 22 (val loss did not improve for 5 epochs)
22:59:21 | INFO | Training done: 22 epochs, 0.63 sec
22:59:21 | INFO | Metrics: RMSE=108712094.8397  R2=-9313588248.7070  sMAPE=199.99%
22:59:21 | INFO | [institutions 243/283] file=244
22:59:21 | INFO | Load file 244/institutions/agg_1_hour/n_bytes | 6718 points | missing 0.0% (1/6718)
22:59:21 | INFO | impute zeros: 1 values
22:59:21 | INFO | Sliding window: tw=24 pw=24 | samples=278
22:59:21 | INFO | Temporal split: train=194 val=41 test=43 | ratio 70/15/15
22:59:21 | INFO | Z-score: mean=210917722.7710 std=452050785.0534
22:59:21 | INFO | Preprocess done: institutions file=244 n_bytes=OK
22:59:21 | INFO | Epoch   1/100 | train loss: 0.809829 | val loss: 0.640239
22:59:21 | INFO | Epoch  10/100 | train loss: 0.679740 | val loss: 0.523461
22:59:21 | INFO | Early Stopping @ epoch 12 (val loss did not improve for 5 epochs)
22:59:21 | INFO | Training done: 12 epochs, 0.32 sec
22:59:21 | INFO | Metrics: RMSE=297214151.4260  R2=-0.2002  sMAPE=85.44%
22:59:21 | INFO | [institutions 244/283] file=245
22:59:21 | INFO | Load file 245/institutions/agg_1_hour/n_bytes | 6718 points | missing 0.0% (1/6718)
22:59:21 | INFO | impute zeros: 1 values
22:59:21 | INFO | Sliding window: tw=24 pw=24 | samples=278
22:59:21 | INFO | Temporal split: train=194 val=41 test=43 | ratio 70/15/15
22:59:21 | INFO | Z-score: mean=39544379.1871 std=91155843.1629
22:59:21 | INFO | Preprocess done: institutions file=245 n_bytes=OK
22:59:21 | INFO | Epoch   1/100 | train loss: 0.894181 | val loss: 2.354721
22:59:21 | INFO | Early Stopping @ epoch 6 (val loss did not improve for 5 epochs)
22:59:21 | INFO | Training done: 6 epochs, 0.17 sec
22:59:21 | INFO | Metrics: RMSE=183132730.0379  R2=-0.0023  sMAPE=142.88%
22:59:21 | INFO | [institutions 245/283] file=246
22:59:21 | INFO | Load file 246/institutions/agg_1_hour/n_bytes | 6718 points | missing 0.2% (16/6718)
22:59:21 | INFO | impute zeros: 16 values
22:59:21 | INFO | Sliding window: tw=24 pw=24 | samples=278
22:59:21 | INFO | Temporal split: train=194 val=41 test=43 | ratio 70/15/15
22:59:21 | INFO | Z-score: mean=53058786.7859 std=182067773.2893
22:59:21 | INFO | Preprocess done: institutions file=246 n_bytes=OK
22:59:21 | INFO | Epoch   1/100 | train loss: 0.904543 | val loss: 2.173479
22:59:21 | INFO | Early Stopping @ epoch 6 (val loss did not improve for 5 epochs)
22:59:21 | INFO | Training done: 6 epochs, 0.17 sec
22:59:21 | INFO | Metrics: RMSE=190838838.6577  R2=0.1147  sMAPE=80.22%
22:59:21 | INFO | [institutions 246/283] file=247
22:59:21 | INFO | Load file 247/institutions/agg_1_hour/n_bytes | 6718 points | missing 1.6% (107/6718)
22:59:21 | INFO | impute zeros: 107 values
22:59:21 | INFO | Sliding window: tw=24 pw=24 | samples=278
22:59:21 | INFO | Temporal split: train=194 val=41 test=43 | ratio 70/15/15
22:59:21 | INFO | Z-score: mean=30143338.0621 std=104412950.3679
22:59:21 | INFO | Preprocess done: institutions file=247 n_bytes=OK
22:59:21 | INFO | Epoch   1/100 | train loss: 1.012868 | val loss: 0.249963
22:59:22 | INFO | Epoch  10/100 | train loss: 0.926430 | val loss: 0.253893
22:59:22 | INFO | Early Stopping @ epoch 11 (val loss did not improve for 5 epochs)
22:59:22 | INFO | Training done: 11 epochs, 0.32 sec
22:59:22 | INFO | Metrics: RMSE=53304712.9522  R2=-0.1397  sMAPE=148.06%
22:59:22 | INFO | [institutions 247/283] file=248
22:59:22 | INFO | Load file 248/institutions/agg_1_hour/n_bytes | 6718 points | missing 0.0% (1/6718)
22:59:22 | INFO | impute zeros: 1 values
22:59:22 | INFO | Sliding window: tw=24 pw=24 | samples=278
22:59:22 | INFO | Temporal split: train=194 val=41 test=43 | ratio 70/15/15
22:59:22 | INFO | Z-score: mean=118864461.2610 std=211367272.6138
22:59:22 | INFO | Preprocess done: institutions file=248 n_bytes=OK
22:59:22 | INFO | Epoch   1/100 | train loss: 0.887777 | val loss: 1.076654
22:59:22 | INFO | Early Stopping @ epoch 9 (val loss did not improve for 5 epochs)
22:59:22 | INFO | Training done: 9 epochs, 0.27 sec
22:59:22 | INFO | Metrics: RMSE=154677106.2483  R2=-0.0054  sMAPE=102.82%
22:59:22 | INFO | [institutions 248/283] file=249
22:59:22 | INFO | Load file 249/institutions/agg_1_hour/n_bytes | 6718 points | missing 0.0% (1/6718)
22:59:22 | INFO | impute zeros: 1 values
22:59:22 | INFO | Sliding window: tw=24 pw=24 | samples=278
22:59:22 | INFO | Temporal split: train=194 val=41 test=43 | ratio 70/15/15
22:59:22 | INFO | Z-score: mean=77429434.4253 std=204896935.2404
22:59:22 | INFO | Preprocess done: institutions file=249 n_bytes=OK
22:59:22 | INFO | Epoch   1/100 | train loss: 0.905729 | val loss: 0.522613
22:59:22 | INFO | Early Stopping @ epoch 7 (val loss did not improve for 5 epochs)
22:59:22 | INFO | Training done: 7 epochs, 0.19 sec
22:59:22 | INFO | Metrics: RMSE=137283960.0058  R2=-0.8417  sMAPE=155.84%
22:59:22 | INFO | [institutions 249/283] file=250
22:59:22 | INFO | Load file 250/institutions/agg_1_hour/n_bytes | 6718 points | missing 0.0% (3/6718)
22:59:22 | INFO | impute zeros: 3 values
22:59:22 | INFO | Sliding window: tw=24 pw=24 | samples=278
22:59:22 | INFO | Temporal split: train=194 val=41 test=43 | ratio 70/15/15
22:59:22 | INFO | Z-score: mean=29144797.3578 std=109084074.2485
22:59:22 | INFO | Preprocess done: institutions file=250 n_bytes=OK
22:59:22 | INFO | Epoch   1/100 | train loss: 0.966445 | val loss: 0.299330
22:59:22 | INFO | Early Stopping @ epoch 6 (val loss did not improve for 5 epochs)
22:59:22 | INFO | Training done: 6 epochs, 0.17 sec
22:59:22 | INFO | Metrics: RMSE=55013594.8377  R2=0.0925  sMAPE=146.03%
22:59:22 | INFO | [institutions 250/283] file=251
22:59:23 | INFO | Load file 251/institutions/agg_1_hour/n_bytes | 6718 points | missing 0.0% (1/6718)
22:59:23 | INFO | impute zeros: 1 values
22:59:23 | INFO | Sliding window: tw=24 pw=24 | samples=278
22:59:23 | INFO | Temporal split: train=194 val=41 test=43 | ratio 70/15/15
22:59:23 | INFO | Z-score: mean=54385005.6078 std=163757791.8753
22:59:23 | INFO | Preprocess done: institutions file=251 n_bytes=OK
22:59:23 | INFO | Epoch   1/100 | train loss: 0.967403 | val loss: 0.264327
22:59:23 | INFO | Epoch  10/100 | train loss: 0.867266 | val loss: 0.242749
22:59:23 | INFO | Early Stopping @ epoch 14 (val loss did not improve for 5 epochs)
22:59:23 | INFO | Training done: 14 epochs, 0.41 sec
22:59:23 | INFO | Metrics: RMSE=84573502.7271  R2=-0.1462  sMAPE=119.12%
22:59:23 | INFO | [institutions 251/283] file=252
22:59:23 | INFO | Load file 252/institutions/agg_1_hour/n_bytes | 6718 points | missing 0.0% (1/6718)
22:59:23 | INFO | impute zeros: 1 values
22:59:23 | INFO | Sliding window: tw=24 pw=24 | samples=278
22:59:23 | INFO | Temporal split: train=194 val=41 test=43 | ratio 70/15/15
22:59:23 | INFO | Z-score: mean=23502435.1967 std=61379655.8632
22:59:23 | INFO | Preprocess done: institutions file=252 n_bytes=OK
22:59:23 | INFO | Epoch   1/100 | train loss: 0.915340 | val loss: 0.677175
22:59:23 | INFO | Early Stopping @ epoch 6 (val loss did not improve for 5 epochs)
22:59:23 | INFO | Training done: 6 epochs, 0.19 sec
22:59:23 | INFO | Metrics: RMSE=47514503.2106  R2=-0.1726  sMAPE=140.79%
22:59:23 | INFO | [institutions 252/283] file=253
22:59:23 | INFO | Load file 253/institutions/agg_1_hour/n_bytes | 6718 points | missing 0.0% (1/6718)
22:59:23 | INFO | impute zeros: 1 values
22:59:23 | INFO | Sliding window: tw=24 pw=24 | samples=278
22:59:23 | INFO | Temporal split: train=194 val=41 test=43 | ratio 70/15/15
22:59:23 | INFO | Z-score: mean=28656371.9160 std=60465372.8356
22:59:23 | INFO | Preprocess done: institutions file=253 n_bytes=OK
22:59:23 | INFO | Epoch   1/100 | train loss: 0.888274 | val loss: 0.562312
22:59:23 | INFO | Early Stopping @ epoch 6 (val loss did not improve for 5 epochs)
22:59:23 | INFO | Training done: 6 epochs, 0.17 sec
22:59:23 | INFO | Metrics: RMSE=81583569.8427  R2=0.0087  sMAPE=121.99%
22:59:23 | INFO | [institutions 253/283] file=254
22:59:23 | INFO | Load file 254/institutions/agg_1_hour/n_bytes | 6718 points | missing 0.0% (1/6718)
22:59:23 | INFO | impute zeros: 1 values
22:59:23 | INFO | Sliding window: tw=24 pw=24 | samples=278
22:59:23 | INFO | Temporal split: train=194 val=41 test=43 | ratio 70/15/15
22:59:23 | INFO | Z-score: mean=302626380.9865 std=360198165.7945
22:59:23 | INFO | Preprocess done: institutions file=254 n_bytes=OK
22:59:23 | INFO | Epoch   1/100 | train loss: 1.008559 | val loss: 0.720911
22:59:24 | INFO | Epoch  10/100 | train loss: 0.969207 | val loss: 0.673555
22:59:24 | INFO | Early Stopping @ epoch 17 (val loss did not improve for 5 epochs)
22:59:24 | INFO | Training done: 17 epochs, 0.48 sec
22:59:24 | INFO | Metrics: RMSE=350177023.2329  R2=-0.0678  sMAPE=136.33%
22:59:24 | INFO | [institutions 254/283] file=255
22:59:24 | INFO | Load file 255/institutions/agg_1_hour/n_bytes | 6718 points | missing 0.1% (6/6718)
22:59:24 | INFO | impute zeros: 6 values
22:59:24 | INFO | Sliding window: tw=24 pw=24 | samples=278
22:59:24 | INFO | Temporal split: train=194 val=41 test=43 | ratio 70/15/15
22:59:24 | INFO | Z-score: mean=169128026.1110 std=1255254409.2992
22:59:24 | INFO | Preprocess done: institutions file=255 n_bytes=OK
22:59:24 | INFO | Epoch   1/100 | train loss: 0.964457 | val loss: 0.380290
22:59:24 | INFO | Early Stopping @ epoch 6 (val loss did not improve for 5 epochs)
22:59:24 | INFO | Training done: 6 epochs, 0.17 sec
22:59:24 | INFO | Metrics: RMSE=958574911.5928  R2=-0.0290  sMAPE=137.88%
22:59:24 | INFO | [institutions 255/283] file=256
22:59:24 | INFO | Load file 256/institutions/agg_1_hour/n_bytes | 6718 points | missing 0.3% (20/6718)
22:59:24 | INFO | impute zeros: 20 values
22:59:24 | INFO | Sliding window: tw=24 pw=24 | samples=278
22:59:24 | INFO | Temporal split: train=194 val=41 test=43 | ratio 70/15/15
22:59:24 | INFO | Z-score: mean=8209753.9809 std=101753481.5952
22:59:24 | INFO | Preprocess done: institutions file=256 n_bytes=OK
22:59:24 | INFO | Epoch   1/100 | train loss: 1.001128 | val loss: 0.045836
22:59:24 | INFO | Early Stopping @ epoch 6 (val loss did not improve for 5 epochs)
22:59:24 | INFO | Training done: 6 epochs, 0.17 sec
22:59:24 | INFO | Metrics: RMSE=18778127.3287  R2=-0.0345  sMAPE=120.23%
22:59:24 | INFO | [institutions 256/283] file=257
22:59:24 | INFO | Load file 257/institutions/agg_1_hour/n_bytes | 6718 points | missing 0.0% (3/6718)
22:59:24 | INFO | impute zeros: 3 values
22:59:24 | INFO | Sliding window: tw=24 pw=24 | samples=278
22:59:24 | INFO | Temporal split: train=194 val=41 test=43 | ratio 70/15/15
22:59:24 | INFO | Z-score: mean=74740321.3071 std=209943423.8823
22:59:24 | INFO | Preprocess done: institutions file=257 n_bytes=OK
22:59:24 | INFO | Epoch   1/100 | train loss: 0.949961 | val loss: 2.401979
22:59:25 | INFO | Epoch  10/100 | train loss: 0.836989 | val loss: 2.384171
22:59:25 | INFO | Early Stopping @ epoch 11 (val loss did not improve for 5 epochs)
22:59:25 | INFO | Training done: 11 epochs, 0.31 sec
22:59:25 | INFO | Metrics: RMSE=172536838.5628  R2=-0.0272  sMAPE=127.83%
22:59:25 | INFO | [institutions 257/283] file=258
22:59:25 | INFO | Load file 258/institutions/agg_1_hour/n_bytes | 6718 points | missing 0.0% (1/6718)
22:59:25 | INFO | impute zeros: 1 values
22:59:25 | INFO | Sliding window: tw=24 pw=24 | samples=278
22:59:25 | INFO | Temporal split: train=194 val=41 test=43 | ratio 70/15/15
22:59:25 | INFO | Z-score: mean=66684054.2642 std=384834685.8135
22:59:25 | INFO | Preprocess done: institutions file=258 n_bytes=OK
22:59:25 | INFO | Epoch   1/100 | train loss: 1.021782 | val loss: 1.965268
22:59:25 | INFO | Early Stopping @ epoch 9 (val loss did not improve for 5 epochs)
22:59:25 | INFO | Training done: 9 epochs, 0.24 sec
22:59:25 | INFO | Metrics: RMSE=348411907.8249  R2=-0.1901  sMAPE=170.77%
22:59:25 | INFO | [institutions 258/283] file=259
22:59:25 | INFO | Load file 259/institutions/agg_1_hour/n_bytes | 6718 points | missing 0.1% (5/6718)
22:59:25 | INFO | impute zeros: 5 values
22:59:25 | INFO | Sliding window: tw=24 pw=24 | samples=278
22:59:25 | INFO | Temporal split: train=194 val=41 test=43 | ratio 70/15/15
22:59:25 | INFO | Z-score: mean=23028196.6117 std=313688835.4619
22:59:25 | INFO | Preprocess done: institutions file=259 n_bytes=OK
22:59:25 | INFO | Epoch   1/100 | train loss: 1.000629 | val loss: 0.705147
22:59:25 | INFO | Early Stopping @ epoch 6 (val loss did not improve for 5 epochs)
22:59:25 | INFO | Training done: 6 epochs, 0.18 sec
22:59:25 | INFO | Metrics: RMSE=203516242.9054  R2=-0.0124  sMAPE=89.09%
22:59:25 | INFO | [institutions 259/283] file=260
22:59:25 | INFO | Load file 260/institutions/agg_1_hour/n_bytes | 6718 points | missing 14.9% (1000/6718)
22:59:25 | INFO | impute zeros: 1000 values
22:59:25 | INFO | Sliding window: tw=24 pw=24 | samples=278
22:59:25 | INFO | Temporal split: train=194 val=41 test=43 | ratio 70/15/15
22:59:25 | INFO | Z-score: mean=16910239.3082 std=92166472.4510
22:59:25 | INFO | Preprocess done: institutions file=260 n_bytes=OK
22:59:25 | INFO | Epoch   1/100 | train loss: 1.094445 | val loss: 5.708095
22:59:25 | INFO | Early Stopping @ epoch 6 (val loss did not improve for 5 epochs)
22:59:25 | INFO | Training done: 6 epochs, 0.18 sec
22:59:25 | INFO | Metrics: RMSE=146139795.0289  R2=0.0190  sMAPE=149.06%
22:59:25 | INFO | [institutions 260/283] file=261
22:59:25 | INFO | Load file 261/institutions/agg_1_hour/n_bytes | 6718 points | missing 0.0% (1/6718)
22:59:25 | INFO | impute zeros: 1 values
22:59:25 | INFO | Sliding window: tw=24 pw=24 | samples=278
22:59:25 | INFO | Temporal split: train=194 val=41 test=43 | ratio 70/15/15
22:59:25 | INFO | Z-score: mean=71768761.5874 std=191078720.3980
22:59:25 | INFO | Preprocess done: institutions file=261 n_bytes=OK
22:59:25 | INFO | Epoch   1/100 | train loss: 0.934160 | val loss: 0.298779
22:59:26 | INFO | Epoch  10/100 | train loss: 0.909961 | val loss: 0.284092
22:59:26 | INFO | Early Stopping @ epoch 10 (val loss did not improve for 5 epochs)
22:59:26 | INFO | Training done: 10 epochs, 0.27 sec
22:59:26 | INFO | Metrics: RMSE=90900585.4464  R2=0.1659  sMAPE=92.38%
22:59:26 | INFO | [institutions 261/283] file=262
22:59:26 | INFO | Load file 262/institutions/agg_1_hour/n_bytes | 6718 points | missing 0.0% (1/6718)
22:59:26 | INFO | impute zeros: 1 values
22:59:26 | INFO | Sliding window: tw=24 pw=24 | samples=278
22:59:26 | INFO | Temporal split: train=194 val=41 test=43 | ratio 70/15/15
22:59:26 | INFO | Z-score: mean=28480.6102 std=18614.8342
22:59:26 | INFO | Preprocess done: institutions file=262 n_bytes=OK
22:59:26 | INFO | Epoch   1/100 | train loss: 0.972192 | val loss: 0.122338
22:59:26 | INFO | Epoch  10/100 | train loss: 0.945848 | val loss: 0.119218
22:59:26 | INFO | Early Stopping @ epoch 12 (val loss did not improve for 5 epochs)
22:59:26 | INFO | Training done: 12 epochs, 0.33 sec
22:59:26 | INFO | Metrics: RMSE=9257.9467  R2=-0.4226  sMAPE=33.73%
22:59:26 | INFO | [institutions 262/283] file=263
22:59:26 | INFO | Load file 263/institutions/agg_1_hour/n_bytes | 6718 points | missing 0.7% (49/6718)
22:59:26 | INFO | impute zeros: 49 values
22:59:26 | INFO | Sliding window: tw=24 pw=24 | samples=278
22:59:26 | INFO | Temporal split: train=194 val=41 test=43 | ratio 70/15/15
22:59:26 | INFO | Z-score: mean=2949981.5887 std=31251241.0612
22:59:26 | INFO | Preprocess done: institutions file=263 n_bytes=OK
22:59:26 | INFO | Epoch   1/100 | train loss: 0.376438 | val loss: 0.093499
22:59:26 | INFO | Epoch  10/100 | train loss: 0.372169 | val loss: 0.089307
22:59:26 | INFO | Early Stopping @ epoch 10 (val loss did not improve for 5 epochs)
22:59:26 | INFO | Training done: 10 epochs, 0.30 sec
22:59:26 | INFO | Metrics: RMSE=8877455.6690  R2=-0.0885  sMAPE=143.53%
22:59:26 | INFO | [institutions 263/283] file=264
22:59:26 | INFO | Load file 264/institutions/agg_1_hour/n_bytes | 6718 points | missing 33.9% (2276/6718)
22:59:26 | INFO | impute zeros: 2276 values
22:59:26 | INFO | Sliding window: tw=24 pw=24 | samples=278
22:59:26 | INFO | Temporal split: train=194 val=41 test=43 | ratio 70/15/15
22:59:26 | INFO | Z-score: mean=2400410.5790 std=52873002.1814
22:59:26 | INFO | Preprocess done: institutions file=264 n_bytes=OK
22:59:26 | INFO | Epoch   1/100 | train loss: 1.000428 | val loss: 0.002477
22:59:26 | INFO | Early Stopping @ epoch 6 (val loss did not improve for 5 epochs)
22:59:26 | INFO | Training done: 6 epochs, 0.16 sec
22:59:26 | INFO | Metrics: RMSE=4736906.0357  R2=-19660124.5276  sMAPE=199.81%
22:59:26 | INFO | [institutions 264/283] file=265
22:59:26 | INFO | Load file 265/institutions/agg_1_hour/n_bytes | 6718 points | missing 1.0% (64/6718)
22:59:26 | INFO | impute zeros: 64 values
22:59:26 | INFO | Sliding window: tw=24 pw=24 | samples=278
22:59:26 | INFO | Temporal split: train=194 val=41 test=43 | ratio 70/15/15
22:59:26 | INFO | Z-score: mean=22080590.5720 std=58955360.7978
22:59:26 | INFO | Preprocess done: institutions file=265 n_bytes=OK
22:59:27 | INFO | Epoch   1/100 | train loss: 0.877335 | val loss: 0.942544
22:59:27 | INFO | Epoch  10/100 | train loss: 0.775877 | val loss: 0.830581
22:59:27 | INFO | Early Stopping @ epoch 11 (val loss did not improve for 5 epochs)
22:59:27 | INFO | Training done: 11 epochs, 0.31 sec
22:59:27 | INFO | Metrics: RMSE=44008554.4978  R2=0.0123  sMAPE=137.97%
22:59:27 | INFO | [institutions 265/283] file=266
22:59:27 | INFO | Load file 266/institutions/agg_1_hour/n_bytes | 6718 points | missing 0.0% (2/6718)
22:59:27 | INFO | impute zeros: 2 values
22:59:27 | INFO | Sliding window: tw=24 pw=24 | samples=278
22:59:27 | INFO | Temporal split: train=194 val=41 test=43 | ratio 70/15/15
22:59:27 | INFO | Z-score: mean=4085.4695 std=4180.8225
22:59:27 | INFO | Preprocess done: institutions file=266 n_bytes=OK
22:59:27 | INFO | Epoch   1/100 | train loss: 0.973476 | val loss: 0.199639
22:59:27 | INFO | Early Stopping @ epoch 7 (val loss did not improve for 5 epochs)
22:59:27 | INFO | Training done: 7 epochs, 0.22 sec
22:59:27 | INFO | Metrics: RMSE=2439.8605  R2=0.1465  sMAPE=46.12%
22:59:27 | INFO | [institutions 266/283] file=267
22:59:27 | INFO | Load file 267/institutions/agg_1_hour/n_bytes | 6718 points | missing 3.8% (254/6718)
22:59:27 | INFO | impute zeros: 254 values
22:59:27 | INFO | Sliding window: tw=24 pw=24 | samples=278
22:59:27 | INFO | Temporal split: train=194 val=41 test=43 | ratio 70/15/15
22:59:27 | INFO | Z-score: mean=1214.5833 std=2901.7648
22:59:27 | INFO | Preprocess done: institutions file=267 n_bytes=OK
22:59:27 | INFO | Epoch   1/100 | train loss: 1.002451 | val loss: 0.098329
22:59:27 | INFO | Early Stopping @ epoch 6 (val loss did not improve for 5 epochs)
22:59:27 | INFO | Training done: 6 epochs, 0.18 sec
22:59:27 | INFO | Metrics: RMSE=1147.5885  R2=-0.0096  sMAPE=60.32%
22:59:27 | INFO | [institutions 267/283] file=268
22:59:27 | INFO | Load file 268/institutions/agg_1_hour/n_bytes | 6718 points | missing 0.8% (52/6718)
22:59:27 | INFO | impute zeros: 52 values
22:59:27 | INFO | Sliding window: tw=24 pw=24 | samples=278
22:59:27 | INFO | Temporal split: train=194 val=41 test=43 | ratio 70/15/15
22:59:27 | INFO | Z-score: mean=37564135.5039 std=136387783.9229
22:59:27 | INFO | Preprocess done: institutions file=268 n_bytes=OK
22:59:27 | INFO | Epoch   1/100 | train loss: 0.948993 | val loss: 0.664832
22:59:27 | INFO | Early Stopping @ epoch 6 (val loss did not improve for 5 epochs)
22:59:27 | INFO | Training done: 6 epochs, 0.16 sec
22:59:27 | INFO | Metrics: RMSE=71945458.8072  R2=-0.4434  sMAPE=169.76%
22:59:27 | INFO | [institutions 268/283] file=269
22:59:27 | INFO | Load file 269/institutions/agg_1_hour/n_bytes | 6718 points | missing 0.0% (2/6718)
22:59:27 | INFO | impute zeros: 2 values
22:59:27 | INFO | Sliding window: tw=24 pw=24 | samples=278
22:59:27 | INFO | Temporal split: train=194 val=41 test=43 | ratio 70/15/15
22:59:27 | INFO | Z-score: mean=37670506.7887 std=93657578.6169
22:59:27 | INFO | Preprocess done: institutions file=269 n_bytes=OK
22:59:28 | INFO | Epoch   1/100 | train loss: 1.014397 | val loss: 1.177872
22:59:28 | INFO | Early Stopping @ epoch 6 (val loss did not improve for 5 epochs)
22:59:28 | INFO | Training done: 6 epochs, 0.19 sec
22:59:28 | INFO | Metrics: RMSE=72169831.3893  R2=0.0085  sMAPE=133.76%
22:59:28 | INFO | [institutions 269/283] file=270
22:59:28 | INFO | Load file 270/institutions/agg_1_hour/n_bytes | 6718 points | missing 0.1% (4/6718)
22:59:28 | INFO | impute zeros: 4 values
22:59:28 | INFO | Sliding window: tw=24 pw=24 | samples=278
22:59:28 | INFO | Temporal split: train=194 val=41 test=43 | ratio 70/15/15
22:59:28 | INFO | Z-score: mean=5058.1987 std=7655.6544
22:59:28 | INFO | Preprocess done: institutions file=270 n_bytes=OK
22:59:28 | INFO | Epoch   1/100 | train loss: 0.992748 | val loss: 0.064405
22:59:28 | INFO | Epoch  10/100 | train loss: 0.977272 | val loss: 0.052607
22:59:28 | INFO | Early Stopping @ epoch 10 (val loss did not improve for 5 epochs)
22:59:28 | INFO | Training done: 10 epochs, 0.31 sec
22:59:28 | INFO | Metrics: RMSE=1849.4476  R2=-0.2586  sMAPE=43.44%
22:59:28 | INFO | [institutions 270/283] file=271
22:59:28 | INFO | Load file 271/institutions/agg_1_hour/n_bytes | 6718 points | missing 1.9% (125/6718)
22:59:28 | INFO | impute zeros: 125 values
22:59:28 | INFO | Sliding window: tw=24 pw=24 | samples=278
22:59:28 | INFO | Temporal split: train=194 val=41 test=43 | ratio 70/15/15
22:59:28 | INFO | Z-score: mean=8166.0803 std=16435.9087
22:59:28 | INFO | Preprocess done: institutions file=271 n_bytes=OK
22:59:28 | INFO | Epoch   1/100 | train loss: 0.997441 | val loss: 0.085071
22:59:28 | INFO | Early Stopping @ epoch 7 (val loss did not improve for 5 epochs)
22:59:28 | INFO | Training done: 7 epochs, 0.21 sec
22:59:28 | INFO | Metrics: RMSE=63032.3672  R2=-0.0000  sMAPE=54.69%
22:59:28 | INFO | [institutions 271/283] file=272
22:59:28 | INFO | Load file 272/institutions/agg_1_hour/n_bytes | 6718 points | missing 3.8% (252/6718)
22:59:28 | INFO | impute zeros: 252 values
22:59:28 | INFO | Sliding window: tw=24 pw=24 | samples=278
22:59:28 | INFO | Temporal split: train=194 val=41 test=43 | ratio 70/15/15
22:59:28 | INFO | Z-score: mean=3904.7388 std=6932.8205
22:59:28 | INFO | Preprocess done: institutions file=272 n_bytes=OK
22:59:28 | INFO | Epoch   1/100 | train loss: 0.981349 | val loss: 0.089244
22:59:29 | INFO | Epoch  10/100 | train loss: 0.945859 | val loss: 0.084936
22:59:29 | INFO | Early Stopping @ epoch 15 (val loss did not improve for 5 epochs)
22:59:29 | INFO | Training done: 15 epochs, 0.42 sec
22:59:29 | INFO | Metrics: RMSE=2089.8289  R2=0.0346  sMAPE=34.72%
22:59:29 | INFO | [institutions 272/283] file=273
22:59:29 | INFO | Load file 273/institutions/agg_1_hour/n_bytes | 6718 points | missing 0.0% (1/6718)
22:59:29 | INFO | impute zeros: 1 values
22:59:29 | INFO | Sliding window: tw=24 pw=24 | samples=278
22:59:29 | INFO | Temporal split: train=194 val=41 test=43 | ratio 70/15/15
22:59:29 | INFO | Z-score: mean=9784863.2446 std=76307561.8704
22:59:29 | INFO | Preprocess done: institutions file=273 n_bytes=OK
22:59:29 | INFO | Epoch   1/100 | train loss: 0.992488 | val loss: 0.410825
22:59:29 | INFO | Early Stopping @ epoch 6 (val loss did not improve for 5 epochs)
22:59:29 | INFO | Training done: 6 epochs, 0.20 sec
22:59:29 | INFO | Metrics: RMSE=25334167.6868  R2=-0.0029  sMAPE=142.14%
22:59:29 | INFO | [institutions 273/283] file=274
22:59:29 | INFO | Load file 274/institutions/agg_1_hour/n_bytes | 6718 points | missing 0.0% (1/6718)
22:59:29 | INFO | impute zeros: 1 values
22:59:29 | INFO | Sliding window: tw=24 pw=24 | samples=278
22:59:29 | INFO | Temporal split: train=194 val=41 test=43 | ratio 70/15/15
22:59:29 | INFO | Z-score: mean=18515560.1179 std=95660591.7586
22:59:29 | INFO | Preprocess done: institutions file=274 n_bytes=OK
22:59:29 | INFO | Epoch   1/100 | train loss: 0.963990 | val loss: 3.328569
22:59:29 | INFO | Epoch  10/100 | train loss: 0.947133 | val loss: 3.319321
22:59:29 | INFO | Early Stopping @ epoch 13 (val loss did not improve for 5 epochs)
22:59:29 | INFO | Training done: 13 epochs, 0.38 sec
22:59:29 | INFO | Metrics: RMSE=67969804.7057  R2=0.0427  sMAPE=165.65%
22:59:29 | INFO | [institutions 274/283] file=275
22:59:29 | INFO | Load file 275/institutions/agg_1_hour/n_bytes | 6718 points | missing 0.0% (1/6718)
22:59:29 | INFO | impute zeros: 1 values
22:59:29 | INFO | Sliding window: tw=24 pw=24 | samples=278
22:59:29 | INFO | Temporal split: train=194 val=41 test=43 | ratio 70/15/15
22:59:29 | INFO | Z-score: mean=37239.8973 std=28517.9430
22:59:29 | INFO | Preprocess done: institutions file=275 n_bytes=OK
22:59:29 | INFO | Epoch   1/100 | train loss: 0.981945 | val loss: 0.164958
22:59:30 | INFO | Epoch  10/100 | train loss: 0.941519 | val loss: 0.142897
22:59:30 | INFO | Early Stopping @ epoch 15 (val loss did not improve for 5 epochs)
22:59:30 | INFO | Training done: 15 epochs, 0.43 sec
22:59:30 | INFO | Metrics: RMSE=10344.9797  R2=-0.2417  sMAPE=31.75%
22:59:30 | INFO | [institutions 275/283] file=276
22:59:30 | INFO | Load file 276/institutions/agg_1_hour/n_bytes | 6718 points | missing 0.1% (6/6718)
22:59:30 | INFO | impute zeros: 6 values
22:59:30 | INFO | Sliding window: tw=24 pw=24 | samples=278
22:59:30 | INFO | Temporal split: train=194 val=41 test=43 | ratio 70/15/15
22:59:30 | INFO | Z-score: mean=35326927.9839 std=256520265.1733
22:59:30 | INFO | Preprocess done: institutions file=276 n_bytes=OK
22:59:30 | INFO | Epoch   1/100 | train loss: 1.002822 | val loss: 0.063584
22:59:30 | INFO | Early Stopping @ epoch 8 (val loss did not improve for 5 epochs)
22:59:30 | INFO | Training done: 8 epochs, 0.23 sec
22:59:30 | INFO | Metrics: RMSE=630731266.6844  R2=-0.0068  sMAPE=102.54%
22:59:30 | INFO | [institutions 276/283] file=277
22:59:30 | INFO | Load file 277/institutions/agg_1_hour/n_bytes | 6718 points | missing 33.4% (2241/6718)
22:59:30 | INFO | impute zeros: 2241 values
22:59:30 | INFO | Sliding window: tw=24 pw=24 | samples=278
22:59:30 | INFO | Temporal split: train=194 val=41 test=43 | ratio 70/15/15
22:59:30 | INFO | Z-score: mean=1596454.5378 std=16316743.1179
22:59:30 | INFO | Preprocess done: institutions file=277 n_bytes=OK
22:59:30 | INFO | Epoch   1/100 | train loss: 0.999997 | val loss: 0.601111
22:59:30 | INFO | Early Stopping @ epoch 9 (val loss did not improve for 5 epochs)
22:59:30 | INFO | Training done: 9 epochs, 0.26 sec
22:59:30 | INFO | Metrics: RMSE=87781406.9066  R2=-0.0020  sMAPE=151.31%
22:59:30 | INFO | [institutions 277/283] file=278
22:59:30 | INFO | Load file 278/institutions/agg_1_hour/n_bytes | 6718 points | missing 18.0% (1209/6718)
22:59:30 | INFO | impute zeros: 1209 values
22:59:30 | INFO | Sliding window: tw=24 pw=24 | samples=278
22:59:30 | INFO | Temporal split: train=194 val=41 test=43 | ratio 70/15/15
22:59:30 | INFO | Z-score: mean=396483291.5651 std=1200042388.1615
22:59:30 | INFO | Preprocess done: institutions file=278 n_bytes=OK
22:59:30 | INFO | Epoch   1/100 | train loss: 1.013823 | val loss: 0.625466
22:59:31 | INFO | Early Stopping @ epoch 8 (val loss did not improve for 5 epochs)
22:59:31 | INFO | Training done: 8 epochs, 0.25 sec
22:59:31 | INFO | Metrics: RMSE=1961819168.6458  R2=0.0361  sMAPE=111.51%
22:59:31 | INFO | [institutions 278/283] file=279
22:59:31 | INFO | Load file 279/institutions/agg_1_hour/n_bytes | 6718 points | missing 1.2% (79/6718)
22:59:31 | INFO | impute zeros: 79 values
22:59:31 | INFO | Sliding window: tw=24 pw=24 | samples=278
22:59:31 | INFO | Temporal split: train=194 val=41 test=43 | ratio 70/15/15
22:59:31 | INFO | Z-score: mean=2107.2597 std=4358.5295
22:59:31 | INFO | Preprocess done: institutions file=279 n_bytes=OK
22:59:31 | INFO | Epoch   1/100 | train loss: 1.002817 | val loss: 0.163132
22:59:31 | INFO | Early Stopping @ epoch 7 (val loss did not improve for 5 epochs)
22:59:31 | INFO | Training done: 7 epochs, 0.20 sec
22:59:31 | INFO | Metrics: RMSE=1705.1679  R2=-0.0806  sMAPE=68.96%
22:59:31 | INFO | [institutions 279/283] file=280
22:59:31 | INFO | Load file 280/institutions/agg_1_hour/n_bytes | 6718 points | missing 1.9% (127/6718)
22:59:31 | INFO | impute zeros: 127 values
22:59:31 | INFO | Sliding window: tw=24 pw=24 | samples=278
22:59:31 | INFO | Temporal split: train=194 val=41 test=43 | ratio 70/15/15
22:59:31 | INFO | Z-score: mean=2721.0958 std=22099.3380
22:59:31 | INFO | Preprocess done: institutions file=280 n_bytes=OK
22:59:31 | INFO | Epoch   1/100 | train loss: 1.003222 | val loss: 1.442882
22:59:31 | INFO | Early Stopping @ epoch 7 (val loss did not improve for 5 epochs)
22:59:31 | INFO | Training done: 7 epochs, 0.22 sec
22:59:31 | INFO | Metrics: RMSE=37910.8105  R2=-0.0019  sMAPE=87.10%
22:59:31 | INFO | [institutions 280/283] file=281
22:59:31 | INFO | Load file 281/institutions/agg_1_hour/n_bytes | 6718 points | missing 0.1% (6/6718)
22:59:31 | INFO | impute zeros: 6 values
22:59:31 | INFO | Sliding window: tw=24 pw=24 | samples=278
22:59:31 | INFO | Temporal split: train=194 val=41 test=43 | ratio 70/15/15
22:59:31 | INFO | Z-score: mean=5382.1826 std=24982.0939
22:59:31 | INFO | Preprocess done: institutions file=281 n_bytes=OK
22:59:31 | INFO | Epoch   1/100 | train loss: 1.000722 | val loss: 0.022037
22:59:31 | INFO | Early Stopping @ epoch 6 (val loss did not improve for 5 epochs)
22:59:31 | INFO | Training done: 6 epochs, 0.18 sec
22:59:31 | INFO | Metrics: RMSE=3830.7490  R2=-0.0837  sMAPE=52.90%
22:59:31 | INFO | [institutions 281/283] file=282
22:59:31 | INFO | Load file 282/institutions/agg_1_hour/n_bytes | 6718 points | missing 86.6% (5816/6718)
22:59:31 | INFO | impute zeros: 5816 values
22:59:31 | INFO | Sliding window: tw=24 pw=24 | samples=278
22:59:31 | INFO | Temporal split: train=194 val=41 test=43 | ratio 70/15/15
22:59:31 | INFO | Z-score: mean=902.7657 std=1981.9691
22:59:31 | INFO | Preprocess done: institutions file=282 n_bytes=OK
22:59:31 | INFO | Epoch   1/100 | train loss: 0.379489 | val loss: 0.001711
22:59:32 | INFO | Epoch  10/100 | train loss: 0.153736 | val loss: 0.001248
22:59:32 | INFO | Early Stopping @ epoch 18 (val loss did not improve for 5 epochs)
22:59:32 | INFO | Training done: 18 epochs, 0.50 sec
22:59:32 | INFO | Metrics: RMSE=53.6142  R2=0.0000  sMAPE=200.00%
22:59:32 | INFO | [institutions 282/283] file=283
22:59:32 | INFO | Load file 283/institutions/agg_1_hour/n_bytes | 6718 points | missing 65.0% (4367/6718)
22:59:32 | INFO | impute zeros: 4367 values
22:59:32 | INFO | Sliding window: tw=24 pw=24 | samples=278
22:59:32 | INFO | Temporal split: train=194 val=41 test=43 | ratio 70/15/15
22:59:32 | INFO | Z-score: mean=824.2857 std=1150.3944
22:59:32 | INFO | Preprocess done: institutions file=283 n_bytes=OK
22:59:32 | INFO | Epoch   1/100 | train loss: 0.920830 | val loss: 0.342781
22:59:32 | INFO | Epoch  10/100 | train loss: 0.695524 | val loss: 0.001956
22:59:32 | INFO | Early Stopping @ epoch 16 (val loss did not improve for 5 epochs)
22:59:32 | INFO | Training done: 16 epochs, 0.46 sec
22:59:32 | INFO | Metrics: RMSE=62.7942  R2=0.0000  sMAPE=200.00%
22:59:32 | INFO | [institutions 283/283] file=284
22:59:32 | INFO | Load file 284/institutions/agg_1_hour/n_bytes | 6718 points | missing 0.0% (1/6718)
22:59:32 | INFO | impute zeros: 1 values
22:59:32 | INFO | Sliding window: tw=24 pw=24 | samples=278
22:59:32 | INFO | Temporal split: train=194 val=41 test=43 | ratio 70/15/15
22:59:32 | INFO | Z-score: mean=324205.3424 std=127763.7979
22:59:32 | INFO | Preprocess done: institutions file=284 n_bytes=OK
22:59:32 | INFO | Epoch   1/100 | train loss: 0.544697 | val loss: 1.242977
22:59:33 | INFO | Epoch  10/100 | train loss: 0.246280 | val loss: 1.130038
22:59:33 | INFO | Early Stopping @ epoch 10 (val loss did not improve for 5 epochs)
22:59:33 | INFO | Training done: 10 epochs, 0.30 sec
22:59:33 | INFO | Metrics: RMSE=47820.7308  R2=0.6452  sMAPE=48.01%
22:59:33 | INFO | Done: institutions
22:59:33 | INFO | All done! Processed 283 series
