TS_ID,TS_GROUP,TRAINING_WINDOW,PREDICTION_WINDOW,MODEL,TS_METRIC,RMSE,SMAPE,R2_SCORE,TRAINING_TIME,PREDICTION_TIME,N_SAMPLES,N_MISSING
0,institutions,24,24,Mean,n_bytes,21766164536.66041,37.77364863650297,0.15216193480725704,0.0,0.0,43,1
1,institutions,24,24,Mean,n_bytes,15584403291.105433,29.020197561175276,0.18722494153086888,0.0,0.0,43,1
2,institutions,24,24,Mean,n_bytes,21799316352.201035,23.909644297729237,0.08461238430117679,0.0,0.0,43,1
3,institutions,24,24,Mean,n_bytes,6979621809.617781,42.994495046077404,0.07526154711207078,0.0,0.0,43,1
4,institutions,24,24,Mean,n_bytes,112578674.19122975,127.94186454040108,0.05183674395482318,0.0,0.0,43,1
5,institutions,24,24,Mean,n_bytes,1796800335.103364,140.54724148177422,-0.00985539641670341,0.0,0.0,43,1
6,institutions,24,24,Mean,n_bytes,189239815.6455787,107.04291863026722,-0.07232409799374584,0.0,0.0,43,1
7,institutions,24,24,Mean,n_bytes,233100442.94630367,139.41117848316446,0.021338512632197104,0.0,0.0,43,1
8,institutions,24,24,Mean,n_bytes,77087639.23198195,144.77350209358627,0.03165096242492638,0.0,0.0,43,15
9,institutions,24,24,Mean,n_bytes,3796047994.6430507,55.97272566538843,-0.028314022439596798,0.0,0.0,43,1
10,institutions,24,24,Mean,n_bytes,1799480666.0661635,85.21161931308954,0.023441782889277563,0.0,0.0,43,1
11,institutions,24,24,Mean,n_bytes,1626708600.0191896,122.96248232356268,-0.013465935414700425,0.0,0.0,43,1
12,institutions,24,24,Mean,n_bytes,966229392.3002775,90.5634305020604,-0.022519506378539278,0.0,0.0,43,3
13,institutions,24,24,Mean,n_bytes,249188622.28429303,119.87849128577554,-0.03937459295777446,0.0,0.0,43,2
14,institutions,24,24,Mean,n_bytes,387114359.3924292,123.57517921919047,-0.09125658034397999,0.0,0.0,43,5
15,institutions,24,24,Mean,n_bytes,298066371.43313193,119.66143061893013,-0.00226681284704755,0.0,0.0,43,1
16,institutions,24,24,Mean,n_bytes,282864802.42180854,112.87165396122015,-0.06308578931897957,0.0,0.0,43,1
17,institutions,24,24,Mean,n_bytes,512904520.5983904,83.33507158601228,-0.056508640339896,0.0,0.0009987354278564453,43,1
18,institutions,24,24,Mean,n_bytes,146188399.9838937,122.71958030757048,-0.026876702630339366,0.0,0.0,43,57
19,institutions,24,24,Mean,n_bytes,738585049.6595248,123.16008935232645,-0.15632669500054974,0.0,0.0,43,4
20,institutions,24,24,Mean,n_bytes,125097203.5272934,107.20145232694873,-0.06050316955669466,0.0,0.0,43,3
21,institutions,24,24,Mean,n_bytes,2314023412.1190505,156.8876397901324,-0.37644302466579305,0.0,0.0,43,2
22,institutions,24,24,Mean,n_bytes,2281533805.006597,53.89727963675153,-0.005547138786410555,0.0,0.0,43,1
23,institutions,24,24,Mean,n_bytes,3551323282.5811462,45.34112342614096,0.1493246160456817,0.0,0.0,43,1
24,institutions,24,24,Mean,n_bytes,294033564.4598933,52.30350835359678,0.01781188057312111,0.0,0.0,43,1
25,institutions,24,24,Mean,n_bytes,370162429.1582862,56.0033884639755,0.0367099576979949,0.0,0.0,43,1
26,institutions,24,24,Mean,n_bytes,473399795.6122146,57.542283714704055,0.6057417351505769,0.0,0.0,43,1
27,institutions,24,24,Mean,n_bytes,928030130.8482969,48.271811951074106,-0.002715860491210087,0.0,0.0,43,1
28,institutions,24,24,Mean,n_bytes,396114598.1644363,57.43580577551952,-0.03128078857218308,0.0,0.0,43,1
29,institutions,24,24,Mean,n_bytes,271788839.0552518,64.9474904224101,-0.041677877659413776,0.0,0.0,43,3
30,institutions,24,24,Mean,n_bytes,443502344.6113735,53.031767064538435,-0.05019490914611491,0.0,0.0,43,3
31,institutions,24,24,Mean,n_bytes,1276684317.0969481,63.71861761476306,0.16883484681703986,0.0,0.0,43,7
32,institutions,24,24,Mean,n_bytes,1094813487.1672902,39.87073246690065,0.003010281280653948,0.0,0.0,43,1
33,institutions,24,24,Mean,n_bytes,1203516656.2440848,54.92237285228202,0.004914096568513382,0.0,0.0,43,1
34,institutions,24,24,Mean,n_bytes,1482558604.792524,96.51501144958397,-0.024004050719290015,0.0,0.0,43,1
35,institutions,24,24,Mean,n_bytes,213066072.20091578,97.44385711171796,-0.032517783573868586,0.0,0.0,43,1
36,institutions,24,24,Mean,n_bytes,907518925.8547877,77.87148077663062,-0.03299768947201742,0.0,0.0,43,1
37,institutions,24,24,Mean,n_bytes,3421.645483506635,33.59544354864858,-0.05929653506327992,0.0,0.0,43,1
38,institutions,24,24,Mean,n_bytes,65942967.95898125,152.05821298516088,0.020350282535878894,0.0,0.0,43,5
39,institutions,24,24,Mean,n_bytes,1028301614.3713595,110.71901088310108,0.12046570724174777,0.0,0.0,43,1
40,institutions,24,24,Mean,n_bytes,213252289.57709292,85.68256924468518,0.06345212960216207,0.0,0.0,43,1
41,institutions,24,24,Mean,n_bytes,420414297.9173166,102.91063079311083,0.05125415167011915,0.0,0.0,43,1
42,institutions,24,24,Mean,n_bytes,140880731.80365118,114.94941059398656,-0.04288172123576417,0.0,0.0,43,1
43,institutions,24,24,Mean,n_bytes,254500188.00080395,115.92510561797687,0.012362942443294833,0.0,0.0,43,2
45,institutions,24,24,Mean,n_bytes,440913509.58893186,138.02026824575498,0.010664106322919698,0.0,0.0,43,1
46,institutions,24,24,Mean,n_bytes,191243637.0820546,137.58910734371347,0.022496250009641172,0.0,0.0,43,1
47,institutions,24,24,Mean,n_bytes,4469.546982977428,18.730701517522917,0.14614891944213637,0.0,0.0,43,5
48,institutions,24,24,Mean,n_bytes,14780920012.4171,35.457793499368364,0.08999204361044333,0.0,0.0,43,1
49,institutions,24,24,Mean,n_bytes,20233403378.56424,42.51998579312829,-0.004296125389805505,0.0,0.0,43,1
50,institutions,24,24,Mean,n_bytes,4794403185.895912,42.2061012996862,0.06060465455241393,0.0,0.0,43,1
51,institutions,24,24,Mean,n_bytes,160646.19886547327,28.764498489862554,-0.02309246311962787,0.0,0.0,43,1
52,institutions,24,24,Mean,n_bytes,3461399566.298054,65.42517760128045,0.06594734088481058,0.0,0.0,43,1
53,institutions,24,24,Mean,n_bytes,5621519981.213601,43.85758144948076,0.050877866255743975,0.0,0.0,43,1
54,institutions,24,24,Mean,n_bytes,231983352.3403777,106.3951637193369,0.03735038628449161,0.0,0.0,43,1
55,institutions,24,24,Mean,n_bytes,2718506083.6102276,49.48480898779306,0.00016333439422200335,0.0,0.0,43,1
56,institutions,24,24,Mean,n_bytes,4730757403.926346,53.1534971407847,0.1050926743107431,0.0,0.0,43,1
57,institutions,24,24,Mean,n_bytes,5250250272.069821,42.826128581054625,0.06872218601665436,0.0,0.0,43,1
58,institutions,24,24,Mean,n_bytes,157227901.14409208,110.3542417992509,-0.010969948861037304,0.0,0.0,43,1
59,institutions,24,24,Mean,n_bytes,3127182734.4190836,50.27278525372867,0.06750660995549262,0.0,0.0,43,1
60,institutions,24,24,Mean,n_bytes,1288021479.839347,54.960262677281115,-0.014441517347448363,0.0,0.0,43,1
61,institutions,24,24,Mean,n_bytes,9951349002.976748,27.688524398756115,0.032895459691540174,0.0,0.0,43,1
62,institutions,24,24,Mean,n_bytes,456557767.137978,120.4286649887587,0.05011797909583793,0.0,0.0,43,1
63,institutions,24,24,Mean,n_bytes,227792319.58004388,132.40743687981765,0.035832224805461554,0.0,0.0,43,1
64,institutions,24,24,Mean,n_bytes,492771122.7446937,110.44931491509276,-0.07041333043723252,0.0,0.0,43,1
65,institutions,24,24,Mean,n_bytes,500888976.49485165,123.0175830392165,0.016746188100628445,0.0,0.0,43,1
66,institutions,24,24,Mean,n_bytes,785733706.4771184,74.5749279432531,-0.03451334389902838,0.0,0.0,43,1
67,institutions,24,24,Mean,n_bytes,1916958220.6393218,54.32762031207513,0.04079515168435288,0.0,0.0,43,1
68,institutions,24,24,Mean,n_bytes,3938006341.2493706,41.260183465018365,0.12005157096498065,0.0,0.0,43,1
69,institutions,24,24,Mean,n_bytes,1066314343.4433997,86.0360586641253,-0.05615509090079396,0.0,0.0,43,1
70,institutions,24,24,Mean,n_bytes,635367812.2072238,127.74941846530841,0.01791029339590411,0.0,0.0,43,1
71,institutions,24,24,Mean,n_bytes,138421034.82573852,118.58775433337657,0.06977060242602562,0.0,0.0,43,1
72,institutions,24,24,Mean,n_bytes,72766184.05044766,145.56251190645563,-0.003518332206272623,0.0,0.0010006427764892578,43,19
73,institutions,24,24,Mean,n_bytes,619675066.1163788,114.933457452961,-0.004381036499576663,0.0,0.0,43,1
74,institutions,24,24,Mean,n_bytes,2103533612.2805526,64.14081413503492,-0.03840205975909927,0.0,0.0,43,1
75,institutions,24,24,Mean,n_bytes,1646303937.3614962,42.62735964910614,0.03555289407816398,0.0,0.0,43,1
76,institutions,24,24,Mean,n_bytes,306972927.44566673,112.30724080093266,-0.011330244303563441,0.0,0.0,43,1
77,institutions,24,24,Mean,n_bytes,332290164.6833705,77.65433834450492,-0.056730302068805916,0.0,0.0,43,1
78,institutions,24,24,Mean,n_bytes,1993419151.6896741,78.60952677146102,-0.05264640789419195,0.0,0.0,43,1
79,institutions,24,24,Mean,n_bytes,348744879.3941845,75.84232685203878,-0.023517580185043352,0.0,0.0,43,1
80,institutions,24,24,Mean,n_bytes,3128787470.2024255,44.34860277427218,0.0327062828432666,0.0,0.0,43,1
81,institutions,24,24,Mean,n_bytes,205842240.0624004,37.86139341706883,0.34480589044293786,0.0,0.0,43,1
82,institutions,24,24,Mean,n_bytes,112401748.13087443,125.85013732964099,-0.031719432523726665,0.0,0.0,43,2
83,institutions,24,24,Mean,n_bytes,546843282.5095396,100.46965150530383,-0.03738401459270779,0.0,0.0,43,1
84,institutions,24,24,Mean,n_bytes,259924449.34775615,58.288344322516885,-0.05355215446137174,0.0,0.0,43,2
85,institutions,24,24,Mean,n_bytes,171322092.36174363,89.38317426513662,-0.009599456275788176,0.0,0.0,43,17
86,institutions,24,24,Mean,n_bytes,821140918.4251627,89.56117034957288,-0.05179254123000332,0.0,0.0,43,5
87,institutions,24,24,Mean,n_bytes,1068363370.8551481,73.04235281967973,-0.0480180980226641,0.0,0.0,43,1
88,institutions,24,24,Mean,n_bytes,504479761.61067605,88.85282587598424,0.20052460586085097,0.0,0.0,43,1
89,institutions,24,24,Mean,n_bytes,2056115696.7514515,80.32184024106263,-0.09186612640931191,0.0,0.0,43,10
90,institutions,24,24,Mean,n_bytes,1126369355.307612,57.014173511364696,0.1363836646126294,0.0,0.0,43,1
91,institutions,24,24,Mean,n_bytes,309788415.36182714,120.93496993803909,0.01597427150716757,0.0,0.0,43,1
92,institutions,24,24,Mean,n_bytes,82912147.8349866,129.68826972907493,-0.023829503585824918,0.0,0.0,43,1
93,institutions,24,24,Mean,n_bytes,1186651224.3499787,120.35494260571637,0.03912413685024507,0.0,0.0,43,1
94,institutions,24,24,Mean,n_bytes,1202583768.5281937,54.79620160455148,0.1795905444384459,0.0,0.0,43,1
95,institutions,24,24,Mean,n_bytes,769759876.9638644,73.11687522239284,-0.06051479339734711,0.0,0.0,43,1
96,institutions,24,24,Mean,n_bytes,294149332.3246194,83.25135227323919,-0.06506471378263612,0.0,0.0,43,1
97,institutions,24,24,Mean,n_bytes,2340233019.964343,66.15991483558248,0.07356845448274507,0.0,0.0,43,1
98,institutions,24,24,Mean,n_bytes,561922417.9785753,67.21671744330784,-0.04299344837701691,0.0,0.0,43,2
99,institutions,24,24,Mean,n_bytes,291442474.1779737,137.84600979212263,0.029941862988997925,0.0,0.0,43,1
100,institutions,24,24,Mean,n_bytes,381506925.20782375,100.55689255264764,-0.0035148350770539682,0.0,0.0,43,1
101,institutions,24,24,Mean,n_bytes,2230020000.3276134,91.70517742895376,-0.06836964719600447,0.0,0.0,43,1
102,institutions,24,24,Mean,n_bytes,159897966.49839434,121.52661189523266,0.007194367642755939,0.0,0.0,43,1
103,institutions,24,24,Mean,n_bytes,60470832.467411496,62.94526117967104,-0.026051507767256954,0.0,0.0,43,1
104,institutions,24,24,Mean,n_bytes,929134339.0459678,66.0733070948868,-0.04252546526367129,0.0,0.0,43,1
105,institutions,24,24,Mean,n_bytes,1063271045.1176008,60.397331911003164,0.00828759478351071,0.0,0.0,43,1
106,institutions,24,24,Mean,n_bytes,1373639788.8379111,47.075313544674245,0.013117743774532009,0.0,0.0,43,1
107,institutions,24,24,Mean,n_bytes,381234114.93336064,135.05668034901686,0.04942799677519605,0.0,0.0,43,1
108,institutions,24,24,Mean,n_bytes,2279018029.015622,40.405870853934005,0.07524136768691014,0.0,0.0,43,4
109,institutions,24,24,Mean,n_bytes,2615819212.520414,44.836330689727355,0.03387424299605757,0.0,0.0,43,1
110,institutions,24,24,Mean,n_bytes,533550428.93814504,115.13619998058866,0.08793246584768821,0.0,0.0,43,1
111,institutions,24,24,Mean,n_bytes,343468706.4942801,82.49633093655969,-0.05656982319104964,0.0,0.0,43,4
112,institutions,24,24,Mean,n_bytes,133420223.32842088,99.49033833262624,0.10455506224450961,0.0,0.0,43,2
113,institutions,24,24,Mean,n_bytes,2280419810.1592326,47.48974722174172,0.014248566283634911,0.0,0.0,43,1
114,institutions,24,24,Mean,n_bytes,305017040.44022894,110.8163047281234,0.02780462747262713,0.0,0.0,43,9
115,institutions,24,24,Mean,n_bytes,678834508.7765832,123.69826385014213,0.06026163074214219,0.0,0.0,43,1
116,institutions,24,24,Mean,n_bytes,322619652.8841001,50.25671455904012,0.03844309628211262,0.0,0.0,43,1
117,institutions,24,24,Mean,n_bytes,192962723.57207343,109.12182918344895,0.0700298176304458,0.0,0.0,43,1
118,institutions,24,24,Mean,n_bytes,9089287.797016481,37.93532350806342,0.37444658048760915,0.0,0.0,43,1
119,institutions,24,24,Mean,n_bytes,2592592357.7940907,32.94831802569732,0.11416800230386814,0.0,0.0,43,1
120,institutions,24,24,Mean,n_bytes,471096555.9122622,46.053471135942836,-0.04294103869542076,0.0,0.0,43,1
121,institutions,24,24,Mean,n_bytes,556365.3931470864,14.65995055957388,0.06801305026267035,0.0,0.0,43,1
122,institutions,24,24,Mean,n_bytes,192695262.52155605,101.55766076613497,-0.041888199394911174,0.0,0.0,43,1
123,institutions,24,24,Mean,n_bytes,1189477130.6308846,81.37739111175794,-0.02736438659722129,0.0,0.0,43,1
124,institutions,24,24,Mean,n_bytes,429613453.67730707,83.22355597838728,0.03513970166100666,0.0,0.0,43,1
125,institutions,24,24,Mean,n_bytes,759277786.0089335,44.29510791839464,0.021799496567113552,0.0,0.0,43,2
126,institutions,24,24,Mean,n_bytes,556529343.4516306,54.916305675250086,-0.010298188418662813,0.0,0.0,43,1
127,institutions,24,24,Mean,n_bytes,163191559.83355606,133.06217594512543,0.020250115131859037,0.0,0.0,43,1
128,institutions,24,24,Mean,n_bytes,812411883.1512436,97.86214987247082,-0.1288346413596262,0.0,0.0,43,1
129,institutions,24,24,Mean,n_bytes,650011687.0015126,108.17675372793386,-0.10324359041063591,0.0,0.0,43,1
130,institutions,24,24,Mean,n_bytes,493291670.062398,50.82954232424084,-0.02436651269030987,0.0,0.0,43,1
131,institutions,24,24,Mean,n_bytes,559756917.9511721,56.32596975639874,-0.057689414649891635,0.0,0.0,43,1
132,institutions,24,24,Mean,n_bytes,404273168.61873686,103.54284813261636,0.06352155907633805,0.0,0.0,43,5
133,institutions,24,24,Mean,n_bytes,188160831.5964737,89.79047616453063,-0.08725312784856132,0.0,0.0,43,1
134,institutions,24,24,Mean,n_bytes,704419721.5454732,96.35952165600722,-0.004021479353130575,0.0,0.0,43,30
135,institutions,24,24,Mean,n_bytes,198379730.444147,69.44178678019067,-0.01678786975950941,0.0,0.0,43,1
136,institutions,24,24,Mean,n_bytes,957584837.9044042,90.01418187611357,-0.041443017550026884,0.0,0.0,43,1
137,institutions,24,24,Mean,n_bytes,2734416534.493466,63.17292379554256,-0.013503510743284819,0.0,0.0,43,1
138,institutions,24,24,Mean,n_bytes,606168612.5047662,63.72934290628576,0.041034673668230215,0.0,0.0,43,3
139,institutions,24,24,Mean,n_bytes,310999959.69992757,118.8534367486675,0.027839313620692252,0.0,0.0,43,17
140,institutions,24,24,Mean,n_bytes,0.0,nan,0.0,0.0,0.0,43,2115
141,institutions,24,24,Mean,n_bytes,78195002.33982185,70.62391526641858,0.06036068631183955,0.0,0.0,43,1
142,institutions,24,24,Mean,n_bytes,217561413.1369416,96.89963804301854,-0.012819088850316351,0.0,0.0009961128234863281,43,4
143,institutions,24,24,Mean,n_bytes,298862419.83846045,102.03676099408527,-0.060727576321253585,0.0,0.0,43,1
144,institutions,24,24,Mean,n_bytes,391282672.58967775,100.22385874482826,-0.053886539024117885,0.0,0.0,43,1
145,institutions,24,24,Mean,n_bytes,162991926.42325342,77.25596622091714,-0.024998127512271484,0.0,0.0,43,1
146,institutions,24,24,Mean,n_bytes,448675439.0867914,87.9409684693151,-0.05072589203217803,0.0,0.0,43,1
147,institutions,24,24,Mean,n_bytes,656693822.3481776,129.5757045068858,-0.00947906111153074,0.0,0.0,43,1
148,institutions,24,24,Mean,n_bytes,322986021.65555793,113.00357370887643,-0.11283010722618414,0.0,0.0,43,14
149,institutions,24,24,Mean,n_bytes,260649186.11124626,110.79870375870766,0.05073081565368698,0.0,0.0,43,1
150,institutions,24,24,Mean,n_bytes,198231186.1349478,125.30092298841713,-0.043123559326872174,0.0,0.0,43,3
151,institutions,24,24,Mean,n_bytes,159820109.5746327,129.51774030723223,0.019947069223696268,0.0,0.0,43,1
152,institutions,24,24,Mean,n_bytes,235680537.26604655,111.9376300724873,0.13326040557849816,0.0,0.0,43,44
153,institutions,24,24,Mean,n_bytes,157760219.98413512,83.6716677335311,-0.06000265318469444,0.0,0.0,43,1
154,institutions,24,24,Mean,n_bytes,64817227.19923091,103.88763696397305,-0.009471291870857046,0.0,0.0,43,1
155,institutions,24,24,Mean,n_bytes,256288733.85333586,85.54649242942389,-0.04495676129889992,0.0,0.0,43,1
156,institutions,24,24,Mean,n_bytes,861840821.77996,49.01303280857432,0.029716480317681593,0.0,0.0,43,1
157,institutions,24,24,Mean,n_bytes,127660032.58853848,122.23817505508121,0.029085983038063534,0.0,0.0,43,1
158,institutions,24,24,Mean,n_bytes,56193750.96914836,108.04562506889262,-0.027279317051457586,0.0,0.0,43,2
159,institutions,24,24,Mean,n_bytes,38867693.76601753,131.23338736123807,-0.03846989718971283,0.0,0.0,43,1
160,institutions,24,24,Mean,n_bytes,234200540.677702,95.70897857642835,-0.07234030243091905,0.0,0.0,43,1
161,institutions,24,24,Mean,n_bytes,172121590.68850717,88.3290626328323,-0.03501770945359928,0.0,0.0,43,1
162,institutions,24,24,Mean,n_bytes,29446798.374051876,135.93874675542185,-0.07268749040979494,0.0,0.0,43,1
163,institutions,24,24,Mean,n_bytes,163007302.3096091,142.92103956161915,-0.031102351486317792,0.0,0.0,43,1
164,institutions,24,24,Mean,n_bytes,806580734.6619562,76.92118402828469,0.015080743954324904,0.0,0.0,43,1
165,institutions,24,24,Mean,n_bytes,812836224.6130385,87.05538271881169,-0.03610348964708909,0.0,0.0,43,6
166,institutions,24,24,Mean,n_bytes,211546215.9439615,83.60620886091432,0.0020124789451417824,0.0,0.0,43,1
167,institutions,24,24,Mean,n_bytes,941004144.7937622,77.31546374204085,-0.02106516982784279,0.0,0.0,43,1
168,institutions,24,24,Mean,n_bytes,747560075.9902112,52.20630102289381,-0.014161275456911593,0.0,0.0,43,1
169,institutions,24,24,Mean,n_bytes,489351136.3009741,68.55990039453819,0.046820833459513045,0.0,0.0,43,1
170,institutions,24,24,Mean,n_bytes,279241080.9529096,96.5611270051171,0.015971146133487713,0.0,0.0,43,1
171,institutions,24,24,Mean,n_bytes,249803334.161822,73.280155421193,-0.04555094765775847,0.0,0.0,43,1
172,institutions,24,24,Mean,n_bytes,700236483.835425,94.41620381476166,0.05515478546733532,0.0,0.0,43,1
173,institutions,24,24,Mean,n_bytes,1073532347.9371756,112.01708274551072,0.04818032531690508,0.0,0.0,43,1
175,institutions,24,24,Mean,n_bytes,1005525471.9330926,65.79975423917254,0.03226857653630888,0.0,0.0,43,1
176,institutions,24,24,Mean,n_bytes,252174897.30221784,69.41827164488436,0.0422257840266681,0.0,0.0,43,1
177,institutions,24,24,Mean,n_bytes,58198506.02285807,106.55622989424498,-0.02158296880142707,0.0,0.0,43,1
178,institutions,24,24,Mean,n_bytes,458125459.25431097,50.46848239816887,0.009537792148657354,0.0,0.0,43,1
179,institutions,24,24,Mean,n_bytes,843572523.3273783,82.73003321534021,-0.03645676973216938,0.0,0.0,43,1
180,institutions,24,24,Mean,n_bytes,204735652.53822172,94.57074940634686,-0.05003956169730617,0.0,0.0,43,1
181,institutions,24,24,Mean,n_bytes,1075048702.1354406,112.71186488674934,-0.08821128053297222,0.0,0.0,43,3
182,institutions,24,24,Mean,n_bytes,28065.874669101962,33.255926657070795,-0.7526216332762949,0.0,0.0,43,1
183,institutions,24,24,Mean,n_bytes,130484092.89023113,87.04907184109325,0.01910134676038766,0.0,0.0,43,1
184,institutions,24,24,Mean,n_bytes,428341203.7923189,84.20945389878703,-0.029580472638874644,0.0,0.0,43,1
185,institutions,24,24,Mean,n_bytes,156050107.0830537,101.64532704484515,0.08325135189534005,0.0,0.0,43,1
186,institutions,24,24,Mean,n_bytes,280976480.7675749,88.20503766302512,-0.042214600003812386,0.0,0.0,43,1
187,institutions,24,24,Mean,n_bytes,262312361.6402578,61.35684965558106,0.09316137293989901,0.0,0.0,43,1
188,institutions,24,24,Mean,n_bytes,134238397.48330837,65.81360942872867,-0.027702248271055385,0.0,0.0,43,1
189,institutions,24,24,Mean,n_bytes,413997974.9966696,137.87442235855724,-0.0266617452054152,0.0,0.0,43,1
190,institutions,24,24,Mean,n_bytes,122063001.30110681,126.83817563425217,-0.027179133953756596,0.0,0.0,43,2
191,institutions,24,24,Mean,n_bytes,83159946.64934063,69.41541792206158,-0.06118082669296965,0.0,0.0010066032409667969,43,10
192,institutions,24,24,Mean,n_bytes,34473529.08527129,54.66105598407195,-0.008440740882823539,0.0,0.0,43,1
193,institutions,24,24,Mean,n_bytes,418306877.9092787,47.967617855362704,0.04221625209042801,0.0,0.0,43,1
194,institutions,24,24,Mean,n_bytes,218919898.96427813,106.06203440131881,-0.055573001636522124,0.0,0.0,43,1
195,institutions,24,24,Mean,n_bytes,162591727.14070046,107.18661003094854,-0.05164662967757727,0.0,0.0,43,1
196,institutions,24,24,Mean,n_bytes,227694638.00392464,117.17509913560929,-0.028228365237421116,0.0,0.0,43,1
197,institutions,24,24,Mean,n_bytes,91644611.21795613,135.48841532346566,-0.06590759706953575,0.0,0.0,43,1
198,institutions,24,24,Mean,n_bytes,214904925.89936927,104.30012751263276,-0.04781487507836535,0.0,0.0,43,1
199,institutions,24,24,Mean,n_bytes,583968770.2310672,118.93165482737464,-0.04760043582116458,0.0,0.0,43,1
200,institutions,24,24,Mean,n_bytes,396725983.9042026,66.45857733865516,0.07605729315734011,0.0,0.0,43,1
201,institutions,24,24,Mean,n_bytes,568150192.7319978,113.06151677369733,-0.047408038397019014,0.0,0.0,43,1
202,institutions,24,24,Mean,n_bytes,15172635.682923494,52.98240140976995,-0.0070646560636662414,0.0,0.0,43,25
203,institutions,24,24,Mean,n_bytes,154311200.17132026,99.50287282558787,0.14768301697291863,0.0,0.0,43,1
204,institutions,24,24,Mean,n_bytes,1879087206.9008992,129.38850809508602,0.05914385915995524,0.0,0.0,43,1
205,institutions,24,24,Mean,n_bytes,301575498.7032939,113.65941753890763,-0.06495656844256392,0.0,0.0,43,1
206,institutions,24,24,Mean,n_bytes,314405006.70309085,118.26783156005317,-0.034654391572844556,0.0,0.0,43,4
207,institutions,24,24,Mean,n_bytes,159100738.05923703,137.59714725035786,0.012088421737930677,0.0,0.0,43,1
208,institutions,24,24,Mean,n_bytes,435748575.8618472,112.4301184337676,0.028457424207923854,0.0,0.0,43,1
209,institutions,24,24,Mean,n_bytes,647053243.3598953,49.78842144724629,0.12841221149439797,0.0,0.0,43,5
210,institutions,24,24,Mean,n_bytes,433303952.8292272,87.84647197552367,0.002503649975132749,0.0,0.0,43,1
211,institutions,24,24,Mean,n_bytes,300933282.7020987,121.70666546920941,-0.07100454254254518,0.0,0.0,43,1
212,institutions,24,24,Mean,n_bytes,112002072.59907115,28.991804817686063,0.011316895660552051,0.0,0.0,43,1
213,institutions,24,24,Mean,n_bytes,115811055.81239934,87.82024056744045,-0.06352603198723372,0.0,0.0,43,1
214,institutions,24,24,Mean,n_bytes,205197928.9106961,131.19405813357758,0.016537901748623796,0.0,0.0,43,3
215,institutions,24,24,Mean,n_bytes,962674049.6832554,81.26722093018482,-0.12689741733251636,0.0,0.0,43,1
216,institutions,24,24,Mean,n_bytes,179920777.27128127,81.32002034978727,0.00750509576238656,0.0,0.0,43,1
217,institutions,24,24,Mean,n_bytes,275069284.9418239,112.60143898771943,-0.01204336247530069,0.0,0.0,43,14
218,institutions,24,24,Mean,n_bytes,219919692.29848093,57.04571402996347,0.005395123642336963,0.0,0.0,43,1
219,institutions,24,24,Mean,n_bytes,255323738.91439402,113.27367092442499,0.015297228093219983,0.0,0.0,43,3
220,institutions,24,24,Mean,n_bytes,132272228.07727323,122.8820197637069,-0.032971989469415375,0.0,0.0,43,1
221,institutions,24,24,Mean,n_bytes,65335551.98255753,111.68431344952427,0.07633509122497917,0.0,0.0,43,1
222,institutions,24,24,Mean,n_bytes,649225176.221575,93.38270006732559,0.05277648366571397,0.0,0.0,43,1
223,institutions,24,24,Mean,n_bytes,200014421.26251292,121.46023464810736,-0.009047593426828815,0.0,0.0,43,1
224,institutions,24,24,Mean,n_bytes,326869229.02608633,103.95499428002799,-0.034781950353276914,0.0,0.0,43,2
225,institutions,24,24,Mean,n_bytes,755494010.9526788,59.33289121152444,0.143985394786861,0.0,0.0,43,1
226,institutions,24,24,Mean,n_bytes,35859891.71835319,113.59004722103563,-0.05131669049312282,0.0,0.00099945068359375,43,1
227,institutions,24,24,Mean,n_bytes,424542476.48655295,73.66366758547032,-0.0315386990401052,0.0,0.0,43,1
228,institutions,24,24,Mean,n_bytes,172945851.6932476,98.1282463005959,-0.02145494462305031,0.0,0.0,43,1
229,institutions,24,24,Mean,n_bytes,514876190.21224695,66.88131508010389,-0.0048126119469744655,0.0,0.0,43,1
230,institutions,24,24,Mean,n_bytes,768866841.5385352,45.43218950376723,0.0304693870482573,0.0,0.0,43,1
231,institutions,24,24,Mean,n_bytes,196882869.60817364,116.18929268978108,-0.10188617354656615,0.0,0.0,43,5
232,institutions,24,24,Mean,n_bytes,147172199.39260152,67.06287852227717,0.01375015423338155,0.0,0.0,43,1
233,institutions,24,24,Mean,n_bytes,248983896.31336454,113.77982486735208,0.2002513197137913,0.0,0.0,43,1
234,institutions,24,24,Mean,n_bytes,320468291.17484117,69.81371303694614,0.059413517255219594,0.0,0.0,43,1
235,institutions,24,24,Mean,n_bytes,118993696.0295102,97.98879569616305,0.002383436430138497,0.0,0.0,43,1
236,institutions,24,24,Mean,n_bytes,1647219877.0457494,145.9471093284617,-0.32648391117436093,0.0,0.0,43,3
237,institutions,24,24,Mean,n_bytes,261366542.93593603,114.54056493945974,-0.018068606170003942,0.0,0.0,43,1
238,institutions,24,24,Mean,n_bytes,328417832.7826308,47.23596332815863,0.13233623303055908,0.0,0.0,43,1
239,institutions,24,24,Mean,n_bytes,220574380.42148638,118.46168620338989,0.008418462441165842,0.0,0.0,43,13
240,institutions,24,24,Mean,n_bytes,137842346.2891506,123.11223017275397,0.0013162147078090713,0.0,0.0,43,1
241,institutions,24,24,Mean,n_bytes,142789957.6576229,98.77079370132455,-0.025672698413016892,0.0,0.0,43,1
242,institutions,24,24,Mean,n_bytes,192399232.85950178,149.07864041659306,-0.030073721440349477,0.0,0.0,43,3
243,institutions,24,24,Mean,n_bytes,1215.231827789084,62.81135286975969,-0.16380327765844038,0.0,0.0,43,184
244,institutions,24,24,Mean,n_bytes,265424030.08465624,91.90013594170517,0.04278359497004214,0.0,0.0,43,1
245,institutions,24,24,Mean,n_bytes,187121741.97158736,129.1677410084099,-0.04648481924138781,0.0,0.0,43,1
246,institutions,24,24,Mean,n_bytes,203360987.8486822,96.15785712287015,-0.0052642203481874095,0.0,0.0,43,16
247,institutions,24,24,Mean,n_bytes,50966282.572309576,148.83873363372007,-0.04189362505797112,0.0,0.0,43,107
248,institutions,24,24,Mean,n_bytes,153003074.32574892,97.8889568894145,0.01623434055944739,0.0,0.0,43,1
249,institutions,24,24,Mean,n_bytes,100831561.39222984,142.58247040985864,0.006493615734904035,0.0,0.0,43,1
250,institutions,24,24,Mean,n_bytes,59898099.27427493,134.9610630276661,-0.0758050921652007,0.0,0.0,43,3
251,institutions,24,24,Mean,n_bytes,79052656.69216265,105.05884100866756,-0.0014624187893701457,0.0,0.0,43,1
252,institutions,24,24,Mean,n_bytes,44262354.37335588,134.71840376701965,-0.017607076018828938,0.0,0.0,43,1
253,institutions,24,24,Mean,n_bytes,84187681.99353752,127.54612483827307,-0.05562621334740392,0.0,0.0,43,1
254,institutions,24,24,Mean,n_bytes,331586814.9828311,126.05777332609915,0.04252748426072117,0.0,0.0,43,1
255,institutions,24,24,Mean,n_bytes,1004970289.7781928,111.57676024699867,-0.13103141362919501,0.0,0.0,43,6
256,institutions,24,24,Mean,n_bytes,18603719.683363434,117.7468976247198,-0.015411116173231543,0.0,0.0,43,20
257,institutions,24,24,Mean,n_bytes,177813271.17249763,134.06051399652003,-0.09096875691464068,0.0,0.0,43,3
258,institutions,24,24,Mean,n_bytes,339013143.6606343,131.50421732798588,-0.12673901547654975,0.0,0.0,43,1
259,institutions,24,24,Mean,n_bytes,206135049.6014247,73.18587445340772,-0.038602553066385825,0.0,0.0,43,5
260,institutions,24,24,Mean,n_bytes,153704737.3279627,137.88897400814056,-0.08515921091679934,0.0,0.0,43,1000
261,institutions,24,24,Mean,n_bytes,99492910.65253824,93.82431756423412,0.0008024873805196897,0.0,0.0,43,1
262,institutions,24,24,Mean,n_bytes,8087.995017572132,26.12356294955805,-0.08576335163440452,0.0,0.0,43,1
263,institutions,24,24,Mean,n_bytes,8799545.324880283,123.03279255703555,-0.06950082327376772,0.0,0.0009915828704833984,43,49
264,institutions,24,24,Mean,n_bytes,1121.0983324090005,nan,-0.10124553309165774,0.0,0.0,43,2276
265,institutions,24,24,Mean,n_bytes,45525727.59598478,146.52604886643545,-0.056941739565854244,0.0,0.0,43,64
266,institutions,24,24,Mean,n_bytes,2559.319519224942,42.89542717571662,0.06090289526050474,0.0,0.0,43,2
267,institutions,24,24,Mean,n_bytes,1190.8930862940138,61.791722331004785,-0.0872444705732367,0.0,0.0,43,254
268,institutions,24,24,Mean,n_bytes,61513272.998742044,118.19861926958637,-0.055193779270708676,0.0,0.0,43,52
269,institutions,24,24,Mean,n_bytes,74585628.50981584,132.23778662788035,-0.05894147586473242,0.0,0.0,43,2
270,institutions,24,24,Mean,n_bytes,1654.563076146983,37.91123905326547,-0.007333709582533432,0.0,0.0,43,4
271,institutions,24,24,Mean,n_bytes,64271.11739875064,57.76909345228308,-0.03971802714850803,0.0,0.0,43,125
272,institutions,24,24,Mean,n_bytes,2127.2825058411076,35.36539885774305,-0.00030092370582557315,0.0,0.0,43,252
273,institutions,24,24,Mean,n_bytes,25636352.318463963,149.6878051929447,-0.02698976908234063,0.0,0.0,43,1
274,institutions,24,24,Mean,n_bytes,73244281.20116565,142.38737193845878,-0.1115897800955945,0.0,0.0,43,1
275,institutions,24,24,Mean,n_bytes,8924.09530707408,27.327677247915666,0.07595393988778254,0.0,0.0,43,1
276,institutions,24,24,Mean,n_bytes,653105276.895541,110.20652781025314,-0.07949513698111121,0.0,0.0,43,6
277,institutions,24,24,Mean,n_bytes,89870103.64984915,119.46935883261702,-0.05020326500116101,0.0,0.0,43,2241
278,institutions,24,24,Mean,n_bytes,1937213345.626916,109.33016284816301,0.060101253258509346,0.0,0.0,43,1209
279,institutions,24,24,Mean,n_bytes,1724.8458637789117,63.174073850615954,-0.10568133185463569,0.0,0.0010001659393310547,43,79
280,institutions,24,24,Mean,n_bytes,38676.41259752827,81.00888446108002,-0.042732727056965514,0.0,0.0,43,127
281,institutions,24,24,Mean,n_bytes,3664.8118890290493,51.1514608751052,0.008129059077675582,0.0,0.0010042190551757812,43,6
282,institutions,24,24,Mean,n_bytes,0.0,nan,0.0,0.0,0.0,43,5816
283,institutions,24,24,Mean,n_bytes,0.0,nan,0.0,0.0,0.0,43,4367
284,institutions,24,24,Mean,n_bytes,35579.54470763606,21.871110453799485,0.8035875200484632,0.0,0.0,43,1
0,institution_subnets,24,24,Mean,n_bytes,17038781163.113993,41.85054499507771,0.15427378871368613,0.0,0.0,43,1
1,institution_subnets,24,24,Mean,n_bytes,6210636.271571243,166.10805168647047,0.051467254402601914,0.0,0.0,43,1766
2,institution_subnets,24,24,Mean,n_bytes,1717.2357597823857,40.40585185737212,-0.013361118995252497,0.0,0.0,43,10
3,institution_subnets,24,24,Mean,n_bytes,98517721.6537549,128.94616442465158,-0.03836422451704524,0.0,0.0,43,142
4,institution_subnets,24,24,Mean,n_bytes,167952084.21230757,82.47360259934625,-0.05914463943352444,0.0,0.0,43,3
5,institution_subnets,24,24,Mean,n_bytes,1040409.8213979006,58.772384732095375,-0.013969382358353544,0.0,0.0,43,4
6,institution_subnets,24,24,Mean,n_bytes,8377126264.552644,47.52523651464769,0.09736292253595302,0.0,0.0,43,1
7,institution_subnets,24,24,Mean,n_bytes,481606264.197621,74.77150142784505,-0.008777369583042871,0.0,0.0,43,1
8,institution_subnets,24,24,Mean,n_bytes,329009465.8829827,73.16025461729373,-0.018370047337705087,0.0,0.0,43,1
9,institution_subnets,24,24,Mean,n_bytes,12433.72575460574,nan,0.44582529472978705,0.0,0.0,43,832
10,institution_subnets,24,24,Mean,n_bytes,432384615.0901163,90.93090772176348,-0.015841813657138992,0.0,0.0,43,1
11,institution_subnets,24,24,Mean,n_bytes,3166419.7862430485,79.76978626709385,-0.10015449484911243,0.0,0.0,43,464
12,institution_subnets,24,24,Mean,n_bytes,27506.90911026955,38.606895547834014,-0.9547947074580743,0.0,0.0,43,1
13,institution_subnets,24,24,Mean,n_bytes,401714130.4466612,88.90244748259623,-0.04140163685082099,0.0,0.0,43,1
14,institution_subnets,24,24,Mean,n_bytes,1021405207.45525,79.56117201060529,-0.05452488353530782,0.0,0.0,43,1
15,institution_subnets,24,24,Mean,n_bytes,1022029.7653066284,81.74022179626786,-0.04771490386848121,0.0,0.0,43,1
16,institution_subnets,24,24,Mean,n_bytes,3064211158.578097,116.92642864333587,-0.0073835720737451815,0.0,0.0,43,1
17,institution_subnets,24,24,Mean,n_bytes,15357585312.415762,29.865868626693338,0.1924525677114699,0.0,0.0,43,1
19,institution_subnets,24,24,Mean,n_bytes,3200286.5148451044,135.85382948490798,-0.02188179021411707,0.0,0.0,43,1
20,institution_subnets,24,24,Mean,n_bytes,1887134.910813492,39.53564480615327,-0.01234804986866056,0.0,0.0,43,1
21,institution_subnets,24,24,Mean,n_bytes,789347.8225019947,59.443429040064885,-0.007326658731587665,0.0,0.0,43,5
22,institution_subnets,24,24,Mean,n_bytes,3273398.7531503094,87.88179245399775,0.018851501181715635,0.0,0.0,43,2
23,institution_subnets,24,24,Mean,n_bytes,1424.2486457007294,63.88809145615974,-0.14409872130203616,0.0,0.0,43,170
24,institution_subnets,24,24,Mean,n_bytes,4071774.075782771,45.41666248096956,-0.023228949417015476,0.0,0.0,43,1
25,institution_subnets,24,24,Mean,n_bytes,144534.36441179263,44.529236488790666,0.12493458406128333,0.0,0.0,43,1
26,institution_subnets,24,24,Mean,n_bytes,38295451.1006353,84.11569269331144,-0.053579941394893194,0.0,0.0,43,1
27,institution_subnets,24,24,Mean,n_bytes,102831281.22848111,128.92668146779963,-0.027255423453017347,0.0,0.0,43,1
28,institution_subnets,24,24,Mean,n_bytes,107528361.79148848,148.75563828781776,-0.06345174666095632,0.0,0.0,43,1
29,institution_subnets,24,24,Mean,n_bytes,611434527.5870987,60.31685359198753,-0.03592298215652412,0.0,0.0,43,1
30,institution_subnets,24,24,Mean,n_bytes,883146.8741559426,48.433781111478694,0.011621191711916334,0.0,0.0,43,1
31,institution_subnets,24,24,Mean,n_bytes,1251.2799012495145,44.81195080592149,0.004322418757638613,0.0,0.0,43,39
32,institution_subnets,24,24,Mean,n_bytes,934315964.7381041,70.25826237492548,0.2770919856892683,0.0,0.0,43,1
33,institution_subnets,24,24,Mean,n_bytes,7907372537.909606,133.89272413437067,-0.05840871784352197,0.0,0.0,43,1
34,institution_subnets,24,24,Mean,n_bytes,42346.42261607704,58.97300966879821,0.20879475591400032,0.0,0.0,43,1
35,institution_subnets,24,24,Mean,n_bytes,270208.18337216845,46.43392034687508,-0.018642805080424596,0.0,0.0,43,1
36,institution_subnets,24,24,Mean,n_bytes,1002359171.6093217,85.1518555312675,-0.053825545794405905,0.0,0.0,43,1
37,institution_subnets,24,24,Mean,n_bytes,739.4671226801573,nan,-0.08368227156582497,0.0,0.0,43,3542
38,institution_subnets,24,24,Mean,n_bytes,1313683099.866309,123.83972262574166,0.049535248492603046,0.0,0.0,43,1
39,institution_subnets,24,24,Mean,n_bytes,2977172.9763684175,77.78816548513139,-0.04018900972432582,0.0,0.0,43,3724
40,institution_subnets,24,24,Mean,n_bytes,18347116.880427808,60.55209875272648,-0.0531492965584186,0.0,0.0,43,1
41,institution_subnets,24,24,Mean,n_bytes,5794763.855592154,50.17848683690883,-0.04200649833573,0.0,0.0,43,1
42,institution_subnets,24,24,Mean,n_bytes,3249.794642935647,157.78873683645455,-0.021661075614989755,0.0,0.0,43,6092
43,institution_subnets,24,24,Mean,n_bytes,101205691.40954907,52.222326225861515,0.016573903495731512,0.0,0.0,43,1
44,institution_subnets,24,24,Mean,n_bytes,2076623595.3870938,83.12610263967566,0.08735416772095717,0.0,0.0,43,44
45,institution_subnets,24,24,Mean,n_bytes,32626120.123720538,132.47673642650307,-0.027310540011410644,0.0,0.0,43,1
46,institution_subnets,24,24,Mean,n_bytes,34454851.20367575,82.94994915965793,-0.010679932881925147,0.0,0.0,43,3246
47,institution_subnets,24,24,Mean,n_bytes,36873.54780297724,20.215915064407326,0.7929920696404346,0.0,0.0,43,1
48,institution_subnets,24,24,Mean,n_bytes,8118912.0872373935,82.89772458681021,-0.04797853995167567,0.0,0.0,43,1
49,institution_subnets,24,24,Mean,n_bytes,3063307.844553065,88.82260328358389,-0.040329212985796836,0.0,0.0,43,1
50,institution_subnets,24,24,Mean,n_bytes,2064641.3831504139,61.60481740628635,-0.04867214957575117,0.0,0.0,43,1
51,institution_subnets,24,24,Mean,n_bytes,5128645077.3433485,42.22733117728644,0.32708256831851734,0.0,0.0,43,1
52,institution_subnets,24,24,Mean,n_bytes,104981.83169824073,21.236944070311203,0.01676845293310536,0.0,0.0010056495666503906,43,1
53,institution_subnets,24,24,Mean,n_bytes,11423.917646627337,51.092178017564095,-0.002214817883482878,0.0,0.0,43,1
54,institution_subnets,24,24,Mean,n_bytes,6264461.193814455,69.09924426823166,0.0112876408184156,0.0,0.0,43,7
55,institution_subnets,24,24,Mean,n_bytes,753298415.5431408,86.36984529565676,0.17223159914335107,0.0,0.0,43,1
56,institution_subnets,24,24,Mean,n_bytes,7248.100934922959,42.5103927407935,0.31626313811270657,0.0,0.0,43,3740
57,institution_subnets,24,24,Mean,n_bytes,1432.1716273165164,53.051245698795356,0.05148623540997288,0.0,0.0,43,85
58,institution_subnets,24,24,Mean,n_bytes,3571304598.573109,106.61774247562003,-0.055600637219670235,0.0,0.0,43,1
59,institution_subnets,24,24,Mean,n_bytes,244186271.9455467,90.97654152765084,0.09933452082231442,0.0,0.0,43,1
60,institution_subnets,24,24,Mean,n_bytes,32517.81860439404,43.279028684746656,0.16889270869134032,0.0,0.0,43,1
61,institution_subnets,24,24,Mean,n_bytes,38355.84796552507,68.19130427248878,-0.06863648731749539,0.0,0.0,43,1
62,institution_subnets,24,24,Mean,n_bytes,52290543.196274504,128.01668546385113,-0.048665491431339136,0.0,0.0,43,2
63,institution_subnets,24,24,Mean,n_bytes,4857009.423597833,48.782710852668444,-0.04667332189955942,0.0,0.0,43,4
64,institution_subnets,24,24,Mean,n_bytes,20383688.05650058,99.05959168344164,-0.05965273306281382,0.0,0.0,43,2
65,institution_subnets,24,24,Mean,n_bytes,2128405.9610080095,72.85028495357342,0.24006156905858222,0.0,0.0,43,1
66,institution_subnets,24,24,Mean,n_bytes,3724002.8087177896,50.01741189714264,0.15245830430622642,0.0,0.0,43,1
67,institution_subnets,24,24,Mean,n_bytes,3348538.125626981,48.55224311741462,0.1477066897050695,0.0,0.0,43,1
68,institution_subnets,24,24,Mean,n_bytes,6361332.334028251,108.73457067116628,-0.0423701263404026,0.0,0.0,43,1
69,institution_subnets,24,24,Mean,n_bytes,12034.921710193805,70.34274567970652,-0.06841582947431357,0.0,0.0,43,3737
70,institution_subnets,24,24,Mean,n_bytes,958526221.5154812,130.20309897116147,-0.02777806526673965,0.0,0.0,43,1
71,institution_subnets,24,24,Mean,n_bytes,137110548.17684054,63.57009548631676,-0.04365088808825801,0.0,0.0,43,1
72,institution_subnets,24,24,Mean,n_bytes,11439725.515351798,28.776741787570188,-0.0434359758697791,0.0,0.0,43,1
73,institution_subnets,24,24,Mean,n_bytes,1085.10298257833,56.81109542181784,-0.0616221849065941,0.0,0.0,43,189
74,institution_subnets,24,24,Mean,n_bytes,3623.6046519858833,43.8114708491823,-0.057666257227571904,0.0,0.0,43,118
75,institution_subnets,24,24,Mean,n_bytes,171292512.13437754,68.13126538991263,-0.04403422058787543,0.0,0.0,43,1
76,institution_subnets,24,24,Mean,n_bytes,12008.713452610255,158.1655469247999,-0.015720159891136065,0.0,0.0,43,2583
77,institution_subnets,24,24,Mean,n_bytes,19961263.91370334,128.32837189074993,-0.09743969567157573,0.0,0.0,43,1
78,institution_subnets,24,24,Mean,n_bytes,32416819.142576065,133.8068779740994,-0.045306393054581395,0.0,0.0,43,6
79,institution_subnets,24,24,Mean,n_bytes,91298096.11990999,120.2275195482853,-0.008924990234267849,0.0,0.0,43,1
80,institution_subnets,24,24,Mean,n_bytes,9117591.173806364,99.27020890146223,-0.05481450639527918,0.0,0.0,43,1
81,institution_subnets,24,24,Mean,n_bytes,24703.440794643906,31.37013158206439,0.507337751395552,0.0,0.0,43,150
82,institution_subnets,24,24,Mean,n_bytes,5859.771491008936,21.243615586081145,0.03865568971244471,0.0,0.0,43,1
83,institution_subnets,24,24,Mean,n_bytes,2507.5433111239513,44.8301205926291,-0.030699073437745694,0.0,0.0,43,1
84,institution_subnets,24,24,Mean,n_bytes,5074819.8581749415,94.28472930890268,0.4196649464771224,0.0,0.0,43,43
85,institution_subnets,24,24,Mean,n_bytes,128125.50609541251,36.006906158335255,0.09847131882761917,0.0,0.0,43,1
86,institution_subnets,24,24,Mean,n_bytes,3770.6687026944765,43.11248647624327,-0.07510548208473367,0.0,0.0,43,1
87,institution_subnets,24,24,Mean,n_bytes,112910537.03924306,78.35127457733341,0.3137161189533606,0.0,0.0,43,13
88,institution_subnets,24,24,Mean,n_bytes,20939.271265141702,23.37202555861093,0.01945328634415766,0.0,0.0,43,1
89,institution_subnets,24,24,Mean,n_bytes,1239.533736386461,57.20507526717902,-0.08580042743254679,0.0,0.0,43,186
90,institution_subnets,24,24,Mean,n_bytes,25722087.45119572,nan,-0.010034281582820714,0.0,0.0,43,3801
91,institution_subnets,24,24,Mean,n_bytes,352290495.37015146,76.11048935165437,-0.042153886719565214,0.0,0.0,43,1
92,institution_subnets,24,24,Mean,n_bytes,750547783.1875719,94.18936097383879,-0.10702335168347865,0.0,0.0,43,1
93,institution_subnets,24,24,Mean,n_bytes,2965.8263514555356,36.09026156567223,-0.004843245316257017,0.0,0.0,43,1
94,institution_subnets,24,24,Mean,n_bytes,504860134.0805083,137.71750014286533,-0.039140391309320455,0.0,0.0,43,3
95,institution_subnets,24,24,Mean,n_bytes,93200204.11388902,42.79617824042629,-0.04274724439172739,0.0,0.0,43,1
96,institution_subnets,24,24,Mean,n_bytes,1699.6672255498147,54.24906324354304,-0.03697154872228259,0.0,0.0,43,37
97,institution_subnets,24,24,Mean,n_bytes,1910.2308684578177,53.83359511959866,-0.09640183659171742,0.0,0.0,43,20
98,institution_subnets,24,24,Mean,n_bytes,1106.7616360721365,74.99918459299842,-0.0881355947553788,0.0,0.0,43,395
99,institution_subnets,24,24,Mean,n_bytes,988.932631434267,71.82484501919251,-0.14612135746942334,0.0,0.0,43,343
100,institution_subnets,24,24,Mean,n_bytes,31026245.870241355,55.75673516287938,-0.04575686346272034,0.0,0.0,43,1
101,institution_subnets,24,24,Mean,n_bytes,16285.188803648485,47.69001814018337,0.3116872466127043,0.0,0.0,43,9
102,institution_subnets,24,24,Mean,n_bytes,228267758.67576104,33.877936279014996,0.23290055846385382,0.0,0.0,43,1
103,institution_subnets,24,24,Mean,n_bytes,480612.7653951028,17.760273381266746,0.5558232098365492,0.0,0.0,43,1
104,institution_subnets,24,24,Mean,n_bytes,558751.2693955845,42.45475216704147,-0.01096891761115626,0.0,0.0,43,1
105,institution_subnets,24,24,Mean,n_bytes,2360.631991895982,43.225982304638755,0.06284540376354153,0.0,0.0,43,1
106,institution_subnets,24,24,Mean,n_bytes,18467588717.329468,29.459854303160764,-0.016954919167776028,0.0,0.0,43,1
107,institution_subnets,24,24,Mean,n_bytes,1761271326.8951535,86.66955600697787,0.21604498990688625,0.0,0.0,43,1
108,institution_subnets,24,24,Mean,n_bytes,27749953.641302735,91.53903903215613,0.0281550441777767,0.0,0.0,43,65
109,institution_subnets,24,24,Mean,n_bytes,47619381.39309312,135.27732957826458,-0.03102801750221107,0.0,0.0,43,11
110,institution_subnets,24,24,Mean,n_bytes,2452036.7828101334,119.92062032864727,-0.051907227537323575,0.0,0.0,43,2
111,institution_subnets,24,24,Mean,n_bytes,21089671.11376992,148.77229846115077,-0.051028467436287306,0.0,0.0,43,1698
112,institution_subnets,24,24,Mean,n_bytes,1314.3921433408289,54.79987450190975,-0.08519153326538298,0.0,0.0,43,4040
113,institution_subnets,24,24,Mean,n_bytes,515843529.30533016,55.34875647162376,-0.08204022173433545,0.0,0.0,43,1
114,institution_subnets,24,24,Mean,n_bytes,227440.8798143935,48.341826714889535,-0.062245586245303075,0.0,0.0,43,1
115,institution_subnets,24,24,Mean,n_bytes,3320076.365775522,104.1613272147242,-0.054308542445107966,0.0,0.0010077953338623047,43,1
116,institution_subnets,24,24,Mean,n_bytes,190124362.01429188,85.77758210610061,-0.04847352198212329,0.0,0.0,43,1
117,institution_subnets,24,24,Mean,n_bytes,169199615.32629207,107.30814818394236,-0.02376812085851654,0.0,0.0,43,1
118,institution_subnets,24,24,Mean,n_bytes,56104872.11520275,131.94055008444948,-0.03360140095693831,0.0,0.0,43,1
119,institution_subnets,24,24,Mean,n_bytes,13916.246064851975,43.75142480695069,0.018564962765786563,0.0,0.0,43,1
120,institution_subnets,24,24,Mean,n_bytes,10107.830439795316,24.34622722966009,0.08355558123007156,0.0,0.0,43,1
121,institution_subnets,24,24,Mean,n_bytes,46525.22564726916,60.40822100926577,0.011717725671269386,0.0,0.0,43,1
122,institution_subnets,24,24,Mean,n_bytes,6480.232710553033,32.02666083074667,0.03622040699740048,0.0,0.0,43,1
123,institution_subnets,24,24,Mean,n_bytes,95622959.9633278,120.356788514721,-0.06421436237046052,0.0,0.0,43,1
124,institution_subnets,24,24,Mean,n_bytes,1051692402.6363069,71.57119972286395,0.04989458828310589,0.0,0.0,43,1
125,institution_subnets,24,24,Mean,n_bytes,2613278.5538362325,114.56075289747835,-0.044915939696987595,0.0,0.0,43,10
126,institution_subnets,24,24,Mean,n_bytes,6305766970.162362,42.08777562556188,0.06712366315008456,0.0,0.0,43,1
127,institution_subnets,24,24,Mean,n_bytes,1128601.1877128913,160.65116133776024,-0.04983607823869285,0.0,0.0,43,4032
128,institution_subnets,24,24,Mean,n_bytes,14812345.823021218,110.10462871338547,-0.027112257143184326,0.0,0.0,43,3
129,institution_subnets,24,24,Mean,n_bytes,111267960.18905759,130.37306032312955,0.05266418149800067,0.0,0.0,43,1
130,institution_subnets,24,24,Mean,n_bytes,1796800335.103364,140.54724148177422,-0.00985539641670341,0.0,0.0,43,1
131,institution_subnets,24,24,Mean,n_bytes,189239815.6455787,107.04291863026722,-0.07232409799374584,0.0,0.0,43,1
132,institution_subnets,24,24,Mean,n_bytes,233100442.94630367,139.41117848316446,0.021338512632197104,0.0,0.0,43,1
133,institution_subnets,24,24,Mean,n_bytes,77087639.23198195,144.77350209358627,0.03165096242492638,0.0,0.0,43,15
134,institution_subnets,24,24,Mean,n_bytes,340273199.5031765,119.38075317695076,-0.04383889370044458,0.0,0.0,43,1
135,institution_subnets,24,24,Mean,n_bytes,18677097.659357443,118.11362911412557,-0.03571008072348514,0.0,0.0,43,1
136,institution_subnets,24,24,Mean,n_bytes,1731384845.3621042,58.257892545735416,-0.004359429298879336,0.0,0.0,43,1
137,institution_subnets,24,24,Mean,n_bytes,39342.9690981929,64.21155686802724,0.14909826883158916,0.0,0.0009996891021728516,43,1
138,institution_subnets,24,24,Mean,n_bytes,172715784.9576583,108.57115316416245,-0.038983894712705025,0.0,0.0,43,1
139,institution_subnets,24,24,Mean,n_bytes,38632247.629303165,49.65859301017128,0.13310764348450876,0.0,0.0,43,1
140,institution_subnets,24,24,Mean,n_bytes,1454.524258566379,63.495239448955054,-0.11047673427494509,0.0,0.0,43,189
141,institution_subnets,24,24,Mean,n_bytes,3358603747.789144,109.99868463576243,-0.05922607423745174,0.0,0.0,43,1
142,institution_subnets,24,24,Mean,n_bytes,18921049.471664485,118.82247813207366,-0.04021512502164959,0.0,0.0,43,1
143,institution_subnets,24,24,Mean,n_bytes,133420578.79587017,152.26107002612486,-0.04344039964311297,0.0,0.0,43,1
144,institution_subnets,24,24,Mean,n_bytes,95597009.80586398,84.97140427779512,0.09186534636494503,0.0,0.0,43,1
145,institution_subnets,24,24,Mean,n_bytes,499573399.85365677,97.93680305631153,0.025545246918122322,0.0,0.0,43,1
146,institution_subnets,24,24,Mean,n_bytes,1336505602.6496935,95.81203785020435,0.024937146275421984,0.0,0.0,43,1
147,institution_subnets,24,24,Mean,n_bytes,1626708600.0191896,122.96248232356268,-0.013465935414700425,0.0,0.0,43,1
148,institution_subnets,24,24,Mean,n_bytes,966229392.3002775,90.5634305020604,-0.022519506378539278,0.0,0.0,43,3
149,institution_subnets,24,24,Mean,n_bytes,249188622.28429303,119.87849128577554,-0.03937459295777446,0.0,0.0,43,2
150,institution_subnets,24,24,Mean,n_bytes,387114359.3924292,123.57517921919047,-0.09125658034397999,0.0,0.0,43,5
151,institution_subnets,24,24,Mean,n_bytes,298066371.43313193,119.66143061893013,-0.00226681284704755,0.0,0.0,43,1
152,institution_subnets,24,24,Mean,n_bytes,282864802.42180854,112.87165396122015,-0.06308578931897957,0.0,0.0,43,1
153,institution_subnets,24,24,Mean,n_bytes,512904520.5983904,83.33507158601228,-0.056508640339896,0.0,0.0,43,1
154,institution_subnets,24,24,Mean,n_bytes,146188399.9838937,122.71958030757048,-0.026876702630339366,0.0,0.0,43,57
155,institution_subnets,24,24,Mean,n_bytes,738585049.6595248,123.16008935232645,-0.15632669500054974,0.0,0.0,43,4
156,institution_subnets,24,24,Mean,n_bytes,125097203.5272934,107.20145232694873,-0.06050316955669466,0.0,0.0,43,3
157,institution_subnets,24,24,Mean,n_bytes,2314023412.1190505,156.8876397901324,-0.37644302466579305,0.0,0.0,43,2
158,institution_subnets,24,24,Mean,n_bytes,2039783594.385681,57.17044085914937,-0.0005218925085848092,0.0,0.0,43,1
159,institution_subnets,24,24,Mean,n_bytes,186831702.57083485,108.43551483263415,-0.04942705994985386,0.0,0.0,43,1
160,institution_subnets,24,24,Mean,n_bytes,263371176.9382715,81.74859728899187,-0.04582464478524639,0.0,0.0,43,1
161,institution_subnets,24,24,Mean,n_bytes,455716223.0948385,71.82463924621169,-0.05449347818327532,0.0,0.0,43,1
162,institution_subnets,24,24,Mean,n_bytes,689147751.7422405,77.06735554480275,-0.03889523960702346,0.0,0.0,43,1
163,institution_subnets,24,24,Mean,n_bytes,904412584.4044298,47.86612791868147,-0.06822141924130909,0.0,0.0,43,1
164,institution_subnets,24,24,Mean,n_bytes,3040430338.913804,46.62439804809733,0.16532914550984412,0.0,0.0,43,1
165,institution_subnets,24,24,Mean,n_bytes,41391088.63478441,151.9534266115758,-0.04287947043347207,0.0,0.0,43,1
166,institution_subnets,24,24,Mean,n_bytes,6732.519802989828,39.94665031081647,0.2361091927465212,0.0,0.0,43,4
167,institution_subnets,24,24,Mean,n_bytes,54369.36325195362,35.66583079270836,-0.05021825583298778,0.0,0.0,43,1
168,institution_subnets,24,24,Mean,n_bytes,294033564.4598933,52.30350835359678,0.01781188057312111,0.0,0.0,43,1
169,institution_subnets,24,24,Mean,n_bytes,1753188.100781733,90.76094976667581,-0.043648341927247314,0.0,0.0,43,2
170,institution_subnets,24,24,Mean,n_bytes,370198779.78443676,56.01740356363584,0.03654379906250538,0.0,0.0,43,1
171,institution_subnets,24,24,Mean,n_bytes,473399795.6122146,57.542283714704055,0.6057417351505769,0.0,0.0,43,1
172,institution_subnets,24,24,Mean,n_bytes,928030130.8482969,48.271811951074106,-0.002715860491210087,0.0,0.0,43,1
173,institution_subnets,24,24,Mean,n_bytes,396114598.1644363,57.43580577551952,-0.03128078857218308,0.0,0.0,43,1
174,institution_subnets,24,24,Mean,n_bytes,271788839.0552518,64.9474904224101,-0.041677877659413776,0.0,0.0,43,3
175,institution_subnets,24,24,Mean,n_bytes,443502344.6113735,53.031767064538435,-0.05019490914611491,0.0,0.0,43,3
176,institution_subnets,24,24,Mean,n_bytes,1251104965.757606,64.40060241060436,0.16223195589294115,0.0,0.0,43,7
177,institution_subnets,24,24,Mean,n_bytes,113691909.47238319,113.1505754696843,0.021239902888979367,0.0,0.0,43,204
178,institution_subnets,24,24,Mean,n_bytes,1094813487.1672902,39.87073246690065,0.003010281280653948,0.0,0.0,43,1
179,institution_subnets,24,24,Mean,n_bytes,1117057865.8782084,58.62396992467441,-0.018284670549390425,0.0,0.0,43,1
180,institution_subnets,24,24,Mean,n_bytes,286361390.9053477,79.3701578841252,0.04491844969188119,0.0,0.0,43,1
181,institution_subnets,24,24,Mean,n_bytes,1482558604.792524,96.51501144958397,-0.024004050719290015,0.0,0.0,43,1
182,institution_subnets,24,24,Mean,n_bytes,213066072.20091578,97.44385711171796,-0.032517783573868586,0.0,0.0,43,1
183,institution_subnets,24,24,Mean,n_bytes,132268564.96668176,159.07180758970242,0.012855579669238892,0.0,0.0,43,503
184,institution_subnets,24,24,Mean,n_bytes,905969347.5587349,84.00482716643575,-0.04428193487438925,0.0,0.0,43,1
185,institution_subnets,24,24,Mean,n_bytes,2057.253920701713,52.16003113065187,-0.12904168171866126,0.0,0.0,43,10
186,institution_subnets,24,24,Mean,n_bytes,1642.7880814258442,39.940202882050166,0.004795758802845662,0.0,0.0,43,4
187,institution_subnets,24,24,Mean,n_bytes,1581.5338097990407,45.36652092907437,-0.05128024163153455,0.0,0.0,43,17
188,institution_subnets,24,24,Mean,n_bytes,55576315.61331564,156.42755906098637,0.051618623584502865,0.0,0.0,43,117
189,institution_subnets,24,24,Mean,n_bytes,37493590.84820653,112.25754945474871,-0.06413231966524546,0.0,0.0,43,7
190,institution_subnets,24,24,Mean,n_bytes,1028301614.3713595,110.71901088310108,0.12046570724174777,0.0,0.0,43,1
191,institution_subnets,24,24,Mean,n_bytes,213252289.57709292,85.68256924468518,0.06345212960216207,0.0,0.0,43,1
192,institution_subnets,24,24,Mean,n_bytes,261567423.80763102,122.98022909583834,0.16029003520136242,0.0,0.0,43,1
193,institution_subnets,24,24,Mean,n_bytes,300364915.6715231,114.27312005775576,-0.03258287118582026,0.0,0.0,43,16
194,institution_subnets,24,24,Mean,n_bytes,140880731.80365118,114.94941059398656,-0.04288172123576417,0.0,0.0,43,1
195,institution_subnets,24,24,Mean,n_bytes,254500188.00080395,115.92510561797687,0.012362942443294833,0.0,0.0,43,2
196,institution_subnets,24,24,Mean,n_bytes,440913509.58893186,138.02026824575498,0.010664106322919698,0.0,0.0,43,1
197,institution_subnets,24,24,Mean,n_bytes,191243637.0820546,137.58910734371347,0.022496250009641172,0.0,0.0009999275207519531,43,1
198,institution_subnets,24,24,Mean,n_bytes,4207.498691941827,18.61931594388437,0.13308448209003,0.0,0.0,43,5
199,institution_subnets,24,24,Mean,n_bytes,1117.880040146069,60.29963237019793,-0.009623706486216577,0.0,0.0,43,213
200,institution_subnets,24,24,Mean,n_bytes,14780920012.4171,35.457793499368364,0.08999204361044333,0.0,0.0,43,1
201,institution_subnets,24,24,Mean,n_bytes,6880601.962539989,54.05447734480262,-0.07179990763240762,0.0,0.0,43,1
202,institution_subnets,24,24,Mean,n_bytes,19828259497.7833,42.65974697432948,-0.005000740103342727,0.0,0.0,43,1
203,institution_subnets,24,24,Mean,n_bytes,357756030.7101547,120.74883018664633,-0.10814768973241695,0.0,0.0,43,1
204,institution_subnets,24,24,Mean,n_bytes,139585743.66013226,75.37659929586447,0.017092532452637865,0.0,0.0,43,1
205,institution_subnets,24,24,Mean,n_bytes,153406276.91044843,60.21910062599575,-0.025584372632931007,0.0,0.0,43,1
206,institution_subnets,24,24,Mean,n_bytes,662257475.925355,78.76274355819936,-0.04095588699806041,0.0,0.0,43,1
207,institution_subnets,24,24,Mean,n_bytes,105591790.31755055,114.37527991538667,-0.0635895880560482,0.0,0.0,43,1
208,institution_subnets,24,24,Mean,n_bytes,307124466.9371415,98.43549540150667,-0.033950838992617305,0.0,0.0,43,1
209,institution_subnets,24,24,Mean,n_bytes,56986315.43506925,159.37036944715973,-0.02981974910739793,0.0,0.0,43,5
210,institution_subnets,24,24,Mean,n_bytes,71149756.46845181,151.47445261742754,-0.023960397929543076,0.0,0.0,43,1
211,institution_subnets,24,24,Mean,n_bytes,4788471588.671275,42.28612855676274,0.060095992877011395,0.0,0.0,43,1
212,institution_subnets,24,24,Mean,n_bytes,2379.1594668566986,48.400426527233144,-0.2509363326326599,0.0,0.0,43,4
213,institution_subnets,24,24,Mean,n_bytes,158184.70100498167,79.91010642977437,-0.029282765442502967,0.0,0.0,43,1
214,institution_subnets,24,24,Mean,n_bytes,15934.001191924579,54.892692133600626,-0.004069788632047544,0.0,0.0,43,1
215,institution_subnets,24,24,Mean,n_bytes,0.0,nan,0.0,0.0,0.0,43,5863
216,institution_subnets,24,24,Mean,n_bytes,872.1043426655575,nan,-0.11001619544917784,0.0,0.0,43,3514
217,institution_subnets,24,24,Mean,n_bytes,3247.120168936352,44.04515558714218,-0.11886360347563607,0.0,0.000997304916381836,43,825
218,institution_subnets,24,24,Mean,n_bytes,1500.2003375314007,37.167008335614234,-0.03988679461315914,0.0,0.0009987354278564453,43,1
219,institution_subnets,24,24,Mean,n_bytes,1434.8816848547667,52.36047976957854,-0.12863892332711213,0.0,0.0,43,203
220,institution_subnets,24,24,Mean,n_bytes,1442.714930945091,38.45996973504059,0.055456390153082236,0.0,0.0,43,3996
221,institution_subnets,24,24,Mean,n_bytes,2312.437843191822,69.44436105152101,-0.038191521854403776,0.0,0.0,43,2232
222,institution_subnets,24,24,Mean,n_bytes,7672.936969137417,16.520159634273504,0.026494849644683294,0.0,0.0,43,1
223,institution_subnets,24,24,Mean,n_bytes,1438.034336540152,56.46757748207075,-0.018776864470898103,0.0,0.0,43,2214
224,institution_subnets,24,24,Mean,n_bytes,2716.913934507197,47.119583742570846,-0.14684554455601684,0.0,0.0,43,3
225,institution_subnets,24,24,Mean,n_bytes,2500.288222322917,47.01711420613481,-0.11892940254292284,0.0,0.0,43,1221
226,institution_subnets,24,24,Mean,n_bytes,2789.755891295583,45.61554561322464,-0.037932044522906105,0.0,0.0,43,2
227,institution_subnets,24,24,Mean,n_bytes,1482.792633834268,52.74424643914158,-0.1446534970915767,0.0,0.0,43,25
228,institution_subnets,24,24,Mean,n_bytes,4454.551696358243,75.5571627699136,-0.08461741983624327,0.0,0.0,43,54
229,institution_subnets,24,24,Mean,n_bytes,1442.7706826982874,53.542257569691465,-0.061461404048097634,0.0,0.0,43,362
230,institution_subnets,24,24,Mean,n_bytes,5478.939783119045,42.32993250816323,-0.11070944449152065,0.0,0.0,43,1
231,institution_subnets,24,24,Mean,n_bytes,2553.3231625155427,43.65012902431473,-0.03313368616492718,0.0,0.0,43,1
232,institution_subnets,24,24,Mean,n_bytes,1135.5276658992548,51.468663174929375,-0.06673874417889358,0.0,0.0,43,2126
233,institution_subnets,24,24,Mean,n_bytes,1866.3871106440113,34.29863646201588,-0.14097772597507485,0.0,0.0,43,1
234,institution_subnets,24,24,Mean,n_bytes,1280235796.7433593,70.10814006268834,0.017199816401258117,0.0,0.0,43,1
236,institution_subnets,24,24,Mean,n_bytes,5621519981.213601,43.85758144948076,0.050877866255743975,0.0,0.0,43,1
237,institution_subnets,24,24,Mean,n_bytes,231983352.3403777,106.3951637193369,0.03735038628449161,0.0,0.0009913444519042969,43,1
238,institution_subnets,24,24,Mean,n_bytes,2718506083.6102276,49.48480898779306,0.00016333439422200335,0.0,0.0,43,1
239,institution_subnets,24,24,Mean,n_bytes,33789.5211966008,20.320213112810514,0.2761992677909402,0.0,0.0,43,1
240,institution_subnets,24,24,Mean,n_bytes,2594.4425062508667,55.456805952002156,-0.006357234019292335,0.0,0.0,43,11
241,institution_subnets,24,24,Mean,n_bytes,4730759816.111436,53.15517694919992,0.10509167146566967,0.0,0.0,43,1
242,institution_subnets,24,24,Mean,n_bytes,5250250272.069821,42.826128581054625,0.06872218601665436,0.0,0.0,43,1
243,institution_subnets,24,24,Mean,n_bytes,157227901.14409208,110.3542417992509,-0.010969948861037304,0.0,0.0,43,1
244,institution_subnets,24,24,Mean,n_bytes,3127182832.306442,50.27282882048807,0.06750664836716791,0.0,0.0,43,1
245,institution_subnets,24,24,Mean,n_bytes,1634.861766189857,36.401944406232026,-0.052915461231171745,0.0,0.0,43,2
246,institution_subnets,24,24,Mean,n_bytes,1288021479.839347,54.960262677281115,-0.014441517347448363,0.0,0.0,43,1
247,institution_subnets,24,24,Mean,n_bytes,7437103456.868748,48.09552318313644,-0.029222298887846332,0.0,0.0,43,1
248,institution_subnets,24,24,Mean,n_bytes,9307109.972750545,70.02186828341875,0.08296363487576419,0.0,0.0,43,1
249,institution_subnets,24,24,Mean,n_bytes,4789689145.646631,35.71700874398184,-0.11340807101771833,0.0,0.0,43,1
250,institution_subnets,24,24,Mean,n_bytes,3374120085.05362,42.18496667839854,0.07415977282609165,0.0,0.0,43,1
251,institution_subnets,24,24,Mean,n_bytes,456557767.137978,120.4286649887587,0.05011797909583793,0.0,0.0,43,1
252,institution_subnets,24,24,Mean,n_bytes,2381595.5477929865,75.93519437345503,-0.04598456034902254,0.0,0.0,43,1
253,institution_subnets,24,24,Mean,n_bytes,227703882.62643248,133.03798479862655,0.0356736949486961,0.0,0.0,43,2
254,institution_subnets,24,24,Mean,n_bytes,9232591.972986832,108.28762794113034,-0.030920333314726545,0.0,0.0,43,3019
255,institution_subnets,24,24,Mean,n_bytes,914.3703056190111,51.1681632883401,-0.003511215635099596,0.0,0.0,43,525
256,institution_subnets,24,24,Mean,n_bytes,489951135.548392,111.19531259401944,-0.07215252248780657,0.0,0.0,43,1
257,institution_subnets,24,24,Mean,n_bytes,500888976.49485165,123.0175830392165,0.016746188100628445,0.0,0.0,43,1
258,institution_subnets,24,24,Mean,n_bytes,785733706.4771184,74.5749279432531,-0.03451334389902838,0.0,0.0,43,1
259,institution_subnets,24,24,Mean,n_bytes,598962595.2968888,168.59720651274145,-0.020790157730470993,0.0,0.0,43,66
260,institution_subnets,24,24,Mean,n_bytes,1180.883932723534,183.44066323521616,-0.17131206808005883,0.0,0.0,43,5264
261,institution_subnets,24,24,Mean,n_bytes,1819772461.7775047,54.320775422166015,0.06596280973811919,0.0,0.0,43,1
262,institution_subnets,24,24,Mean,n_bytes,26814.767301831063,35.457484442035806,-0.19505985179294716,0.0,0.0,43,1
263,institution_subnets,24,24,Mean,n_bytes,3938006341.2493706,41.260183465018365,0.12005157096498065,0.0,0.0,43,1
264,institution_subnets,24,24,Mean,n_bytes,1066314312.4055231,86.03583749944526,-0.0561550417258585,0.0,0.0,43,1
265,institution_subnets,24,24,Mean,n_bytes,635367812.2072238,127.74941846530841,0.01791029339590411,0.0,0.0,43,1
266,institution_subnets,24,24,Mean,n_bytes,138421034.82573852,118.58775433337657,0.06977060242602562,0.0,0.0,43,1
267,institution_subnets,24,24,Mean,n_bytes,72766184.05044766,145.56251190645563,-0.003518332206272623,0.0,0.0,43,19
268,institution_subnets,24,24,Mean,n_bytes,619675066.1163788,114.933457452961,-0.004381036499576663,0.0,0.0,43,1
269,institution_subnets,24,24,Mean,n_bytes,3919668.2417983455,84.54777526293854,-0.042005371627279464,0.0,0.0,43,19
270,institution_subnets,24,24,Mean,n_bytes,1987.8618179225618,nan,0.31870958482926404,0.0,0.0,43,182
271,institution_subnets,24,24,Mean,n_bytes,1971231570.7789655,68.62557952316435,-0.041820123713721014,0.0,0.0,43,17
272,institution_subnets,24,24,Mean,n_bytes,322236304.2954216,47.31587413542681,-0.027539850397343857,0.0,0.0,43,1
273,institution_subnets,24,24,Mean,n_bytes,1646303937.3614962,42.62735964910614,0.03555289407816398,0.0,0.0,43,1
274,institution_subnets,24,24,Mean,n_bytes,306972927.44566673,112.30724080093266,-0.011330244303563441,0.0,0.0,43,1
275,institution_subnets,24,24,Mean,n_bytes,332290164.6833705,77.65433834450492,-0.056730302068805916,0.0,0.0,43,1
276,institution_subnets,24,24,Mean,n_bytes,1993419151.6896741,78.60952677146102,-0.05264640789419195,0.0,0.0,43,1
277,institution_subnets,24,24,Mean,n_bytes,348744879.3941845,75.84232685203878,-0.023517580185043352,0.0,0.0,43,1
278,institution_subnets,24,24,Mean,n_bytes,3128786904.5225782,44.34868406172093,0.03270631482906616,0.0,0.0,43,2
279,institution_subnets,24,24,Mean,n_bytes,8157.083758834613,36.149847205856496,-0.08554609146248593,0.0,0.0,43,1
280,institution_subnets,24,24,Mean,n_bytes,164204328.6524049,39.886665685413504,0.3818369165881679,0.0,0.0,43,1
281,institution_subnets,24,24,Mean,n_bytes,27308824.392924473,95.30597966916896,-0.033869684053608795,0.0,0.0,43,1
282,institution_subnets,24,24,Mean,n_bytes,112321529.55259259,112.05293979793251,0.006279091118595925,0.0,0.0,43,1
283,institution_subnets,24,24,Mean,n_bytes,112401748.13087443,125.85013732964099,-0.031719432523726665,0.0,0.0,43,2
284,institution_subnets,24,24,Mean,n_bytes,546843282.5095396,100.46965150530383,-0.03738401459270779,0.0,0.0,43,1
285,institution_subnets,24,24,Mean,n_bytes,259924449.34775615,58.288344322516885,-0.05355215446137174,0.0,0.0,43,2
286,institution_subnets,24,24,Mean,n_bytes,171322092.36174363,89.38317426513662,-0.009599456275788176,0.0,0.0,43,17
287,institution_subnets,24,24,Mean,n_bytes,779883062.1337218,88.93420747854857,-0.05182260445923759,0.0,0.0,43,18
288,institution_subnets,24,24,Mean,n_bytes,169694545.89949495,129.48840660057058,-0.04459974098800967,0.0,0.0,43,929
289,institution_subnets,24,24,Mean,n_bytes,1068363370.8551481,73.04235281967973,-0.0480180980226641,0.0,0.0,43,1
290,institution_subnets,24,24,Mean,n_bytes,504479761.61067605,88.85282587598424,0.20052460586085097,0.0,0.0,43,1
291,institution_subnets,24,24,Mean,n_bytes,2056115696.7514515,80.32184024106263,-0.09186612640931191,0.0,0.0,43,10
292,institution_subnets,24,24,Mean,n_bytes,1465.9161688675404,63.442045184843785,0.01362883377513524,0.0,0.0,43,282
293,institution_subnets,24,24,Mean,n_bytes,1126372446.5837681,57.06928632743683,0.13630677700417815,0.0,0.0,43,1
294,institution_subnets,24,24,Mean,n_bytes,8128656.453264721,122.41178945136248,-0.043924299674168665,0.0,0.0,43,19
295,institution_subnets,24,24,Mean,n_bytes,309788415.36182714,120.93496993803909,0.01597427150716757,0.0,0.0,43,1
296,institution_subnets,24,24,Mean,n_bytes,18344579.203085158,125.20917089578678,-0.03290212965413386,0.0,0.0,43,17
297,institution_subnets,24,24,Mean,n_bytes,75984012.02105585,132.61780514309746,-0.025975787966503683,0.0,0.0,43,1
298,institution_subnets,24,24,Mean,n_bytes,175028324.27727455,125.6281543682129,-0.019064694931049342,0.0,0.0,43,1
299,institution_subnets,24,24,Mean,n_bytes,1073352425.2807072,124.42244824656295,0.03799889230341624,0.0,0.0,43,1
300,institution_subnets,24,24,Mean,n_bytes,1899.1522773855295,34.47503770750423,-0.010328222889721905,0.0,0.0,43,2
301,institution_subnets,24,24,Mean,n_bytes,395191419.1250465,107.09267717964146,-0.028532253119098128,0.0,0.0,43,1
302,institution_subnets,24,24,Mean,n_bytes,1137648114.3657558,56.77489941359596,0.22915572130048634,0.0,0.0,43,1
303,institution_subnets,24,24,Mean,n_bytes,769759876.9638644,73.11687522239284,-0.06051479339734711,0.0,0.0,43,1
304,institution_subnets,24,24,Mean,n_bytes,294149332.3246194,83.25135227323919,-0.06506471378263612,0.0,0.0,43,1
305,institution_subnets,24,24,Mean,n_bytes,1274.3720278183498,73.227621442623,0.21179344914274245,0.0,0.0,43,1413
306,institution_subnets,24,24,Mean,n_bytes,198747388.4226294,90.40162235025687,0.04130636023114653,0.0,0.0,43,1
307,institution_subnets,24,24,Mean,n_bytes,1409990753.702415,64.9598890875744,-0.015129221393967773,0.0,0.0,43,1
308,institution_subnets,24,24,Mean,n_bytes,3707670.3359283567,81.56179578571225,-0.05271247025850778,0.0,0.0,43,1
309,institution_subnets,24,24,Mean,n_bytes,1711209326.8209224,130.1590595841855,0.12577649467816054,0.0,0.0,43,1
310,institution_subnets,24,24,Mean,n_bytes,599586973.599386,120.9876542367186,-0.0630435751693974,0.0,0.0,43,1
311,institution_subnets,24,24,Mean,n_bytes,151235981.641575,123.66466111184467,-0.07113381100824445,0.0,0.0,43,1
312,institution_subnets,24,24,Mean,n_bytes,4349.997914805219,69.60874628045237,-0.05630791906681054,0.0,0.0,43,75
313,institution_subnets,24,24,Mean,n_bytes,561922417.9785753,67.21671744330784,-0.04299344837701691,0.0,0.0,43,2
314,institution_subnets,24,24,Mean,n_bytes,291442474.1779737,137.84600979212263,0.029941862988997925,0.0,0.0,43,1
315,institution_subnets,24,24,Mean,n_bytes,381506925.20782375,100.55689255264764,-0.0035148350770539682,0.0,0.0,43,1
316,institution_subnets,24,24,Mean,n_bytes,2230021420.328154,91.71079157276493,-0.06836671134151873,0.0,0.0,43,1
317,institution_subnets,24,24,Mean,n_bytes,41732.51647097551,67.34533724900538,0.18018884588956763,0.0,0.0,43,1
318,institution_subnets,24,24,Mean,n_bytes,159897966.49839434,121.52661189523266,0.007194367642755939,0.0,0.0,43,1
319,institution_subnets,24,24,Mean,n_bytes,60470832.467411496,62.94526117967104,-0.026051507767256954,0.0,0.0,43,1
320,institution_subnets,24,24,Mean,n_bytes,904264276.1869152,65.1045902394105,-0.04220458243164593,0.0,0.0010075569152832031,43,1
321,institution_subnets,24,24,Mean,n_bytes,59220655.181255504,127.52488805014931,-0.04424490815069393,0.0,0.0,43,1
322,institution_subnets,24,24,Mean,n_bytes,1063271045.1176008,60.397331911003164,0.00828759478351071,0.0,0.0,43,1
323,institution_subnets,24,24,Mean,n_bytes,845164619.107715,48.15764858062943,-0.014456862242899549,0.0,0.0,43,1
324,institution_subnets,24,24,Mean,n_bytes,819778299.8726058,58.693696527118654,0.011576599789011155,0.0,0.0,43,1
325,institution_subnets,24,24,Mean,n_bytes,2930.602613245326,24.341846495121832,0.14877397070499676,0.0,0.0,43,1
326,institution_subnets,24,24,Mean,n_bytes,381234610.483637,135.16256092230086,0.049428642182959615,0.0,0.0,43,3
327,institution_subnets,24,24,Mean,n_bytes,2178934158.6954556,40.13116481524003,0.06700500659343722,0.0,0.0,43,6
328,institution_subnets,24,24,Mean,n_bytes,4165163.9279173953,71.67250011745395,-0.010353595283187023,0.0,0.0,43,5
329,institution_subnets,24,24,Mean,n_bytes,367311125.94931036,109.59328633880736,-0.014894620291231675,0.0,0.0,43,5
330,institution_subnets,24,24,Mean,n_bytes,2382918725.076291,48.347810309211766,0.015692248880102455,0.0,0.0,43,1
331,institution_subnets,24,24,Mean,n_bytes,614217289.3543909,59.77816176673808,0.04952711751747074,0.0,0.0,43,1
332,institution_subnets,24,24,Mean,n_bytes,533550428.93814504,115.13619998058866,0.08793246584768821,0.0,0.0,43,1
333,institution_subnets,24,24,Mean,n_bytes,343468706.4942801,82.49633093655969,-0.05656982319104964,0.0,0.0,43,4
334,institution_subnets,24,24,Mean,n_bytes,133420223.32842088,99.49033833262624,0.10455506224450961,0.0,0.0,43,2
335,institution_subnets,24,24,Mean,n_bytes,2280419810.1592326,47.48974722174172,0.014248566283634911,0.0,0.0,43,1
336,institution_subnets,24,24,Mean,n_bytes,305017040.44022894,110.8163047281234,0.02780462747262713,0.0,0.0,43,9
337,institution_subnets,24,24,Mean,n_bytes,678834508.7765832,123.69826385014213,0.06026163074214219,0.0,0.0,43,1
338,institution_subnets,24,24,Mean,n_bytes,322619652.8841001,50.25671455904012,0.03844309628211262,0.0,0.0,43,1
339,institution_subnets,24,24,Mean,n_bytes,28948.81544877708,65.3335851892399,0.09339175889678708,0.0,0.0,43,27
340,institution_subnets,24,24,Mean,n_bytes,192960875.135895,109.20897194215384,0.07003026212516117,0.0,0.0,43,1
341,institution_subnets,24,24,Mean,n_bytes,9089287.797016481,37.93532350806342,0.37444658048760915,0.0,0.0,43,1
342,institution_subnets,24,24,Mean,n_bytes,2592592357.7940907,32.94831802569732,0.11416800230386814,0.0,0.0,43,1
343,institution_subnets,24,24,Mean,n_bytes,471096555.9122622,46.053471135942836,-0.04294103869542076,0.0,0.0,43,1
344,institution_subnets,24,24,Mean,n_bytes,192695262.52155605,101.55766076613497,-0.041888199394911174,0.0,0.0,43,1
345,institution_subnets,24,24,Mean,n_bytes,1305110729.8255522,79.07678610440558,-0.02307301089138747,0.0,0.0,43,1
346,institution_subnets,24,24,Mean,n_bytes,429613453.67730707,83.22355597838728,0.03513970166100666,0.0,0.0,43,1
347,institution_subnets,24,24,Mean,n_bytes,759277786.0089335,44.29510791839464,0.021799496567113552,0.0,0.0,43,2
348,institution_subnets,24,24,Mean,n_bytes,6552.02438478985,38.41574991672819,0.04626616250652327,0.0,0.0,43,2292
349,institution_subnets,24,24,Mean,n_bytes,556529321.7604043,54.9176049162568,-0.010297241698288273,0.0,0.0,43,1
350,institution_subnets,24,24,Mean,n_bytes,163191559.83355606,133.06217594512543,0.020250115131859037,0.0,0.0,43,1
351,institution_subnets,24,24,Mean,n_bytes,6170.805047315031,155.27275006426638,-0.04608338334524098,0.0,0.0,43,4463
352,institution_subnets,24,24,Mean,n_bytes,1417.2281634772278,nan,-0.07122456259842624,0.0,0.0,43,5399
353,institution_subnets,24,24,Mean,n_bytes,812411678.5222325,97.86246848460202,-0.12883406421402466,0.0,0.0,43,1
354,institution_subnets,24,24,Mean,n_bytes,650011687.0015126,108.17675372793386,-0.10324359041063591,0.0,0.0,43,1
355,institution_subnets,24,24,Mean,n_bytes,493291670.062398,50.82954232424084,-0.02436651269030987,0.0,0.0,43,1
356,institution_subnets,24,24,Mean,n_bytes,559756917.9511721,56.32596975639874,-0.057689414649891635,0.0,0.0010004043579101562,43,1
357,institution_subnets,24,24,Mean,n_bytes,404273168.61873686,103.54284813261636,0.06352155907633805,0.0,0.0,43,5
358,institution_subnets,24,24,Mean,n_bytes,188160831.5964737,89.79047616453063,-0.08725312784856132,0.0,0.0,43,1
359,institution_subnets,24,24,Mean,n_bytes,704419118.1539196,96.35745618219082,-0.004019836881467231,0.0,0.0,43,30
360,institution_subnets,24,24,Mean,n_bytes,198379730.444147,69.44178678019067,-0.01678786975950941,0.0,0.0,43,1
361,institution_subnets,24,24,Mean,n_bytes,13311743.698409135,133.39423723380793,-0.013031466683982362,0.0,0.0,43,151
362,institution_subnets,24,24,Mean,n_bytes,952114367.3793273,89.79166594454804,-0.04189382047947299,0.0,0.0,43,1
363,institution_subnets,24,24,Mean,n_bytes,2542041656.2855253,60.701616112536335,-0.014380294735455879,0.0,0.0,43,1
364,institution_subnets,24,24,Mean,n_bytes,2041.9498495866014,35.82491711796013,-0.03935758309644233,0.0,0.0,43,1
365,institution_subnets,24,24,Mean,n_bytes,952062100.1712005,148.0658853307223,-0.0004951196248885736,0.0,0.0,43,1
366,institution_subnets,24,24,Mean,n_bytes,0.0,nan,0.0,0.0,0.0,43,5614
367,institution_subnets,24,24,Mean,n_bytes,606168612.5047662,63.72934290628576,0.041034673668230215,0.0,0.0,43,7
368,institution_subnets,24,24,Mean,n_bytes,310999959.69992757,118.8534367486675,0.027839313620692252,0.0,0.0,43,17
369,institution_subnets,24,24,Mean,n_bytes,0.0,nan,0.0,0.0,0.0,43,2115
370,institution_subnets,24,24,Mean,n_bytes,78195002.33982185,70.62391526641858,0.06036068631183955,0.0,0.0,43,1
371,institution_subnets,24,24,Mean,n_bytes,217561413.1369416,96.89963804301854,-0.012819088850316351,0.0,0.0,43,4
372,institution_subnets,24,24,Mean,n_bytes,391282672.58967775,100.22385874482826,-0.053886539024117885,0.0,0.0,43,1
373,institution_subnets,24,24,Mean,n_bytes,162991926.42325342,77.25596622091714,-0.024998127512271484,0.0,0.0,43,1
374,institution_subnets,24,24,Mean,n_bytes,41937439.3375368,78.25131324179655,0.19519171260317214,0.0,0.0,43,2
375,institution_subnets,24,24,Mean,n_bytes,4962212.682762051,77.35123225650491,0.019738939709644576,0.0,0.0,43,1
376,institution_subnets,24,24,Mean,n_bytes,22890.148941041858,28.37994081869101,0.1509665075119867,0.0,0.0,43,1
377,institution_subnets,24,24,Mean,n_bytes,439120550.1441615,102.58925473484986,-0.06397800495615868,0.0,0.0,43,1
378,institution_subnets,24,24,Mean,n_bytes,656693822.3481776,129.5757045068858,-0.00947906111153074,0.0,0.0,43,1
379,institution_subnets,24,24,Mean,n_bytes,322986021.65555793,113.00357370887643,-0.11283010722618414,0.0,0.0,43,14
380,institution_subnets,24,24,Mean,n_bytes,260649186.11124626,110.79870375870766,0.05073081565368698,0.0,0.0,43,1
381,institution_subnets,24,24,Mean,n_bytes,198231186.1349478,125.30092298841713,-0.043123559326872174,0.0,0.0,43,3
382,institution_subnets,24,24,Mean,n_bytes,159820109.5746327,129.51774030723223,0.019947069223696268,0.0,0.0,43,1
383,institution_subnets,24,24,Mean,n_bytes,235680537.26604655,111.9376300724873,0.13326040557849816,0.0,0.0,43,44
384,institution_subnets,24,24,Mean,n_bytes,157760219.98413512,83.6716677335311,-0.06000265318469444,0.0,0.0,43,1
385,institution_subnets,24,24,Mean,n_bytes,64817227.19923091,103.88763696397305,-0.009471291870857046,0.0,0.0,43,1
386,institution_subnets,24,24,Mean,n_bytes,256288733.85333586,85.54649242942389,-0.04495676129889992,0.0,0.0,43,1
387,institution_subnets,24,24,Mean,n_bytes,861840821.77996,49.01303280857432,0.029716480317681593,0.0,0.0,43,1
388,institution_subnets,24,24,Mean,n_bytes,127660032.58853848,122.23817505508121,0.029085983038063534,0.0,0.0,43,1
389,institution_subnets,24,24,Mean,n_bytes,56193750.96914836,108.04562506889262,-0.027279317051457586,0.0,0.0,43,2
390,institution_subnets,24,24,Mean,n_bytes,38470471.737971604,125.90908345678086,-0.028419887202965732,0.0,0.0,43,1
391,institution_subnets,24,24,Mean,n_bytes,5948413.335672333,67.046076155829,-0.046368355642303793,0.0,0.0,43,2
392,institution_subnets,24,24,Mean,n_bytes,2871.0204835362442,35.51739670812686,0.004212033637906232,0.0,0.0,43,1
393,institution_subnets,24,24,Mean,n_bytes,233909436.0098671,136.10896855322508,-0.07351529770787812,0.0,0.0,43,1
394,institution_subnets,24,24,Mean,n_bytes,11825368.160456007,46.00257779252285,0.06552603555376402,0.0,0.0,43,4
395,institution_subnets,24,24,Mean,n_bytes,172121590.68850717,88.3290626328323,-0.03501770945359928,0.0,0.0,43,1
396,institution_subnets,24,24,Mean,n_bytes,29446798.374051876,135.93874675542185,-0.07268749040979494,0.0,0.0,43,1
397,institution_subnets,24,24,Mean,n_bytes,163007302.3096091,142.92103956161915,-0.031102351486317792,0.0,0.0,43,1
398,institution_subnets,24,24,Mean,n_bytes,806580734.6619562,76.92118402828469,0.015080743954324904,0.0,0.0,43,1
399,institution_subnets,24,24,Mean,n_bytes,812836224.6130385,87.05538271881169,-0.03610348964708909,0.0,0.0,43,6
400,institution_subnets,24,24,Mean,n_bytes,211546215.9439615,83.60620886091432,0.0020124789451417824,0.0,0.0,43,1
401,institution_subnets,24,24,Mean,n_bytes,941004144.7937622,77.31546374204085,-0.02106516982784279,0.0,0.0,43,1
402,institution_subnets,24,24,Mean,n_bytes,747560075.9902112,52.20630102289381,-0.014161275456911593,0.0,0.0,43,1
403,institution_subnets,24,24,Mean,n_bytes,489351136.3009741,68.55990039453819,0.046820833459513045,0.0,0.0,43,1
404,institution_subnets,24,24,Mean,n_bytes,16723.427165804784,57.7949437190982,-0.03560866093795978,0.0,0.0,43,1
405,institution_subnets,24,24,Mean,n_bytes,279241326.0742403,96.56738712662278,0.01597017826294367,0.0,0.0,43,1
406,institution_subnets,24,24,Mean,n_bytes,249803334.161822,73.280155421193,-0.04555094765775847,0.0,0.0,43,1
407,institution_subnets,24,24,Mean,n_bytes,700236483.835425,94.41620381476166,0.05515478546733532,0.0,0.0,43,1
408,institution_subnets,24,24,Mean,n_bytes,1073532347.9371756,112.01708274551072,0.04818032531690508,0.0,0.0,43,1
409,institution_subnets,24,24,Mean,n_bytes,653668023.4430875,107.39980287908352,0.011489020538238637,0.0,0.0,43,1
410,institution_subnets,24,24,Mean,n_bytes,596722486.5190693,54.04771181147387,-0.02449416399278692,0.0,0.0,43,1
411,institution_subnets,24,24,Mean,n_bytes,252174897.30221784,69.41827164488436,0.0422257840266681,0.0,0.0,43,1
412,institution_subnets,24,24,Mean,n_bytes,58198506.02285807,106.55622989424498,-0.02158296880142707,0.0,0.0,43,1
413,institution_subnets,24,24,Mean,n_bytes,458125459.25431097,50.46848239816887,0.009537792148657354,0.0,0.0,43,1
414,institution_subnets,24,24,Mean,n_bytes,203761865.3238882,102.98831103562094,-0.06445847516018999,0.0,0.0,43,1
415,institution_subnets,24,24,Mean,n_bytes,135091569.38294032,114.18624472419181,-0.03427061575175516,0.0,0.0,43,1
416,institution_subnets,24,24,Mean,n_bytes,673704127.0860978,82.64952384679766,-0.04287119751088242,0.0,0.0,43,1
417,institution_subnets,24,24,Mean,n_bytes,204735652.53822172,94.57074940634686,-0.05003956169730617,0.0,0.0,43,1
418,institution_subnets,24,24,Mean,n_bytes,81249787.39528194,124.80035673922751,-0.03594505698964623,0.0,0.0,43,4
419,institution_subnets,24,24,Mean,n_bytes,1068563280.7471582,116.49072201624888,-0.09104547193152346,0.0,0.0,43,3
420,institution_subnets,24,24,Mean,n_bytes,28065.874669101962,33.255926657070795,-0.7526216332762949,0.0,0.0,43,1
421,institution_subnets,24,24,Mean,n_bytes,79718012.50407986,148.48825188384637,0.012796558122253221,0.0,0.0,43,397
422,institution_subnets,24,24,Mean,n_bytes,72745830.33842386,74.94615439898693,0.010893096508616917,0.0,0.0,43,1
423,institution_subnets,24,24,Mean,n_bytes,145405824.00663832,116.08278423593987,-0.03515625928851129,0.0,0.0,43,1
424,institution_subnets,24,24,Mean,n_bytes,370239008.955679,89.78453846377772,-0.044193487586772884,0.0,0.0010004043579101562,43,1
425,institution_subnets,24,24,Mean,n_bytes,156050107.0830537,101.64532704484515,0.08325135189534005,0.0,0.0,43,1
426,institution_subnets,24,24,Mean,n_bytes,280976480.7675749,88.20503766302512,-0.042214600003812386,0.0,0.0,43,1
427,institution_subnets,24,24,Mean,n_bytes,262312361.6402578,61.35684965558106,0.09316137293989901,0.0,0.0,43,1
428,institution_subnets,24,24,Mean,n_bytes,39742.69337638747,59.89825077734804,0.4105628896102482,0.0,0.0,43,1
429,institution_subnets,24,24,Mean,n_bytes,1704.9601530433965,40.32801795635187,-0.02076276393831189,0.0,0.0,43,1
430,institution_subnets,24,24,Mean,n_bytes,1173.7483608987627,42.20828224958762,0.036370872707379154,0.0,0.0,43,10
431,institution_subnets,24,24,Mean,n_bytes,1617.153629221878,48.51803536898054,-0.08435002711297335,0.0,0.0,43,13
432,institution_subnets,24,24,Mean,n_bytes,134237315.63635257,65.91160244987033,-0.02771060601422337,0.0,0.0,43,1
433,institution_subnets,24,24,Mean,n_bytes,413997974.9966696,137.87442235855724,-0.0266617452054152,0.0,0.0,43,1
434,institution_subnets,24,24,Mean,n_bytes,122063001.30110681,126.83817563425217,-0.027179133953756596,0.0,0.0,43,2
435,institution_subnets,24,24,Mean,n_bytes,83159946.64934063,69.41541792206158,-0.06118082669296965,0.0,0.0,43,10
436,institution_subnets,24,24,Mean,n_bytes,34473529.08527129,54.66105598407195,-0.008440740882823539,0.0,0.0,43,1
437,institution_subnets,24,24,Mean,n_bytes,418306877.9092787,47.967617855362704,0.04221625209042801,0.0,0.0,43,1
438,institution_subnets,24,24,Mean,n_bytes,218919898.96427813,106.06203440131881,-0.055573001636522124,0.0,0.0,43,1
439,institution_subnets,24,24,Mean,n_bytes,162591727.14070046,107.18661003094854,-0.05164662967757727,0.0,0.0,43,1
440,institution_subnets,24,24,Mean,n_bytes,192350505.9910926,124.12986163984114,-0.05083419817432144,0.0,0.0,43,1
441,institution_subnets,24,24,Mean,n_bytes,75681069.7003451,112.20144077381701,-0.006630299768110248,0.0,0.0,43,4
442,institution_subnets,24,24,Mean,n_bytes,91644611.21795613,135.48841532346566,-0.06590759706953575,0.0,0.0,43,1
443,institution_subnets,24,24,Mean,n_bytes,125655538.65105641,123.01588309210494,-0.0638314207363766,0.0,0.0,43,1
444,institution_subnets,24,24,Mean,n_bytes,164755124.24918768,115.03198926321542,-0.029572917274899302,0.0,0.0,43,1
445,institution_subnets,24,24,Mean,n_bytes,583968770.2310672,118.93165482737464,-0.04760043582116458,0.0,0.0,43,1
446,institution_subnets,24,24,Mean,n_bytes,94581395.17872621,110.5374211330187,0.18465128287994348,0.0,0.0,43,1
447,institution_subnets,24,24,Mean,n_bytes,387652256.4039442,72.84009197123402,0.029117954950152902,0.0,0.0,43,1
448,institution_subnets,24,24,Mean,n_bytes,568150192.7319978,113.06151677369733,-0.047408038397019014,0.0,0.0,43,1
449,institution_subnets,24,24,Mean,n_bytes,15172635.682923494,52.98240140976995,-0.0070646560636662414,0.0,0.0,43,25
450,institution_subnets,24,24,Mean,n_bytes,154311200.17132026,99.50287282558787,0.14768301697291863,0.0,0.0,43,1
451,institution_subnets,24,24,Mean,n_bytes,1879087206.9008992,129.38850809508602,0.05914385915995524,0.0,0.0,43,1
452,institution_subnets,24,24,Mean,n_bytes,109086.5087375568,48.564682715236785,-0.01243490610489073,0.0,0.0,43,1
453,institution_subnets,24,24,Mean,n_bytes,301509446.7057367,113.80838807279008,-0.06494482871573015,0.0,0.0,43,1
454,institution_subnets,24,24,Mean,n_bytes,314405006.70309085,118.26783156005317,-0.034654391572844556,0.0,0.0,43,4
455,institution_subnets,24,24,Mean,n_bytes,159100738.05923703,137.59714725035786,0.012088421737930677,0.0,0.0,43,1
456,institution_subnets,24,24,Mean,n_bytes,435748575.8618472,112.4301184337676,0.028457424207923854,0.0,0.0,43,1
457,institution_subnets,24,24,Mean,n_bytes,154841.8327978022,51.37996702355909,0.01888788582290668,0.0,0.0,43,220
458,institution_subnets,24,24,Mean,n_bytes,647046542.1528866,49.794315358471046,0.1283800601868107,0.0,0.0,43,5
459,institution_subnets,24,24,Mean,n_bytes,1308.4523922214166,36.055869019728576,0.019514861579585818,0.0,0.0,43,1
460,institution_subnets,24,24,Mean,n_bytes,433304026.85139596,87.84806454582531,0.0025033037559437643,0.0,0.0,43,1
461,institution_subnets,24,24,Mean,n_bytes,603767.9368301997,93.9051473864224,-0.01725483414296436,0.0,0.0,43,124
462,institution_subnets,24,24,Mean,n_bytes,611021.5688321128,93.63014324903442,-0.03954896561849841,0.0,0.0,43,91
463,institution_subnets,24,24,Mean,n_bytes,300947221.7893022,121.97085959456034,-0.07104632975672942,0.0,0.0,43,3
464,institution_subnets,24,24,Mean,n_bytes,112002072.59907115,28.991804817686063,0.011316895660552051,0.0,0.0,43,1
465,institution_subnets,24,24,Mean,n_bytes,77892175.86876126,114.03819052751277,-0.06818593727725841,0.0,0.0,43,1
466,institution_subnets,24,24,Mean,n_bytes,26429.045470473917,92.30127978680638,-0.03354341903609215,0.0,0.0,43,78
467,institution_subnets,24,24,Mean,n_bytes,81712662.58252534,89.6224522342971,-0.08650559197652319,0.0,0.0,43,1
468,institution_subnets,24,24,Mean,n_bytes,205197928.9106961,131.19405813357758,0.016537901748623796,0.0,0.0,43,3
469,institution_subnets,24,24,Mean,n_bytes,962674049.6832554,81.26722093018482,-0.12689741733251636,0.0,0.0,43,1
470,institution_subnets,24,24,Mean,n_bytes,179920777.27128127,81.32002034978727,0.00750509576238656,0.0,0.0,43,1
471,institution_subnets,24,24,Mean,n_bytes,275069284.9418239,112.60143898771943,-0.01204336247530069,0.0,0.0,43,14
472,institution_subnets,24,24,Mean,n_bytes,1289.9280298176225,60.82649759817622,-0.14632931808067573,0.0,0.0,43,4415
473,institution_subnets,24,24,Mean,n_bytes,219919742.389743,57.046069507207854,0.005394965562768528,0.0,0.0,43,1
474,institution_subnets,24,24,Mean,n_bytes,255323738.91439402,113.27367092442499,0.015297228093219983,0.0,0.0,43,3
475,institution_subnets,24,24,Mean,n_bytes,132272228.07727323,122.8820197637069,-0.032971989469415375,0.0,0.0,43,1
476,institution_subnets,24,24,Mean,n_bytes,65335551.98255753,111.68431344952427,0.07633509122497917,0.0,0.0,43,1
477,institution_subnets,24,24,Mean,n_bytes,649225176.221575,93.38270006732559,0.05277648366571397,0.0,0.0,43,1
478,institution_subnets,24,24,Mean,n_bytes,200014421.26251292,121.46023464810736,-0.009047593426828815,0.0,0.0,43,1
479,institution_subnets,24,24,Mean,n_bytes,326869229.02608633,103.95499428002799,-0.034781950353276914,0.0,0.0,43,2
480,institution_subnets,24,24,Mean,n_bytes,755494010.9526788,59.33289121152444,0.143985394786861,0.0,0.0,43,1
481,institution_subnets,24,24,Mean,n_bytes,35859891.71835319,113.59004722103563,-0.05131669049312282,0.0,0.0,43,1
482,institution_subnets,24,24,Mean,n_bytes,424542476.48655295,73.66366758547032,-0.0315386990401052,0.0,0.0,43,1
483,institution_subnets,24,24,Mean,n_bytes,172945851.6932476,98.1282463005959,-0.02145494462305031,0.0,0.0,43,1
484,institution_subnets,24,24,Mean,n_bytes,514876190.21224695,66.88131508010389,-0.0048126119469744655,0.0,0.0,43,1
485,institution_subnets,24,24,Mean,n_bytes,768866841.5385352,45.43218950376723,0.0304693870482573,0.0,0.0,43,1
486,institution_subnets,24,24,Mean,n_bytes,196882869.60817364,116.18929268978108,-0.10188617354656615,0.0,0.0,43,5
487,institution_subnets,24,24,Mean,n_bytes,147172199.39260152,67.06287852227717,0.01375015423338155,0.0,0.0,43,1
488,institution_subnets,24,24,Mean,n_bytes,248983896.31336454,113.77982486735208,0.2002513197137913,0.0,0.0,43,1
489,institution_subnets,24,24,Mean,n_bytes,320468291.17484117,69.81371303694614,0.059413517255219594,0.0,0.0,43,1
490,institution_subnets,24,24,Mean,n_bytes,118993696.0295102,97.98879569616305,0.002383436430138497,0.0,0.0010004043579101562,43,1
491,institution_subnets,24,24,Mean,n_bytes,96707.43236972438,57.183004051139385,-0.08426305095443531,0.0,0.0,43,4
492,institution_subnets,24,24,Mean,n_bytes,0.0,nan,0.0,0.0,0.0,43,6285
493,institution_subnets,24,24,Mean,n_bytes,1647213747.2325802,146.25787219702346,-0.3264824719663808,0.0,0.0,43,3
494,institution_subnets,24,24,Mean,n_bytes,261366542.93593603,114.54056493945974,-0.018068606170003942,0.0,0.0,43,1
495,institution_subnets,24,24,Mean,n_bytes,328417832.7826308,47.23596332815863,0.13233623303055908,0.0,0.0,43,1
496,institution_subnets,24,24,Mean,n_bytes,220574380.42148638,118.46168620338989,0.008418462441165842,0.0,0.0,43,13
497,institution_subnets,24,24,Mean,n_bytes,137842346.2891506,123.11223017275397,0.0013162147078090713,0.0,0.0,43,1
498,institution_subnets,24,24,Mean,n_bytes,142789957.6576229,98.77079370132455,-0.025672698413016892,0.0,0.0,43,1
499,institution_subnets,24,24,Mean,n_bytes,192399232.85950178,149.07864041659306,-0.030073721440349477,0.0,0.0,43,3
500,institution_subnets,24,24,Mean,n_bytes,1215.231827789084,62.81135286975969,-0.16380327765844038,0.0,0.0,43,184
501,institution_subnets,24,24,Mean,n_bytes,265424030.08465624,91.90013594170517,0.04278359497004214,0.0,0.0,43,1
502,institution_subnets,24,24,Mean,n_bytes,187121741.97158736,129.1677410084099,-0.04648481924138781,0.0,0.0,43,1
503,institution_subnets,24,24,Mean,n_bytes,203360987.8486822,96.15785712287015,-0.0052642203481874095,0.0,0.0,43,16
504,institution_subnets,24,24,Mean,n_bytes,50966282.572309576,148.83873363372007,-0.04189362505797112,0.0,0.0,43,107
505,institution_subnets,24,24,Mean,n_bytes,153003074.32574892,97.8889568894145,0.01623434055944739,0.0,0.0,43,1
506,institution_subnets,24,24,Mean,n_bytes,100831561.39222984,142.58247040985864,0.006493615734904035,0.0,0.0,43,1
507,institution_subnets,24,24,Mean,n_bytes,59898099.27427493,134.9610630276661,-0.0758050921652007,0.0,0.0,43,3
508,institution_subnets,24,24,Mean,n_bytes,79052656.69216265,105.05884100866756,-0.0014624187893701457,0.0,0.0,43,1
509,institution_subnets,24,24,Mean,n_bytes,44262354.37335588,134.71840376701965,-0.017607076018828938,0.0,0.0,43,1
510,institution_subnets,24,24,Mean,n_bytes,12811505.528967822,144.1453552006807,-0.06462802326348793,0.0,0.0,43,12
511,institution_subnets,24,24,Mean,n_bytes,6725.2307293121075,50.554531892172726,0.02812674207174215,0.0,0.0,43,1
512,institution_subnets,24,24,Mean,n_bytes,82465842.1681709,127.53308853279954,-0.05319617400488408,0.0,0.0,43,1
513,institution_subnets,24,24,Mean,n_bytes,373.3616498682976,nan,0.11899865926021813,0.0,0.0,43,5029
514,institution_subnets,24,24,Mean,n_bytes,331586803.005547,126.05815303778178,0.0425273268832681,0.0,0.0,43,1
515,institution_subnets,24,24,Mean,n_bytes,1004970289.7781928,111.57676024699867,-0.13103141362919501,0.0,0.0,43,6
516,institution_subnets,24,24,Mean,n_bytes,18603719.683363434,117.7468976247198,-0.015411116173231543,0.0,0.0,43,20
517,institution_subnets,24,24,Mean,n_bytes,177813271.17249763,134.06051399652003,-0.09096875691464068,0.0,0.0,43,3
518,institution_subnets,24,24,Mean,n_bytes,339013143.6606343,131.50421732798588,-0.12673901547654975,0.0,0.0,43,1
519,institution_subnets,24,24,Mean,n_bytes,206135049.6014247,73.18587445340772,-0.038602553066385825,0.0,0.0,43,5
520,institution_subnets,24,24,Mean,n_bytes,153704737.3279627,137.88897400814056,-0.08515921091679934,0.0,0.0,43,1000
521,institution_subnets,24,24,Mean,n_bytes,99492910.65253824,93.82431756423412,0.0008024873805196897,0.0,0.0,43,1
522,institution_subnets,24,24,Mean,n_bytes,2277.485937328059,66.44740671924393,-0.08529652009531108,0.0,0.0,43,71
523,institution_subnets,24,24,Mean,n_bytes,1760.4524842922926,38.00301804194583,0.027491694020472024,0.0,0.0,43,2
524,institution_subnets,24,24,Mean,n_bytes,1689.7082962252284,71.88896033379598,-0.08097720033066613,0.0,0.0,43,223
525,institution_subnets,24,24,Mean,n_bytes,6678.185467418041,30.118083324488364,-0.07871498304598479,0.0,0.0,43,1
526,institution_subnets,24,24,Mean,n_bytes,959.8393033897488,172.6497713446695,-0.12239381157748364,0.0,0.0,43,3063
527,institution_subnets,24,24,Mean,n_bytes,1591.063290044226,69.06721326808841,-0.05089144754338193,0.0,0.0,43,124
528,institution_subnets,24,24,Mean,n_bytes,8799545.324880283,123.03279255703555,-0.06950082327376772,0.0,0.0,43,49
529,institution_subnets,24,24,Mean,n_bytes,1121.0983324090005,nan,-0.10124553309165774,0.0,0.0,43,2276
530,institution_subnets,24,24,Mean,n_bytes,45525727.59598478,146.52604886643545,-0.056941739565854244,0.0,0.0,43,64
531,institution_subnets,24,24,Mean,n_bytes,2559.319519224942,42.89542717571662,0.06090289526050474,0.0,0.0,43,2
532,institution_subnets,24,24,Mean,n_bytes,1190.8930862940138,61.791722331004785,-0.0872444705732367,0.0,0.0,43,254
533,institution_subnets,24,24,Mean,n_bytes,61513272.998742044,118.19861926958637,-0.055193779270708676,0.0,0.0,43,52
534,institution_subnets,24,24,Mean,n_bytes,74585628.50981584,132.23778662788035,-0.05894147586473242,0.0,0.0,43,2
535,institution_subnets,24,24,Mean,n_bytes,1654.563076146983,37.91123905326547,-0.007333709582533432,0.0,0.0,43,4
536,institution_subnets,24,24,Mean,n_bytes,64271.11739875064,57.76909345228308,-0.03971802714850803,0.0,0.0,43,125
537,institution_subnets,24,24,Mean,n_bytes,2127.2825058411076,35.36539885774305,-0.00030092370582557315,0.0,0.0,43,252
538,institution_subnets,24,24,Mean,n_bytes,25636352.318463963,149.6878051929447,-0.02698976908234063,0.0,0.0,43,1
539,institution_subnets,24,24,Mean,n_bytes,73244281.20116565,142.38737193845878,-0.1115897800955945,0.0,0.0,43,1
540,institution_subnets,24,24,Mean,n_bytes,8924.09530707408,27.327677247915666,0.07595393988778254,0.0,0.0,43,1
541,institution_subnets,24,24,Mean,n_bytes,653105276.895541,110.20652781025314,-0.07949513698111121,0.0,0.0,43,6
542,institution_subnets,24,24,Mean,n_bytes,89870103.64984915,119.46935883261702,-0.05020326500116101,0.0,0.0,43,2241
543,institution_subnets,24,24,Mean,n_bytes,1937213345.626916,109.33016284816301,0.060101253258509346,0.0,0.0,43,1209
544,institution_subnets,24,24,Mean,n_bytes,3664.8118890290493,51.1514608751052,0.008129059077675582,0.0,0.0,43,6
545,institution_subnets,24,24,Mean,n_bytes,0.0,nan,0.0,0.0,0.0,43,5816
546,institution_subnets,24,24,Mean,n_bytes,0.0,nan,0.0,0.0,0.0,43,4367
547,institution_subnets,24,24,Mean,n_bytes,35579.54470763606,21.871110453799485,0.8035875200484632,0.0,0.0,43,1
11,ip_addresses_sample,24,24,Mean,n_bytes,56466051.855626814,25.822449540439596,0.18128698400406817,0.0,0.0,43,1
20,ip_addresses_sample,24,24,Mean,n_bytes,4393991.637774983,120.24191038786269,-0.043832543759774634,0.0,0.0,43,119
101,ip_addresses_sample,24,24,Mean,n_bytes,3410709.676131074,nan,-0.042668011838616904,0.0,0.0,43,5352
103,ip_addresses_sample,24,24,Mean,n_bytes,1051692335.714435,71.57121211148416,0.04989459046913569,0.0,0.0,43,1
118,ip_addresses_sample,24,24,Mean,n_bytes,257198576.2509043,74.4400214464814,0.29663182531661225,0.0,0.0,43,13
120,ip_addresses_sample,24,24,Mean,n_bytes,6746202.355334968,82.13045459009946,-0.015788465065374124,0.0,0.0,43,3
122,ip_addresses_sample,24,24,Mean,n_bytes,2366.819279534954,20.17673711183443,0.7303544847074179,0.0,0.0,43,1
171,ip_addresses_sample,24,24,Mean,n_bytes,349.8396022969256,nan,-0.15012495831179162,0.0,0.0,43,2895
178,ip_addresses_sample,24,24,Mean,n_bytes,0.0,nan,0.0,0.0,0.0,43,5835
190,ip_addresses_sample,24,24,Mean,n_bytes,60485.554076661276,90.34936788738018,-0.16998595149031037,0.0,0.0,43,32
695,ip_addresses_sample,24,24,Mean,n_bytes,0.0,nan,0.0,0.0,0.0,43,6554
1037,ip_addresses_sample,24,24,Mean,n_bytes,141.26991796064453,nan,-0.06346657121509258,0.0,0.0,43,6665
1040,ip_addresses_sample,24,24,Mean,n_bytes,17.53733558824954,nan,-0.04267701260911738,0.0,0.0,43,6706
1196,ip_addresses_sample,24,24,Mean,n_bytes,0.0,nan,0.0,0.0,0.0,43,1920
1200,ip_addresses_sample,24,24,Mean,n_bytes,194.24193923893557,109.89310431465013,-0.04228221773744045,0.0,0.0,43,6516
1367,ip_addresses_sample,24,24,Mean,n_bytes,473124278.7843397,57.642755091723274,0.6063584630528246,0.0,0.0,43,1
1368,ip_addresses_sample,24,24,Mean,n_bytes,32463347.50898908,100.71856216508255,-0.06314487967883764,0.0,0.0,43,1
1370,ip_addresses_sample,24,24,Mean,n_bytes,530379577.8464007,117.0604991421467,0.08814141863460923,0.0,0.0,43,1
1381,ip_addresses_sample,24,24,Mean,n_bytes,986.622100876022,46.85888657923042,-0.017288933072198143,0.0,0.0,43,38
1385,ip_addresses_sample,24,24,Mean,n_bytes,9697710.605997784,nan,-0.04858674506489824,0.0,0.0,43,5185
1553,ip_addresses_sample,24,24,Mean,n_bytes,4129.944110970313,37.20604380553907,0.13108982490749144,0.0,0.0,43,1
1554,ip_addresses_sample,24,24,Mean,n_bytes,1.4551915228366852e-11,200.0,0.0,0.0,0.0,43,5628
1580,ip_addresses_sample,24,24,Mean,n_bytes,28565.119968140352,26.95805762935138,0.8798081102185551,0.0,0.0,43,1
1605,ip_addresses_sample,24,24,Mean,n_bytes,4340.47398973751,27.24893527027919,0.2009777553739105,0.0,0.0,43,1
1656,ip_addresses_sample,24,24,Mean,n_bytes,525979882.4831718,138.52832086815152,0.047766575536647427,0.0,0.0,43,535
1672,ip_addresses_sample,24,24,Mean,n_bytes,165669.08690320328,112.71855078494686,-0.025423972021992203,0.0,0.0,43,1635
1774,ip_addresses_sample,24,24,Mean,n_bytes,29852.811081071453,43.48981535241623,0.3758717997611608,0.0,0.0,43,124
1845,ip_addresses_sample,24,24,Mean,n_bytes,4458293.038927026,nan,-0.04497544668342934,0.0,0.0,43,3390
1852,ip_addresses_sample,24,24,Mean,n_bytes,262989.8018860611,99.18621060122612,-0.04365047134924249,0.0,0.0,43,97
3271,ip_addresses_sample,24,24,Mean,n_bytes,159408.08772335364,34.20498379931273,-0.03515521824108436,0.0,0.0,43,8
3370,ip_addresses_sample,24,24,Mean,n_bytes,129437.19994207897,198.77777251674976,-0.02960639123823472,0.0,0.0,43,5731
4380,ip_addresses_sample,24,24,Mean,n_bytes,0.0,nan,0.0,0.0,0.0,43,1751
5101,ip_addresses_sample,24,24,Mean,n_bytes,6262874.714256681,nan,-0.04806069735042562,0.0,0.0,43,4775
6184,ip_addresses_sample,24,24,Mean,n_bytes,193.19206394346645,nan,-0.04144844415918336,0.0,0.0,43,6628
6794,ip_addresses_sample,24,24,Mean,n_bytes,428.6602477984583,72.98824408222806,0.009867944545450924,0.0,0.0,43,623
7516,ip_addresses_sample,24,24,Mean,n_bytes,9734321.96735675,nan,-0.02890578412428324,0.0,0.0,43,5553
7782,ip_addresses_sample,24,24,Mean,n_bytes,696.9615833050171,nan,-0.08784571310275546,0.0,0.0,43,6319
8089,ip_addresses_sample,24,24,Mean,n_bytes,0.0,nan,0.0,0.0,0.0,43,5916
8989,ip_addresses_sample,24,24,Mean,n_bytes,422.7616929750825,57.730094962621536,0.037120846816177444,0.0,0.0,43,355
10125,ip_addresses_sample,24,24,Mean,n_bytes,755.6536410460141,47.03795911077865,0.09996760421616613,0.0,0.0,43,57
10158,ip_addresses_sample,24,24,Mean,n_bytes,7408552.567743646,164.3444402560482,-0.027544038554115025,0.0,0.0,43,2003
10196,ip_addresses_sample,24,24,Mean,n_bytes,5795.086801031737,nan,0.1336797884887696,0.0,0.0,43,1160
10197,ip_addresses_sample,24,24,Mean,n_bytes,102775031.32751405,128.09208342617785,-0.029730748676193963,0.0,0.0,43,1
10256,ip_addresses_sample,24,24,Mean,n_bytes,649225242.4424274,93.38313543883045,0.052776375872869874,0.0,0.0,43,1
10374,ip_addresses_sample,24,24,Mean,n_bytes,35724.440910463934,111.18445026559903,-0.03623963699888155,0.0,0.0,43,605
10396,ip_addresses_sample,24,24,Mean,n_bytes,34524255.79603791,39.811060690494735,-0.04192645828088715,0.0,0.0,43,3
10409,ip_addresses_sample,24,24,Mean,n_bytes,132.11166644002608,nan,-0.04348085306198457,0.0,0.0,43,5113
10703,ip_addresses_sample,24,24,Mean,n_bytes,0.0,nan,0.0,0.0,0.0,43,4636
10729,ip_addresses_sample,24,24,Mean,n_bytes,36087.882966768986,15.445734550195889,0.1345117901415973,0.0,0.0,43,4
10809,ip_addresses_sample,24,24,Mean,n_bytes,729751.0118148217,nan,-0.044638026044811374,0.0,0.0,43,6155
11069,ip_addresses_sample,24,24,Mean,n_bytes,2101435037.6891906,26.780783185236025,-0.08298653872434625,0.0,0.0,43,2
11188,ip_addresses_sample,24,24,Mean,n_bytes,116062762.31861472,142.47337720427242,-0.0026555201244613524,0.0,0.0009980201721191406,43,1070
11204,ip_addresses_sample,24,24,Mean,n_bytes,0.0,nan,0.0,0.0,0.0,43,5565
11212,ip_addresses_sample,24,24,Mean,n_bytes,40605102.234623395,nan,-0.16647190806294088,0.0,0.0,43,3574
11254,ip_addresses_sample,24,24,Mean,n_bytes,2692479645.6950154,115.35640192061958,0.03355745382916819,0.0,0.0,43,50
11363,ip_addresses_sample,24,24,Mean,n_bytes,114268.54821724039,nan,-0.050622376329882535,0.0,0.0,43,6062
11587,ip_addresses_sample,24,24,Mean,n_bytes,43446.001285804174,nan,-0.10872491664403161,0.0,0.0,43,6128
11799,ip_addresses_sample,24,24,Mean,n_bytes,1763339.6909800658,nan,-0.0435780773979213,0.0,0.0,43,6631
12926,ip_addresses_sample,24,24,Mean,n_bytes,36595.61325345207,nan,-0.045436353505470706,0.0,0.0,43,2351
14458,ip_addresses_sample,24,24,Mean,n_bytes,0.0,0.0,0.0,0.0,0.0,43,5527
14471,ip_addresses_sample,24,24,Mean,n_bytes,0.0,nan,0.0,0.0,0.0,43,6317
15159,ip_addresses_sample,24,24,Mean,n_bytes,90394.11987757935,nan,-1027609.9382409437,0.0,0.0,43,6617
15907,ip_addresses_sample,24,24,Mean,n_bytes,2368780.3581421683,nan,-0.07692951192285058,0.0,0.0,43,6542
18264,ip_addresses_sample,24,24,Mean,n_bytes,0.0,nan,0.0,0.0,0.0,43,5988
18579,ip_addresses_sample,24,24,Mean,n_bytes,2.3283064365386963e-10,200.0,0.0,0.0,0.0,43,5883
18683,ip_addresses_sample,24,24,Mean,n_bytes,11034.758461357851,59.6672376042206,-0.04874777262235486,0.0,0.0,43,9
19288,ip_addresses_sample,24,24,Mean,n_bytes,1450223.5548510994,nan,-0.003942990927878753,0.0,0.0,43,6503
20150,ip_addresses_sample,24,24,Mean,n_bytes,473853.96580845694,199.7095142225335,-0.05594161229475891,0.0,0.0,43,5944
20342,ip_addresses_sample,24,24,Mean,n_bytes,2904273.538470839,136.15912607923423,-0.0414944790811953,0.0,0.0,43,227
21756,ip_addresses_sample,24,24,Mean,n_bytes,35824.68736236947,nan,-0.1469835851766741,0.0,0.0,43,6342
23518,ip_addresses_sample,24,24,Mean,n_bytes,0.0,nan,0.0,0.0,0.0,43,6711
25910,ip_addresses_sample,24,24,Mean,n_bytes,4210457.2018836755,140.2292850948392,-0.03463970233273561,0.0,0.0,43,4989
29194,ip_addresses_sample,24,24,Mean,n_bytes,0.0,nan,0.0,0.0,0.0,43,3659
29646,ip_addresses_sample,24,24,Mean,n_bytes,57762923.08235951,nan,-0.04503801945863595,0.0,0.0,43,4742
32178,ip_addresses_sample,24,24,Mean,n_bytes,940819.8899174775,nan,-0.0746095420010029,0.0,0.0,43,5885
32444,ip_addresses_sample,24,24,Mean,n_bytes,5222082.019662969,nan,-0.0382584292773791,0.0,0.0,43,4197
32493,ip_addresses_sample,24,24,Mean,n_bytes,13099245.669090282,nan,-0.11808855811400076,0.0,0.0,43,5530
32994,ip_addresses_sample,24,24,Mean,n_bytes,5615025.939900141,nan,-0.0388340880621596,0.0,0.0,43,6093
33446,ip_addresses_sample,24,24,Mean,n_bytes,1373.796528047884,nan,-0.05552360036639459,0.0,0.0,43,6427
34834,ip_addresses_sample,24,24,Mean,n_bytes,40567.199410898524,nan,-0.02462787510447373,0.0,0.0,43,6233
35210,ip_addresses_sample,24,24,Mean,n_bytes,1196.5825611557877,44.181369212148184,0.09484467501589722,0.0,0.0,43,25
35748,ip_addresses_sample,24,24,Mean,n_bytes,7017630.214152094,nan,-0.02644673822467314,0.0,0.0,43,5093
38475,ip_addresses_sample,24,24,Mean,n_bytes,1430455.5062647134,nan,-0.0037432120604150576,0.0,0.0,43,5755
38533,ip_addresses_sample,24,24,Mean,n_bytes,1216152.6234771463,196.44277623775943,-0.02231930893747469,0.0,0.0,43,6131
39630,ip_addresses_sample,24,24,Mean,n_bytes,323.23342803414994,200.0,-0.04267701260911716,0.0,0.0009987354278564453,43,6711
39965,ip_addresses_sample,24,24,Mean,n_bytes,903044.0884311793,nan,-0.025692326336753002,0.0,0.0,43,3702
39997,ip_addresses_sample,24,24,Mean,n_bytes,0.0,nan,0.0,0.0,0.0,43,5877
40367,ip_addresses_sample,24,24,Mean,n_bytes,0.0,nan,0.0,0.0,0.0,43,6542
41990,ip_addresses_sample,24,24,Mean,n_bytes,439580.09282112535,nan,-0.028655554475279787,0.0,0.0,43,51
42844,ip_addresses_sample,24,24,Mean,n_bytes,1748206.360794772,nan,-0.03920923365900841,0.0,0.0,43,4993
43611,ip_addresses_sample,24,24,Mean,n_bytes,7485.074059777475,105.59301174177591,0.19483608978496159,0.0,0.0,43,578
44252,ip_addresses_sample,24,24,Mean,n_bytes,2902487.9714747355,130.62076397803855,0.020963686559789085,0.0,0.0,43,3
44922,ip_addresses_sample,24,24,Mean,n_bytes,13319.2642002643,59.18544749181229,0.0404659827998437,0.0,0.0,43,1
47839,ip_addresses_sample,24,24,Mean,n_bytes,2143582.3961506104,171.3155494987808,-0.05851353918901858,0.0,0.0,43,4874
50506,ip_addresses_sample,24,24,Mean,n_bytes,119190085.68331012,nan,-0.04775086453739075,0.0,0.0,43,4773
50685,ip_addresses_sample,24,24,Mean,n_bytes,1.1641532182693481e-10,200.0,0.0,0.0,0.0,43,6201
52940,ip_addresses_sample,24,24,Mean,n_bytes,300.35299228972264,nan,-0.01595811083800225,0.0,0.0,43,5193
53715,ip_addresses_sample,24,24,Mean,n_bytes,62548906.991654724,nan,-0.04432220892760785,0.0,0.0,43,5391
54017,ip_addresses_sample,24,24,Mean,n_bytes,9224836.16268144,191.65315031277672,-0.04808116796849382,0.0,0.0,43,5775
54220,ip_addresses_sample,24,24,Mean,n_bytes,0.0,nan,0.0,0.0,0.0,43,6081
56502,ip_addresses_sample,24,24,Mean,n_bytes,14513.064453979561,nan,-0.43822274040785625,0.0,0.0,43,5421
58559,ip_addresses_sample,24,24,Mean,n_bytes,0.0,nan,0.0,0.0,0.0,43,5984
60027,ip_addresses_sample,24,24,Mean,n_bytes,631.2752516567546,51.97511477114095,0.06995035273111794,0.0,0.0,43,255
60447,ip_addresses_sample,24,24,Mean,n_bytes,1803568.9511603548,30.338026264659845,-0.054258702853922314,0.0,0.0,43,6604
61938,ip_addresses_sample,24,24,Mean,n_bytes,136.2839142119598,nan,-0.04280502395091723,0.0,0.0,43,6714
63945,ip_addresses_sample,24,24,Mean,n_bytes,2308.815646621443,nan,0.0,0.0,0.0,43,1766
65072,ip_addresses_sample,24,24,Mean,n_bytes,12916588.344396017,160.02740353812897,-0.09945030100462215,0.0,0.0,43,1245
66356,ip_addresses_sample,24,24,Mean,n_bytes,279.4882994048212,nan,-0.09135756845432974,0.0,0.0,43,6430
67484,ip_addresses_sample,24,24,Mean,n_bytes,19802.677458054804,56.3215470392749,-0.044054728606976123,0.0,0.0,43,103
68512,ip_addresses_sample,24,24,Mean,n_bytes,6577342.7120148465,nan,-0.10585504237937382,0.0,0.0,43,6270
70932,ip_addresses_sample,24,24,Mean,n_bytes,0.0,nan,0.0,0.0,0.0,43,6099
73422,ip_addresses_sample,24,24,Mean,n_bytes,1278.2230153120327,44.53186489933758,-0.1490793944754194,0.0,0.0,43,74
74727,ip_addresses_sample,24,24,Mean,n_bytes,3025129.4473306336,106.3084632606841,-0.0388786749809924,0.0,0.0,43,192
75195,ip_addresses_sample,24,24,Mean,n_bytes,22961.55765690057,69.06978816528701,0.2061048535003448,0.0,0.0,43,334
76020,ip_addresses_sample,24,24,Mean,n_bytes,2.842170943040401e-14,200.0,0.0,0.0,0.0,43,6381
76409,ip_addresses_sample,24,24,Mean,n_bytes,2135172.9499163064,nan,-0.04265903073828037,0.0,0.0,43,6647
76595,ip_addresses_sample,24,24,Mean,n_bytes,1524171.3267241141,197.8058882611374,-0.028998544074600563,0.0,0.0,43,6395
78134,ip_addresses_sample,24,24,Mean,n_bytes,23078747.688882913,164.80523926848792,-0.04324165449903106,0.0,0.0,43,173
78471,ip_addresses_sample,24,24,Mean,n_bytes,12821132.745750627,91.82271645645835,-0.04673642236845188,0.0,0.0,43,4
80219,ip_addresses_sample,24,24,Mean,n_bytes,162.40656936905233,200.0,-0.05872834812593397,0.0,0.0,43,6643
84111,ip_addresses_sample,24,24,Mean,n_bytes,5283.241724325302,107.11727708172411,0.16428214130102137,0.0,0.0,43,589
85341,ip_addresses_sample,24,24,Mean,n_bytes,1608305.5732339749,nan,-0.06423708416057616,0.0,0.0,43,5426
88152,ip_addresses_sample,24,24,Mean,n_bytes,71342.7838604781,nan,-0.04364556753951754,0.0,0.0,43,6053
89256,ip_addresses_sample,24,24,Mean,n_bytes,185.5716977734883,nan,-0.04267701260911694,0.0,0.0,43,6712
91097,ip_addresses_sample,24,24,Mean,n_bytes,125204.89396377208,nan,-0.06060194934620555,0.0,0.0,43,5409
92511,ip_addresses_sample,24,24,Mean,n_bytes,103168.67332223913,126.24765759054716,-0.0645319508872122,0.0,0.0,43,767
96345,ip_addresses_sample,24,24,Mean,n_bytes,43617607.42301878,nan,-0.011129657397936032,0.0,0.0,43,5801
97001,ip_addresses_sample,24,24,Mean,n_bytes,2307007.185370843,nan,-0.052580022529468584,0.0,0.0,43,6435
97079,ip_addresses_sample,24,24,Mean,n_bytes,55658839.666100346,166.68479651485634,-0.05349662912288289,0.0,0.0,43,1947
97179,ip_addresses_sample,24,24,Mean,n_bytes,835.3416313757481,100.03312467932481,-0.061596791957261976,0.0,0.0,43,837
98094,ip_addresses_sample,24,24,Mean,n_bytes,5629350.524100501,nan,-0.030558680850732323,0.0,0.0,43,5784
99839,ip_addresses_sample,24,24,Mean,n_bytes,1664878.0543594845,nan,-0.03854907153432019,0.0,0.0,43,5988
100610,ip_addresses_sample,24,24,Mean,n_bytes,58787.13705958324,83.78401686577891,-0.12351734650711421,0.0,0.0,43,24
101925,ip_addresses_sample,24,24,Mean,n_bytes,1436470.3380497277,nan,0.012788391087441342,0.0,0.0,43,6177
105230,ip_addresses_sample,24,24,Mean,n_bytes,12002.417935854764,20.34883720929845,-0.07560071853978179,0.0,0.0,43,5967
105987,ip_addresses_sample,24,24,Mean,n_bytes,127.87812179664559,nan,0.011739460353580311,0.0,0.0,43,6461
107691,ip_addresses_sample,24,24,Mean,n_bytes,0.0,0.0,0.0,0.0,0.0,43,5963
109544,ip_addresses_sample,24,24,Mean,n_bytes,5778333.101881592,71.71381790582257,0.014335303762728846,0.0,0.0,43,1
112174,ip_addresses_sample,24,24,Mean,n_bytes,0.0,nan,0.0,0.0,0.0,43,5807
112978,ip_addresses_sample,24,24,Mean,n_bytes,96.0479239247027,nan,-0.06604358562943169,0.0,0.0010004043579101562,43,6654
112980,ip_addresses_sample,24,24,Mean,n_bytes,17.41025344630572,200.0,-0.04267701260912027,0.0,0.0,43,6691
117343,ip_addresses_sample,24,24,Mean,n_bytes,13516179.974225989,123.1570578963173,-0.04184992791269293,0.0,0.0,43,5448
118055,ip_addresses_sample,24,24,Mean,n_bytes,0.0,nan,0.0,0.0,0.0,43,6706
119651,ip_addresses_sample,24,24,Mean,n_bytes,2277.485937328059,66.44740671924393,-0.08529652009531108,0.0,0.0,43,71
120528,ip_addresses_sample,24,24,Mean,n_bytes,202636.10567947367,nan,-0.04276794238478687,0.0,0.0,43,5024
121596,ip_addresses_sample,24,24,Mean,n_bytes,45858278.28128432,111.55596874967956,-0.03284376622400109,0.0,0.0,43,2
121748,ip_addresses_sample,24,24,Mean,n_bytes,10618483.779908728,nan,-0.04295388307730752,0.0,0.0,43,5637
123675,ip_addresses_sample,24,24,Mean,n_bytes,14780585.075614227,84.36848410318751,-0.021499834325422462,0.0,0.0,43,5585
125740,ip_addresses_sample,24,24,Mean,n_bytes,1925468.4932349287,113.52331335275534,-0.009272906962121574,0.0,0.0,43,370
127696,ip_addresses_sample,24,24,Mean,n_bytes,1446505.9641308023,nan,-0.051379789614729665,0.0,0.0,43,5565
129579,ip_addresses_sample,24,24,Mean,n_bytes,175573.92327301824,nan,-0.04267701260911738,0.0,0.0,43,6518
130940,ip_addresses_sample,24,24,Mean,n_bytes,9128.57365558856,80.85113997856989,0.013730751595271706,0.0,0.0,43,16
132509,ip_addresses_sample,24,24,Mean,n_bytes,12396.90359234152,97.14490418031632,-0.05032530390564549,0.0,0.0,43,267
133643,ip_addresses_sample,24,24,Mean,n_bytes,1985001.7260614515,nan,-0.07584346485134463,0.0,0.0,43,6258
134220,ip_addresses_sample,24,24,Mean,n_bytes,7311846.863013049,190.61432887412923,-0.06073769927158201,0.0,0.0,43,5554
134267,ip_addresses_sample,24,24,Mean,n_bytes,2419954.3916125833,19.961240310077518,-0.12477931212729443,0.0,0.0,43,6433
134530,ip_addresses_sample,24,24,Mean,n_bytes,91909.63290683519,nan,-0.1287223531246895,0.0,0.0,43,6376
135165,ip_addresses_sample,24,24,Mean,n_bytes,0.0,0.0,0.0,0.0,0.0,43,6036
136502,ip_addresses_sample,24,24,Mean,n_bytes,0.0,nan,0.0,0.0,0.0,43,6024
137804,ip_addresses_sample,24,24,Mean,n_bytes,5028331.075618646,199.72950677562156,-0.045540202740257385,0.0,0.0,43,6240
138149,ip_addresses_sample,24,24,Mean,n_bytes,0.0,nan,0.0,0.0,0.0,43,6079
139177,ip_addresses_sample,24,24,Mean,n_bytes,939221.0136333442,180.16185248047324,0.00952839177154341,0.0,0.0,43,5750
142212,ip_addresses_sample,24,24,Mean,n_bytes,984027.4747384222,123.64838812413299,-0.054371203179583105,0.0,0.0,43,3808
142278,ip_addresses_sample,24,24,Mean,n_bytes,573678.7135450974,nan,-0.04290483168926862,0.0,0.0,43,5854
143746,ip_addresses_sample,24,24,Mean,n_bytes,26224524.728662845,166.35770450361585,-0.01829772977368238,0.0,0.0,43,2123
143940,ip_addresses_sample,24,24,Mean,n_bytes,4305.771335995952,nan,-0.043563160744217067,0.0,0.0,43,6606
144700,ip_addresses_sample,24,24,Mean,n_bytes,15475.477248677327,14.922480620154019,-0.10731507430487253,0.0,0.0,43,6239
147238,ip_addresses_sample,24,24,Mean,n_bytes,1324287.27448422,99.54811291808129,-0.055898151714772526,0.0,0.0,43,3974
148765,ip_addresses_sample,24,24,Mean,n_bytes,3.637978807091713e-12,200.0,0.0,0.0,0.0,43,6624
149504,ip_addresses_sample,24,24,Mean,n_bytes,251124.92609356475,65.02669433111774,-0.1542124496293964,0.0,0.0,43,339
149658,ip_addresses_sample,24,24,Mean,n_bytes,0.0,nan,0.0,0.0,0.0,43,6075
151737,ip_addresses_sample,24,24,Mean,n_bytes,643256.0947454856,nan,-0.053559283055070406,0.0,0.0,43,751
151800,ip_addresses_sample,24,24,Mean,n_bytes,2628204.2403088403,nan,-0.15988323814355998,0.0,0.0,43,5384
155199,ip_addresses_sample,24,24,Mean,n_bytes,1625771.7416057591,nan,-0.027306182925385336,0.0,0.0,43,5769
156573,ip_addresses_sample,24,24,Mean,n_bytes,17773192.31676437,95.27965519428221,-0.07156449648773955,0.0,0.0,43,1
156921,ip_addresses_sample,24,24,Mean,n_bytes,4047723.858773797,nan,-0.04286867602510691,0.0,0.0,43,2954
159656,ip_addresses_sample,24,24,Mean,n_bytes,4260004.896725998,nan,-0.042706884198796535,0.0,0.0,43,5379
159906,ip_addresses_sample,24,24,Mean,n_bytes,66.66966441903463,nan,-0.045768564840338755,0.0,0.0,43,6458
162142,ip_addresses_sample,24,24,Mean,n_bytes,12826437.074051945,nan,-0.039823623395136565,0.0,0.0,43,5709
162890,ip_addresses_sample,24,24,Mean,n_bytes,3717346.440878789,197.35164590693296,-0.04612422108724834,0.0,0.0,43,6236
163701,ip_addresses_sample,24,24,Mean,n_bytes,2121086.188497987,181.01617721524977,-0.030924732573676117,0.0,0.0,43,5840
164512,ip_addresses_sample,24,24,Mean,n_bytes,386719.3130542524,nan,-0.04283475399131165,0.0,0.0,43,2616
165515,ip_addresses_sample,24,24,Mean,n_bytes,471971.11026830925,nan,-0.06212811766569093,0.0,0.0,43,6205
165547,ip_addresses_sample,24,24,Mean,n_bytes,1280013.3978473118,nan,-0.04267701260911694,0.0,0.0,43,6465
168060,ip_addresses_sample,24,24,Mean,n_bytes,820175.890820157,197.79075741338147,-0.04236463028921844,0.0,0.0,43,5556
170329,ip_addresses_sample,24,24,Mean,n_bytes,5410938.287420625,nan,-0.05275647220179969,0.0,0.0,43,4845
170487,ip_addresses_sample,24,24,Mean,n_bytes,906.3584731259318,53.03680950075367,-0.0924379399040467,0.0,0.0,43,85
171452,ip_addresses_sample,24,24,Mean,n_bytes,4943684.354806415,82.61918479421232,-0.03236707951276552,0.0,0.0,43,8
172000,ip_addresses_sample,24,24,Mean,n_bytes,0.0,0.0,0.0,0.0,0.0,43,6347
173223,ip_addresses_sample,24,24,Mean,n_bytes,1557356.733266623,nan,-0.03866204356725933,0.0,0.0,43,6228
174611,ip_addresses_sample,24,24,Mean,n_bytes,1.1641532182693481e-10,66.66666666666666,0.0,0.0,0.0,43,5882
174909,ip_addresses_sample,24,24,Mean,n_bytes,420.0088987248662,58.402561890705066,0.05968095574294596,0.0,0.0,43,389
175742,ip_addresses_sample,24,24,Mean,n_bytes,149109.10072891638,110.86030295262252,-0.028438137308507416,0.0,0.0,43,734
175953,ip_addresses_sample,24,24,Mean,n_bytes,3869287.036986979,nan,-0.06521000591696802,0.0,0.0,43,4407
176312,ip_addresses_sample,24,24,Mean,n_bytes,102.36492170847605,nan,-0.04714404992503085,0.0,0.0,43,6653
176934,ip_addresses_sample,24,24,Mean,n_bytes,1310725.9275453445,nan,-0.04240100011877779,0.0,0.0,43,6296
181135,ip_addresses_sample,24,24,Mean,n_bytes,73357.35378063354,26.16279069767442,-0.0445884877092837,0.0,0.0,43,6489
182151,ip_addresses_sample,24,24,Mean,n_bytes,529.7884079772482,56.34694827384932,0.03138547264500002,0.0,0.0,43,409
182510,ip_addresses_sample,24,24,Mean,n_bytes,4007.882978183372,nan,-0.012355752948199683,0.0,0.0,43,6569
184652,ip_addresses_sample,24,24,Mean,n_bytes,1539165.2900557034,nan,-0.12200600024364738,0.0,0.0,43,6293
189220,ip_addresses_sample,24,24,Mean,n_bytes,48950.71536266982,199.5698716211669,0.01187205634541022,0.0,0.0,43,6169
189981,ip_addresses_sample,24,24,Mean,n_bytes,48040.81648972502,116.9668996992092,-0.035683421150807026,0.0,0.0,43,313
190755,ip_addresses_sample,24,24,Mean,n_bytes,115396.33625766417,nan,-0.09045217746862066,0.0,0.0,43,6075
191587,ip_addresses_sample,24,24,Mean,n_bytes,2267.3379156171145,52.609653439505664,0.005310380897863953,0.0,0.0,43,24
191769,ip_addresses_sample,24,24,Mean,n_bytes,0.0,nan,0.0,0.0,0.0,43,6703
192266,ip_addresses_sample,24,24,Mean,n_bytes,910.7385264042974,200.0,-0.04358210707128829,0.0,0.0,43,1897
194871,ip_addresses_sample,24,24,Mean,n_bytes,60225364.31394816,138.6521305633075,-0.04406524066546602,0.0,0.0,43,3657
195100,ip_addresses_sample,24,24,Mean,n_bytes,4206148.276689796,97.73628133905083,-0.0297707431476657,0.0,0.0,43,31
195801,ip_addresses_sample,24,24,Mean,n_bytes,0.0,nan,0.0,0.0,0.0,43,6082
196131,ip_addresses_sample,24,24,Mean,n_bytes,1233867.0659924322,nan,-0.08378450934088044,0.0,0.0,43,2188
204269,ip_addresses_sample,24,24,Mean,n_bytes,15876174.34085247,196.95178792224476,-0.04406465292845296,0.0,0.0,43,5894
206936,ip_addresses_sample,24,24,Mean,n_bytes,8689.169745948684,29.83880855344291,-0.06725736995513887,0.0,0.0,43,6410
210046,ip_addresses_sample,24,24,Mean,n_bytes,1717482.7424204536,nan,-0.05191361270948547,0.0,0.0,43,5980
210123,ip_addresses_sample,24,24,Mean,n_bytes,6703012.816902467,nan,-0.0063594857152331485,0.0,0.0,43,5702
210412,ip_addresses_sample,24,24,Mean,n_bytes,493.32633292847737,66.14214818466743,-0.011796345631143623,0.0,0.0,43,434
210628,ip_addresses_sample,24,24,Mean,n_bytes,0.0,nan,0.0,0.0,0.0,43,5925
211784,ip_addresses_sample,24,24,Mean,n_bytes,7.275957614183426e-12,200.0,0.0,0.0,0.0,43,6599
211973,ip_addresses_sample,24,24,Mean,n_bytes,11533519.945964294,nan,0.0032509590441474057,0.0,0.0,43,2578
212646,ip_addresses_sample,24,24,Mean,n_bytes,4629252.806138738,nan,-0.04596319415545769,0.0,0.0,43,5893
215374,ip_addresses_sample,24,24,Mean,n_bytes,5418610.894390033,nan,-0.0012887639779810556,0.0,0.0,43,3785
216556,ip_addresses_sample,24,24,Mean,n_bytes,0.0,nan,0.0,0.0,0.0,43,6597
217759,ip_addresses_sample,24,24,Mean,n_bytes,3609483.029978786,nan,-0.04452192966593005,0.0,0.0,43,4518
217937,ip_addresses_sample,24,24,Mean,n_bytes,3075405.743086117,nan,-0.03335124771268805,0.0,0.0,43,5796
218798,ip_addresses_sample,24,24,Mean,n_bytes,0.0,nan,0.0,0.0,0.0,43,3959
218837,ip_addresses_sample,24,24,Mean,n_bytes,727794.4069717189,nan,-0.05726180755763299,0.0,0.0,43,5993
220165,ip_addresses_sample,24,24,Mean,n_bytes,133.54754322592228,nan,-0.014318543391255156,0.0,0.0,43,6698
222414,ip_addresses_sample,24,24,Mean,n_bytes,315702.69209561945,199.88345769814808,-0.08819437781429085,0.0,0.0,43,6371
224502,ip_addresses_sample,24,24,Mean,n_bytes,0.0,nan,0.0,0.0,0.0005052089691162109,43,5955
225587,ip_addresses_sample,24,24,Mean,n_bytes,6332808.178484747,nan,-0.040646305124714344,0.0,0.0,43,6502
227025,ip_addresses_sample,24,24,Mean,n_bytes,12213.017742933638,194.9908641141882,-0.04515032744697978,0.0,0.0,43,6167
228029,ip_addresses_sample,24,24,Mean,n_bytes,47616.90688682866,nan,-0.02141875398094184,0.0,0.0,43,5966
228606,ip_addresses_sample,24,24,Mean,n_bytes,462.16597971425,nan,-0.042677012609117826,0.0,0.0,43,6708
229163,ip_addresses_sample,24,24,Mean,n_bytes,325.8386119439986,nan,-0.042677012609117604,0.0,0.0,43,6703
230257,ip_addresses_sample,24,24,Mean,n_bytes,13976.160085701576,nan,0.08487989842495869,0.0,0.0,43,4114
230535,ip_addresses_sample,24,24,Mean,n_bytes,463.37966143831767,52.38394743112891,0.09105960635872479,0.0,0.0,43,266
232476,ip_addresses_sample,24,24,Mean,n_bytes,2740153.184223637,190.78640403983948,-0.043077769154466594,0.0,0.0,43,5150
237694,ip_addresses_sample,24,24,Mean,n_bytes,0.0,nan,0.0,0.0,0.0,43,6221
237979,ip_addresses_sample,24,24,Mean,n_bytes,193441.02267323705,nan,-0.03943209419139837,0.0,0.0,43,6321
242764,ip_addresses_sample,24,24,Mean,n_bytes,14226.888648938142,84.48969621281131,0.016334317923612063,0.0,0.0,43,32
251908,ip_addresses_sample,24,24,Mean,n_bytes,0.0,nan,0.0,0.0,0.0,43,6044
252563,ip_addresses_sample,24,24,Mean,n_bytes,41.30489359018022,nan,-0.022991432591548122,0.0,0.0,43,6638
252575,ip_addresses_sample,24,24,Mean,n_bytes,6696.311010500179,45.40246928002207,-0.053629120400471963,0.0,0.0,43,13
254743,ip_addresses_sample,24,24,Mean,n_bytes,7951574.368351707,nan,-0.04181392104879089,0.0,0.0,43,5755
254996,ip_addresses_sample,24,24,Mean,n_bytes,2426434.9831829015,nan,0.029477630939132582,0.0,0.0,43,5646
256808,ip_addresses_sample,24,24,Mean,n_bytes,363292.38535604026,nan,-0.06997302409141382,0.0,0.0,43,6135
259860,ip_addresses_sample,24,24,Mean,n_bytes,41325.64153467998,80.60125592430236,-0.037290341588347875,0.0,0.0,43,1
261424,ip_addresses_sample,24,24,Mean,n_bytes,78461.21371772929,nan,-0.13454265189399894,0.0,0.0,43,6618
262580,ip_addresses_sample,24,24,Mean,n_bytes,32797.84324644131,nan,-0.03479090667771123,0.0,0.0,43,6397
266081,ip_addresses_sample,24,24,Mean,n_bytes,4141542.400644623,199.43298500233283,-0.03494803623508069,0.0,0.0,43,3696
266362,ip_addresses_sample,24,24,Mean,n_bytes,44089.832934836326,nan,-0.08531071690347103,0.0,0.0,43,6378
266980,ip_addresses_sample,24,24,Mean,n_bytes,21606993.70742771,nan,-0.07777396628756006,0.0,0.0,43,3230
268100,ip_addresses_sample,24,24,Mean,n_bytes,37538.138927196844,39.21621953610532,-0.7356243747418647,0.0,0.0,43,27
270281,ip_addresses_sample,24,24,Mean,n_bytes,2499327.351599266,96.71930651064886,-0.04278764676877911,0.0,0.0,43,6340
271079,ip_addresses_sample,24,24,Mean,n_bytes,343798.4335143783,40.01440583726553,0.008160547053109313,0.0,0.0,43,4317
272278,ip_addresses_sample,24,24,Mean,n_bytes,1695379.6085902008,146.03456713119607,-0.027266160421109742,0.0,0.0,43,3297
272968,ip_addresses_sample,24,24,Mean,n_bytes,4022714.3992562983,nan,-0.05895647393215975,0.0,0.0,43,5918
273306,ip_addresses_sample,24,24,Mean,n_bytes,64552.1972773796,nan,-0.09263765356244646,0.0,0.0,43,6346
273586,ip_addresses_sample,24,24,Mean,n_bytes,1186.9683022409952,nan,0.07274835424539094,0.0,0.0,43,5694
274101,ip_addresses_sample,24,24,Mean,n_bytes,0.0,nan,0.0,0.0,0.0,43,6220
275602,ip_addresses_sample,24,24,Mean,n_bytes,86841.38055512546,31.395348837208758,-0.12200719349959233,0.0,0.0,43,5918
277442,ip_addresses_sample,24,24,Mean,n_bytes,1276095.6563797789,nan,-0.039290918975970035,0.0,0.0,43,6206
279680,ip_addresses_sample,24,24,Mean,n_bytes,770.0801024698412,nan,-0.06332127032970547,0.0,0.0,43,5261
280995,ip_addresses_sample,24,24,Mean,n_bytes,17104216.580832306,34.45455379751101,0.0010160694590416464,0.0,0.0,43,5827
284159,ip_addresses_sample,24,24,Mean,n_bytes,1083414.1532090998,nan,-0.07563523325302501,0.0,0.0,43,6618
286145,ip_addresses_sample,24,24,Mean,n_bytes,0.0,nan,0.0,0.0,0.0,43,6705
287377,ip_addresses_sample,24,24,Mean,n_bytes,450059.0018811647,19.378967033611435,-0.02603188391743294,0.0,0.0,43,6702
290222,ip_addresses_sample,24,24,Mean,n_bytes,24791.402796280752,29.787933569135994,-0.024975362041096627,0.0,0.0,43,8
291833,ip_addresses_sample,24,24,Mean,n_bytes,12111444.89437951,nan,-0.024983093511777188,0.0,0.0,43,4588
292756,ip_addresses_sample,24,24,Mean,n_bytes,6338274.7806300055,nan,-0.05580126129018326,0.0,0.0,43,5220
293838,ip_addresses_sample,24,24,Mean,n_bytes,2185.7182895180526,131.10084599779051,-0.06316554365251492,0.0,0.0,43,2228
294201,ip_addresses_sample,24,24,Mean,n_bytes,7209749.85703013,nan,-0.04587930644919469,0.0,0.0,43,5801
294385,ip_addresses_sample,24,24,Mean,n_bytes,0.0,nan,0.0,0.0,0.0,43,6305
295922,ip_addresses_sample,24,24,Mean,n_bytes,418301.60134675953,199.9838064900834,-0.07608059391496647,0.0,0.0,43,6543
296195,ip_addresses_sample,24,24,Mean,n_bytes,1141.2326828379846,53.54952610983514,-0.0577153452151129,0.0,0.0,43,115
296975,ip_addresses_sample,24,24,Mean,n_bytes,0.0,nan,0.0,0.0,0.0,43,5874
299906,ip_addresses_sample,24,24,Mean,n_bytes,38479.843037090955,nan,-0.04541345962076604,0.0,0.0,43,6101
300547,ip_addresses_sample,24,24,Mean,n_bytes,619330.562237072,101.78562671270015,-0.0835682955307715,0.0,0.0,43,38
302026,ip_addresses_sample,24,24,Mean,n_bytes,1.1641532182693481e-10,200.0,0.0,0.0,0.0,43,5990
302806,ip_addresses_sample,24,24,Mean,n_bytes,6643062.111821649,nan,-0.0344516907476804,0.0,0.0,43,5354
303317,ip_addresses_sample,24,24,Mean,n_bytes,850.9737929914202,nan,-0.042677012609117604,0.0,0.0,43,6313
307400,ip_addresses_sample,24,24,Mean,n_bytes,4911337.236968425,nan,-0.08070327899287322,0.0,0.0,43,2726
309074,ip_addresses_sample,24,24,Mean,n_bytes,583.189618405392,200.0,-0.04368203021748185,0.0,0.0,43,6708
309720,ip_addresses_sample,24,24,Mean,n_bytes,4002878.6186124915,nan,-0.08572346392402164,0.0,0.0,43,6312
311610,ip_addresses_sample,24,24,Mean,n_bytes,923614.6767849196,nan,-0.052585998276093004,0.0,0.0,43,5823
314181,ip_addresses_sample,24,24,Mean,n_bytes,246804.55258948085,nan,-0.04521072513350455,0.0,0.0,43,1960
316980,ip_addresses_sample,24,24,Mean,n_bytes,125.75227878070461,nan,-0.04522191199664993,0.0,0.0,43,6524
318162,ip_addresses_sample,24,24,Mean,n_bytes,0.0,nan,0.0,0.0,0.0,43,5756
318186,ip_addresses_sample,24,24,Mean,n_bytes,2705776.552856933,nan,-0.03150344149731543,0.0,0.0,43,5965
319600,ip_addresses_sample,24,24,Mean,n_bytes,0.0,nan,0.0,0.0,0.0,43,5998
319675,ip_addresses_sample,24,24,Mean,n_bytes,31868969.22670525,nan,-0.045392771448321545,0.0,0.0,43,1440
321100,ip_addresses_sample,24,24,Mean,n_bytes,481.724334305369,59.19856974257417,0.057223023776793336,0.0,0.0,43,327
322161,ip_addresses_sample,24,24,Mean,n_bytes,50.991709454964685,nan,-0.042677012609117604,0.0,0.0,43,6693
322201,ip_addresses_sample,24,24,Mean,n_bytes,16898.255226759262,54.557439453488755,0.5219257509814083,0.0,0.0,43,74
324845,ip_addresses_sample,24,24,Mean,n_bytes,0.0,nan,0.0,0.0,0.0,43,6052
327367,ip_addresses_sample,24,24,Mean,n_bytes,618464.6288294801,196.38379520175744,-0.016261305252717184,0.0,0.0,43,5621
327749,ip_addresses_sample,24,24,Mean,n_bytes,13553575.15473418,nan,-0.03511318846874212,0.0,0.0,43,4633
328511,ip_addresses_sample,24,24,Mean,n_bytes,2.9103830456733704e-11,200.0,0.0,0.0,0.0,43,6609
328914,ip_addresses_sample,24,24,Mean,n_bytes,10278.843218202755,nan,-0.047154541526603255,0.0,0.0,43,3735
330012,ip_addresses_sample,24,24,Mean,n_bytes,12429.220450754134,108.68481710281782,-0.03398609335713054,0.0,0.0,43,469
334600,ip_addresses_sample,24,24,Mean,n_bytes,32201.266321915828,nan,-0.3268451912547021,0.0,0.0,43,5257
335003,ip_addresses_sample,24,24,Mean,n_bytes,8460.779534730336,200.0,-0.042677012609116716,0.0,0.0,43,6544
335577,ip_addresses_sample,24,24,Mean,n_bytes,3641407.876973504,nan,-0.007194627423979583,0.0,0.0,43,5668
335679,ip_addresses_sample,24,24,Mean,n_bytes,1583.3222204704873,nan,-0.019623863198727776,0.0,0.0,43,4840
336767,ip_addresses_sample,24,24,Mean,n_bytes,102314.85461670028,nan,-0.051577463610211316,0.0,0.0,43,6149
336915,ip_addresses_sample,24,24,Mean,n_bytes,5292945.305709002,nan,-0.03933066410944086,0.0,0.0,43,5988
338309,ip_addresses_sample,24,24,Mean,n_bytes,297320.4452478937,101.79018972820715,-0.029478828946673863,0.0,0.0,43,349
339100,ip_addresses_sample,24,24,Mean,n_bytes,1960195.0015778677,nan,-0.043223563874167814,0.0,0.0,43,6562
342339,ip_addresses_sample,24,24,Mean,n_bytes,442701.14035848633,63.0403435825028,-0.0969545984907445,0.0,0.0,43,5648
342342,ip_addresses_sample,24,24,Mean,n_bytes,29215.566681702865,199.84526956951913,-0.01775074061784432,0.0,0.0,43,6087
343418,ip_addresses_sample,24,24,Mean,n_bytes,0.0,nan,0.0,0.0,0.0,43,5964
345210,ip_addresses_sample,24,24,Mean,n_bytes,16444345.24720084,nan,-0.026255633391865985,0.0,0.0,43,2981
346507,ip_addresses_sample,24,24,Mean,n_bytes,2814343.8842170723,nan,-0.04617536012637591,0.0,0.0,43,6339
347498,ip_addresses_sample,24,24,Mean,n_bytes,4788.574171741727,nan,-0.04800168100156044,0.0,0.0,43,6455
350593,ip_addresses_sample,24,24,Mean,n_bytes,447.43650295472827,nan,0.003960106700163113,0.0,0.0,43,5923
351082,ip_addresses_sample,24,24,Mean,n_bytes,258048.0831083792,nan,-0.041760299888832675,0.0,0.0,43,5852
355332,ip_addresses_sample,24,24,Mean,n_bytes,32395441.471018046,nan,0.011400595741807629,0.0,0.0,43,4822
355502,ip_addresses_sample,24,24,Mean,n_bytes,5.820766091346741e-11,200.0,0.0,0.0,0.0,43,5999
355960,ip_addresses_sample,24,24,Mean,n_bytes,154.0793724152457,nan,-0.03367526006703758,0.0,0.0,43,6639
356244,ip_addresses_sample,24,24,Mean,n_bytes,4657909.575023394,nan,-0.0552796873230601,0.0,0.0,43,5198
358041,ip_addresses_sample,24,24,Mean,n_bytes,181515.44395179348,nan,-0.011965669873328588,0.0,0.0,43,6572
359221,ip_addresses_sample,24,24,Mean,n_bytes,2215005.228398414,nan,-0.011030485767358877,0.0,0.0,43,6169
360850,ip_addresses_sample,24,24,Mean,n_bytes,945801.2583345491,75.21864220656634,-0.03261924304519748,0.0,0.0,43,266
362327,ip_addresses_sample,24,24,Mean,n_bytes,1117471.30777883,nan,-0.049779903564981964,0.0,0.0,43,5656
363446,ip_addresses_sample,24,24,Mean,n_bytes,2772.5895103061835,60.78013220825316,-0.006267528101402409,0.0,0.0,43,108
367548,ip_addresses_sample,24,24,Mean,n_bytes,0.0,0.0,0.0,0.0,0.0,43,6011
368641,ip_addresses_sample,24,24,Mean,n_bytes,726.1034062813451,47.52063577981982,0.014718275944067716,0.0,0.0,43,107
369428,ip_addresses_sample,24,24,Mean,n_bytes,318.6457627099774,nan,0.0,0.0,0.0,43,6458
369833,ip_addresses_sample,24,24,Mean,n_bytes,4.547473508864641e-13,200.0,0.0,0.0,0.0,43,6171
369939,ip_addresses_sample,24,24,Mean,n_bytes,4102223.9945224645,nan,0.004561875595242348,0.0,0.0,43,5804
370378,ip_addresses_sample,24,24,Mean,n_bytes,0.0,nan,0.0,0.0,0.0,43,5924
376293,ip_addresses_sample,24,24,Mean,n_bytes,27104485.145987652,179.61463006793338,-0.0838879032335138,0.0,0.0,43,3663
377013,ip_addresses_sample,24,24,Mean,n_bytes,5428140.400438418,194.97396283707127,-0.03921183461004696,0.0,0.0,43,5816
377112,ip_addresses_sample,24,24,Mean,n_bytes,471773.8022187749,nan,-0.043846266847850535,0.0,0.0,43,5248
378176,ip_addresses_sample,24,24,Mean,n_bytes,10328291.414780568,nan,-0.039192955019854425,0.0,0.0,43,4569
378191,ip_addresses_sample,24,24,Mean,n_bytes,1093658.8404758398,nan,-0.028332633506877647,0.0,0.0,43,5653
378824,ip_addresses_sample,24,24,Mean,n_bytes,3268077.542721008,nan,-0.0462849686461273,0.0,0.0,43,5587
379493,ip_addresses_sample,24,24,Mean,n_bytes,4332521.961502768,80.66232728054233,-0.08514977806757673,0.0,0.0,43,3
381203,ip_addresses_sample,24,24,Mean,n_bytes,3203374.4773782003,nan,-0.01642415491443794,0.0,0.0,43,5901
381279,ip_addresses_sample,24,24,Mean,n_bytes,175473.08412331282,106.41330404327756,-0.013548528488148248,0.0,0.0,43,413
381622,ip_addresses_sample,24,24,Mean,n_bytes,0.0,nan,0.0,0.0,0.0,43,6118
382625,ip_addresses_sample,24,24,Mean,n_bytes,115164.86459998663,nan,-0.04596078388342728,0.0,0.0,43,6328
383810,ip_addresses_sample,24,24,Mean,n_bytes,390987.4204990181,nan,-0.07620102649234894,0.0,0.0,43,5743
384175,ip_addresses_sample,24,24,Mean,n_bytes,2971103.0693661305,93.00634618867858,-0.006841160322164974,0.0,0.0,43,5273
385558,ip_addresses_sample,24,24,Mean,n_bytes,576163.1938669101,nan,-0.058614602591139375,0.0,0.0,43,5274
386389,ip_addresses_sample,24,24,Mean,n_bytes,40302896.32473972,nan,-0.07484100370835378,0.0,0.0,43,5545
388174,ip_addresses_sample,24,24,Mean,n_bytes,0.0,nan,0.0,0.0,0.0,43,5828
389884,ip_addresses_sample,24,24,Mean,n_bytes,0.0,nan,0.0,0.0,0.0,43,6105
390980,ip_addresses_sample,24,24,Mean,n_bytes,239086.31133491383,199.16424388916016,-0.0489190526758676,0.0,0.0,43,6120
394150,ip_addresses_sample,24,24,Mean,n_bytes,480356.1272423054,nan,-0.03596066683688526,0.0,0.0,43,6545
395063,ip_addresses_sample,24,24,Mean,n_bytes,3064436.8865651563,nan,-0.03146221835558416,0.0,0.0,43,5338
395962,ip_addresses_sample,24,24,Mean,n_bytes,757832.6738271068,198.54937382723222,-0.0497340606092862,0.0,0.0,43,5835
398874,ip_addresses_sample,24,24,Mean,n_bytes,32563.92196821065,nan,-0.11110007820441425,0.0,0.0,43,6189
405441,ip_addresses_sample,24,24,Mean,n_bytes,3418171.9366928404,nan,-0.028566455827578885,0.0,0.0,43,849
405526,ip_addresses_sample,24,24,Mean,n_bytes,0.0,nan,0.0,0.0,0.0,43,6388
406306,ip_addresses_sample,24,24,Mean,n_bytes,1076477.6408733544,97.62932209894876,-0.03098946903841937,0.0,0.0,43,249
407623,ip_addresses_sample,24,24,Mean,n_bytes,986140.3130348031,nan,-0.06492368381807201,0.0,0.0,43,6405
411372,ip_addresses_sample,24,24,Mean,n_bytes,1291306.1884925743,nan,-0.05167272070341977,0.0,0.0,43,6317
411578,ip_addresses_sample,24,24,Mean,n_bytes,9872125.999052797,nan,-0.044918862850201524,0.0,0.0,43,5543
414123,ip_addresses_sample,24,24,Mean,n_bytes,0.0,nan,0.0,0.0,0.0,43,5968
421601,ip_addresses_sample,24,24,Mean,n_bytes,5.820766091346741e-11,200.0,0.0,0.0,0.0,43,6155
423393,ip_addresses_sample,24,24,Mean,n_bytes,2246890.838206411,195.14591381598956,0.040405297680703445,0.0,0.0,43,6403
423896,ip_addresses_sample,24,24,Mean,n_bytes,1531583.6109651572,nan,-0.05717326700011327,0.0,0.0009992122650146484,43,5790
426488,ip_addresses_sample,24,24,Mean,n_bytes,25283811.79933017,102.0752052259313,-0.02526604107996211,0.0,0.0,43,5785
426653,ip_addresses_sample,24,24,Mean,n_bytes,93758.28780586572,nan,-0.09792417749451898,0.0,0.0,43,6705
427500,ip_addresses_sample,24,24,Mean,n_bytes,647305.3110791001,96.87385145716225,-0.054562260946714236,0.0,0.0,43,2591
429754,ip_addresses_sample,24,24,Mean,n_bytes,3291452.641726009,nan,-0.04667877255363262,0.0,0.0,43,6372
430173,ip_addresses_sample,24,24,Mean,n_bytes,5152017.091388686,185.07094897735521,-0.03107816279772102,0.0,0.0,43,5325
433762,ip_addresses_sample,24,24,Mean,n_bytes,5750064.085944243,nan,-0.06655681209728792,0.0,0.0,43,5911
433920,ip_addresses_sample,24,24,Mean,n_bytes,6510034.466069627,nan,-0.013259175734146256,0.0,0.0009999275207519531,43,564
442236,ip_addresses_sample,24,24,Mean,n_bytes,136094.3451943989,142.2182676382056,-0.017120711208141515,0.0,0.0,43,4711
443967,ip_addresses_sample,24,24,Mean,n_bytes,3088.3652642670563,nan,-0.08426971616084966,0.0,0.001018524169921875,43,6021
445351,ip_addresses_sample,24,24,Mean,n_bytes,42554.542052993536,20.348837209302324,-0.05589942287798211,0.0,0.0,43,5957
445882,ip_addresses_sample,24,24,Mean,n_bytes,1162725.471973297,nan,-0.04507109629083983,0.0,0.0,43,5937
446563,ip_addresses_sample,24,24,Mean,n_bytes,657823.4715698751,nan,-0.04073732225073878,0.0,0.0,43,6120
449467,ip_addresses_sample,24,24,Mean,n_bytes,9146691.404838704,nan,-0.008258351687506105,0.0,0.000993490219116211,43,5606
450529,ip_addresses_sample,24,24,Mean,n_bytes,0.0,nan,0.0,0.0,0.0010223388671875,43,5690
450863,ip_addresses_sample,24,24,Mean,n_bytes,470.35232298330163,48.93757601830688,0.08169183304506067,0.0,0.0,43,280
450900,ip_addresses_sample,24,24,Mean,n_bytes,4176.577889435479,51.102070420871115,0.01537901804372277,0.0,0.0,43,3473
453366,ip_addresses_sample,24,24,Mean,n_bytes,110400.36592784344,15.31007751937905,-0.054803648200978605,0.0,0.0009996891021728516,43,5949
454046,ip_addresses_sample,24,24,Mean,n_bytes,1636385.2400705074,nan,-0.03997357540300195,0.0,0.0,43,4742
454454,ip_addresses_sample,24,24,Mean,n_bytes,0.0,nan,0.0,0.0,0.0,43,6031
457784,ip_addresses_sample,24,24,Mean,n_bytes,44.437440147766985,nan,-0.07228253119820649,0.0,0.0,43,6552
460129,ip_addresses_sample,24,24,Mean,n_bytes,3703500.2631037463,nan,-0.031504265947164045,0.0,0.0,43,5557
462951,ip_addresses_sample,24,24,Mean,n_bytes,1229.644430043847,nan,-0.1513037816456657,0.0,0.0,43,2771
466805,ip_addresses_sample,24,24,Mean,n_bytes,17619965.848107714,72.22120166721571,-0.056626834096106915,0.0,0.0,43,5535
467834,ip_addresses_sample,24,24,Mean,n_bytes,161.62866234452065,nan,-0.07004280926537065,0.0,0.0,43,6642
470862,ip_addresses_sample,24,24,Mean,n_bytes,3166608.0277503226,129.44692365226285,-0.028148409635305738,0.0,0.0,43,684
471658,ip_addresses_sample,24,24,Mean,n_bytes,5151185.2529113265,64.94046886311668,-0.043708835155831016,0.0,0.0,43,3323
473818,ip_addresses_sample,24,24,Mean,n_bytes,781.553133076921,56.701797160021485,-0.04064657208371414,0.0,0.0,43,91
474746,ip_addresses_sample,24,24,Mean,n_bytes,8.881784197001252e-16,200.0,0.0,0.0,0.0,43,6704
475413,ip_addresses_sample,24,24,Mean,n_bytes,1689121.772091447,29.64198466892195,-0.05234030386336985,0.0,0.0,43,6658
476311,ip_addresses_sample,24,24,Mean,n_bytes,0.0,nan,0.0,0.0,0.0,43,5821
476751,ip_addresses_sample,24,24,Mean,n_bytes,1314193.0131396858,158.1540579924726,-0.0457060934515614,0.0,0.0010004043579101562,43,839
477964,ip_addresses_sample,24,24,Mean,n_bytes,504.35931617034356,nan,-0.030443750778245127,0.0,0.0,43,6713
479584,ip_addresses_sample,24,24,Mean,n_bytes,430082.0935224742,113.99872886913678,-0.06345305208876373,0.0,0.0,43,110
479898,ip_addresses_sample,24,24,Mean,n_bytes,0.0,nan,0.0,0.0,0.0,43,6073
479987,ip_addresses_sample,24,24,Mean,n_bytes,54642.022908567495,nan,-0.0732618177464579,0.0,0.0,43,5786
482423,ip_addresses_sample,24,24,Mean,n_bytes,11701.974373770776,133.290466409631,-0.04649698759691301,0.0,0.0,43,3307
482558,ip_addresses_sample,24,24,Mean,n_bytes,260824.8616006745,73.76900955553015,-0.03203416784555335,0.0,0.0010046958923339844,43,3204
483796,ip_addresses_sample,24,24,Mean,n_bytes,396.4748548415663,56.19610269262952,0.06879303290013994,0.0,0.0,43,354
484622,ip_addresses_sample,24,24,Mean,n_bytes,3891197.865867707,nan,-0.0408297137216842,0.0,0.0,43,6092
484764,ip_addresses_sample,24,24,Mean,n_bytes,2285.170711115598,nan,-0.10768326309421017,0.0,0.0,43,6425
485160,ip_addresses_sample,24,24,Mean,n_bytes,5034142.566560751,nan,-0.037457982221081654,0.0,0.0,43,5659
485327,ip_addresses_sample,24,24,Mean,n_bytes,3888078.3153316136,nan,-0.010653179454483963,0.0,0.0009708404541015625,43,6080
486691,ip_addresses_sample,24,24,Mean,n_bytes,54823194.179717906,183.3341968775574,-0.03092165927580215,0.0,0.0,43,4402
487655,ip_addresses_sample,24,24,Mean,n_bytes,1060.7133899177056,nan,-0.21705944997734616,0.0,0.0,43,3607
487813,ip_addresses_sample,24,24,Mean,n_bytes,2973521.345485961,nan,-0.10362391267897753,0.0,0.0,43,6617
488414,ip_addresses_sample,24,24,Mean,n_bytes,6137372.085638086,nan,-0.028785746933916334,0.0,0.0019826889038085938,43,4074
488877,ip_addresses_sample,24,24,Mean,n_bytes,500721.850900622,169.0107619228085,-0.04409334267979692,0.0,0.0,43,3876
491563,ip_addresses_sample,24,24,Mean,n_bytes,19413.622251050736,nan,-0.012591003935362055,0.0,0.0,43,6366
494176,ip_addresses_sample,24,24,Mean,n_bytes,708484.392103583,199.99987651915498,-0.0018264202647664263,0.0,0.0,43,6098
497120,ip_addresses_sample,24,24,Mean,n_bytes,0.0,nan,0.0,0.0,0.0,43,5947
497796,ip_addresses_sample,24,24,Mean,n_bytes,2572695.3023842513,199.07196173402374,-0.023654897719886936,0.0,0.0,43,5481
498991,ip_addresses_sample,24,24,Mean,n_bytes,1032683.2688115459,nan,-0.06394134577233612,0.0,0.0,43,5845
499088,ip_addresses_sample,24,24,Mean,n_bytes,4079332.698323695,nan,-0.03597412585584481,0.0,0.0,43,5890
502550,ip_addresses_sample,24,24,Mean,n_bytes,1612495.3870389939,nan,-0.035737403997888606,0.0,0.0,43,6408
502760,ip_addresses_sample,24,24,Mean,n_bytes,0.0,nan,0.0,0.0,0.0010004043579101562,43,5969
508170,ip_addresses_sample,24,24,Mean,n_bytes,12153946.024777198,nan,-0.11887310973191001,0.0,0.0,43,5680
508180,ip_addresses_sample,24,24,Mean,n_bytes,791435.3295660202,199.83215730887844,-0.046141109770172495,0.0,0.0,43,6628
508635,ip_addresses_sample,24,24,Mean,n_bytes,50287.904715559205,168.26391576083063,-0.03969725592270912,0.0,0.0,43,3352
509608,ip_addresses_sample,24,24,Mean,n_bytes,0.0,nan,0.0,0.0,0.0,43,6515
511124,ip_addresses_sample,24,24,Mean,n_bytes,842.7837488892367,102.70532845117064,-0.04534217118618655,0.0,0.0,43,843
512788,ip_addresses_sample,24,24,Mean,n_bytes,3667505.3581946124,63.2831766772331,-0.03321968917028251,0.0,0.0,43,215
513511,ip_addresses_sample,24,24,Mean,n_bytes,6093473.674054003,174.58368095551975,-0.01792994344672927,0.0,0.0014200210571289062,43,5937
514728,ip_addresses_sample,24,24,Mean,n_bytes,26655189.499131486,nan,-0.05486962552215968,0.0,0.0,43,5045
515852,ip_addresses_sample,24,24,Mean,n_bytes,666877.5260947407,nan,-0.06326490097473991,0.0,0.0,43,5778
519492,ip_addresses_sample,24,24,Mean,n_bytes,292622.7054528109,nan,-0.08764899577072827,0.0,0.0,43,5984
519904,ip_addresses_sample,24,24,Mean,n_bytes,1571305.0077942926,50.89561378120984,-0.03952968990699035,0.0,0.0019927024841308594,43,5680
520007,ip_addresses_sample,24,24,Mean,n_bytes,0.0,nan,0.0,0.0,0.0,43,6408
520084,ip_addresses_sample,24,24,Mean,n_bytes,1826848.478723968,184.00430215934284,-0.04865501653293269,0.0,0.0,43,4846
524623,ip_addresses_sample,24,24,Mean,n_bytes,0.0,nan,0.0,0.0,0.0010769367218017578,43,6716
526150,ip_addresses_sample,24,24,Mean,n_bytes,11.850409736262746,nan,-0.04267701260910406,0.0,0.0,43,6678
527202,ip_addresses_sample,24,24,Mean,n_bytes,24572.33084584764,nan,-0.05848602633647926,0.0,0.0,43,5701
527630,ip_addresses_sample,24,24,Mean,n_bytes,0.0,nan,0.0,0.0,0.0,43,2749
528176,ip_addresses_sample,24,24,Mean,n_bytes,153505.5470951973,nan,-0.03819110390815794,0.0,0.0,43,5896
529692,ip_addresses_sample,24,24,Mean,n_bytes,1219.049601235709,9.883720930232558,-0.07308704421500667,0.0,0.0,43,6074
530234,ip_addresses_sample,24,24,Mean,n_bytes,58.797534579899,nan,-0.029140366650630467,0.0,0.0,43,6539
532881,ip_addresses_sample,24,24,Mean,n_bytes,3691032.246911485,81.99008269748525,-0.049391706721625406,0.0,0.0010080337524414062,43,5789
536473,ip_addresses_sample,24,24,Mean,n_bytes,739585.3044363371,nan,-0.026607589366688833,0.0,0.0,43,6644
537784,ip_addresses_sample,24,24,Mean,n_bytes,2199920.760293798,nan,-0.04275122463732828,0.0,0.001001596450805664,43,6339
537892,ip_addresses_sample,24,24,Mean,n_bytes,0.0,nan,0.0,0.0,0.0009932518005371094,43,6713
542865,ip_addresses_sample,24,24,Mean,n_bytes,2130269.849015544,nan,-0.050125599162338386,0.0,0.0,43,4827
546509,ip_addresses_sample,24,24,Mean,n_bytes,621.5586539398095,200.0,-0.044560825663842785,0.0,0.0,43,6706
547610,ip_addresses_sample,24,24,Mean,n_bytes,2811.2856725691026,143.5999349448047,-0.06578391427078056,0.0,0.0,43,2869
547843,ip_addresses_sample,24,24,Mean,n_bytes,234056.9839490771,198.20966215746805,-0.04740231928486027,0.0,0.0,43,4924
548514,ip_addresses_sample,24,24,Mean,n_bytes,0.0,0.0,0.0,0.0,0.0,43,6688
550700,ip_addresses_sample,24,24,Mean,n_bytes,0.0,nan,0.0,0.0,0.0,43,5978
553079,ip_addresses_sample,24,24,Mean,n_bytes,0.0,nan,0.0,0.0,0.0,43,6696
555861,ip_addresses_sample,24,24,Mean,n_bytes,0.0,0.0,0.0,0.0,0.0009953975677490234,43,6595
556273,ip_addresses_sample,24,24,Mean,n_bytes,0.0,0.0,0.0,0.0,0.0,43,6024
556848,ip_addresses_sample,24,24,Mean,n_bytes,384556.7518722194,nan,-0.10403674165946342,0.0,0.0,43,5521
557088,ip_addresses_sample,24,24,Mean,n_bytes,356.23119782424254,nan,-0.21408156986985327,0.0,0.0,43,5366
564287,ip_addresses_sample,24,24,Mean,n_bytes,5688.20958553406,79.74664405666726,-0.028142773961036927,0.0,0.0,43,675
565363,ip_addresses_sample,24,24,Mean,n_bytes,997586.2663793997,nan,-0.05735699855673593,0.0,0.0,43,5428
565727,ip_addresses_sample,24,24,Mean,n_bytes,134562662.77599618,69.6786928053422,-0.04264076405781814,0.0,0.00099945068359375,43,55
566752,ip_addresses_sample,24,24,Mean,n_bytes,53203745.67869185,nan,-0.04538243619947013,0.0,0.0,43,5114
568318,ip_addresses_sample,24,24,Mean,n_bytes,0.0,nan,0.0,0.0,0.0010035037994384766,43,3950
570506,ip_addresses_sample,24,24,Mean,n_bytes,199385.07098473934,nan,-0.005545576328558344,0.0,0.0010027885437011719,43,5034
570613,ip_addresses_sample,24,24,Mean,n_bytes,4629399.77644129,nan,-0.8873467731533069,0.0,0.0,43,5654
577065,ip_addresses_sample,24,24,Mean,n_bytes,442649.960647673,nan,-0.07240729983473027,0.0,0.0,43,6400
578610,ip_addresses_sample,24,24,Mean,n_bytes,263883.03596395144,200.0,-0.13650546279024822,0.0,0.0,43,6610
585393,ip_addresses_sample,24,24,Mean,n_bytes,963324.3122277366,nan,-0.053828085577814155,0.0,0.0,43,5375
587344,ip_addresses_sample,24,24,Mean,n_bytes,0.0,nan,0.0,0.0,0.0,43,6403
589852,ip_addresses_sample,24,24,Mean,n_bytes,2804.2263146681985,200.0,-0.04267701260911694,0.0,0.0009970664978027344,43,6553
590796,ip_addresses_sample,24,24,Mean,n_bytes,0.0,nan,0.0,0.0,0.0,43,5457
590832,ip_addresses_sample,24,24,Mean,n_bytes,10536.844855314426,nan,-0.06947765316028165,0.0,0.0,43,6206
590875,ip_addresses_sample,24,24,Mean,n_bytes,86939.88029216026,nan,-0.057333983997724935,0.0,0.0,43,6317
591764,ip_addresses_sample,24,24,Mean,n_bytes,8.881784197001252e-16,200.0,0.0,0.0,0.0,43,6713
593983,ip_addresses_sample,24,24,Mean,n_bytes,0.0,nan,0.0,0.0,0.0010018348693847656,43,5937
594145,ip_addresses_sample,24,24,Mean,n_bytes,338042.0417328777,nan,0.02554771795196109,0.0,0.0,43,4182
594703,ip_addresses_sample,24,24,Mean,n_bytes,361210.2782196244,nan,-0.08395844795906782,0.0,0.0,43,6339
599190,ip_addresses_sample,24,24,Mean,n_bytes,1610.428492214672,114.22900250681647,-0.20301076845662513,0.0,0.0,43,681
599828,ip_addresses_sample,24,24,Mean,n_bytes,442324.2262119667,nan,-0.20563628661484357,0.0,0.0,43,6530
603147,ip_addresses_sample,24,24,Mean,n_bytes,14354.676614428508,198.5888549189239,-0.041098221863035134,0.0,0.0010008811950683594,43,6014
605036,ip_addresses_sample,24,24,Mean,n_bytes,25746.671977186485,52.107691528931554,0.6643983898428609,0.0,0.0,43,2
606017,ip_addresses_sample,24,24,Mean,n_bytes,26723320.60650757,nan,-0.014290770578186951,0.0,0.0010199546813964844,43,4257
607197,ip_addresses_sample,24,24,Mean,n_bytes,353.556800608417,nan,-0.0030890412867712325,0.0,0.0009996891021728516,43,5315
608891,ip_addresses_sample,24,24,Mean,n_bytes,0.0,nan,0.0,0.0,0.0010056495666503906,43,6501
608968,ip_addresses_sample,24,24,Mean,n_bytes,1.1102230246251565e-16,200.0,0.0,0.0,0.0,43,6714
609094,ip_addresses_sample,24,24,Mean,n_bytes,681395.2734631781,nan,-0.0436411860433652,0.0,0.0,43,5987
611765,ip_addresses_sample,24,24,Mean,n_bytes,661944.181560553,nan,-0.044041752332863116,0.0,0.0009918212890625,43,6577
612051,ip_addresses_sample,24,24,Mean,n_bytes,401.4134420438463,72.28166441306753,0.041950150212573756,0.0,0.0010027885437011719,43,746
612150,ip_addresses_sample,24,24,Mean,n_bytes,858061.0747728884,71.7519722359652,-0.09620025947580535,0.0,0.0,43,265
615532,ip_addresses_sample,24,24,Mean,n_bytes,18.3046816281813,nan,-0.015291736319633431,0.0,0.0,43,5842
616143,ip_addresses_sample,24,24,Mean,n_bytes,10741.307913299366,nan,-0.056402502848740044,0.0,0.0,43,5294
617379,ip_addresses_sample,24,24,Mean,n_bytes,1487921.1573622257,137.44240620506196,-0.04473983768662282,0.0,0.0,43,1588
617662,ip_addresses_sample,24,24,Mean,n_bytes,282057310.61163455,86.5631147246597,-0.03898917182948547,0.0,0.0,43,15
619076,ip_addresses_sample,24,24,Mean,n_bytes,7708115.614134393,159.9473957631402,-0.03596406578152633,0.0,0.0,43,3203
619502,ip_addresses_sample,24,24,Mean,n_bytes,51.24587373885236,nan,-0.042677012609116494,0.0,0.0009310245513916016,43,6715
620676,ip_addresses_sample,24,24,Mean,n_bytes,13185.076099424601,nan,-0.013034109497759738,0.0,0.0009992122650146484,43,6076
624588,ip_addresses_sample,24,24,Mean,n_bytes,0.0,nan,0.0,0.0,0.0,43,6463
625121,ip_addresses_sample,24,24,Mean,n_bytes,1401060.0998482965,nan,0.0014551767185624342,0.0,0.0,43,5534
625257,ip_addresses_sample,24,24,Mean,n_bytes,44821.90158598262,28.73293935492997,-0.02846374080720193,0.0,0.0,43,6588
625568,ip_addresses_sample,24,24,Mean,n_bytes,124.51456127293808,nan,-0.0009699321047527132,0.0,0.0,43,6710
627210,ip_addresses_sample,24,24,Mean,n_bytes,50.9472382338511,199.35453826594417,-0.01734615204852341,0.0,0.0010061264038085938,43,6241
629496,ip_addresses_sample,24,24,Mean,n_bytes,36203.98584762521,nan,-0.043164500283450646,0.0,0.0,43,5782
630466,ip_addresses_sample,24,24,Mean,n_bytes,461297.56358851277,198.22379664602923,-0.014615442809308377,0.0,0.0,43,5005
632437,ip_addresses_sample,24,24,Mean,n_bytes,944.439665887459,111.92297477044151,-0.009083998003267979,0.0,0.0,43,2791
633752,ip_addresses_sample,24,24,Mean,n_bytes,47.07824370515278,nan,-0.05062079292496868,0.0,0.0,43,6512
634367,ip_addresses_sample,24,24,Mean,n_bytes,2761781.8527689297,198.95273206101965,-0.08345013591618189,0.0,0.0,43,5349
635778,ip_addresses_sample,24,24,Mean,n_bytes,5213611.806371077,nan,-0.0585239586173818,0.0,0.0009980201721191406,43,5719
636853,ip_addresses_sample,24,24,Mean,n_bytes,241853.76768338104,199.79211322409424,-0.04949938519185393,0.0,0.0,43,6094
638144,ip_addresses_sample,24,24,Mean,n_bytes,0.0,nan,0.0,0.0,0.0,43,6711
641515,ip_addresses_sample,24,24,Mean,n_bytes,1123786.0770200242,64.1274624930715,-0.05212387553889708,0.0,0.0,43,6263
644335,ip_addresses_sample,24,24,Mean,n_bytes,358.41293976702605,185.63668003736154,-0.014133656964312458,0.0,0.0,43,5172
649472,ip_addresses_sample,24,24,Mean,n_bytes,32037.563107221504,nan,-0.032262913938377435,0.0,0.0,43,6384
650373,ip_addresses_sample,24,24,Mean,n_bytes,5195589.49589211,nan,-0.060185789464421546,0.0,0.0,43,3925
650409,ip_addresses_sample,24,24,Mean,n_bytes,3183360.3715494424,nan,-0.04343958768782952,0.0,0.0,43,5424
650976,ip_addresses_sample,24,24,Mean,n_bytes,889178.2034416967,nan,-0.046177359172208776,0.0,0.0,43,5978
651026,ip_addresses_sample,24,24,Mean,n_bytes,3523144.033008915,nan,-0.04444410006516275,0.0,0.0,43,6080
652085,ip_addresses_sample,24,24,Mean,n_bytes,345425.28675419616,199.44708184435882,-0.0018516995743111941,0.0,0.0,43,6693
652805,ip_addresses_sample,24,24,Mean,n_bytes,0.0,nan,0.0,0.0,0.0,43,6712
656467,ip_addresses_sample,24,24,Mean,n_bytes,0.0,nan,0.0,0.0,0.0,43,6081
656543,ip_addresses_sample,24,24,Mean,n_bytes,1169350.9534644056,nan,-0.04217849266737983,0.0,0.0,43,5759
657258,ip_addresses_sample,24,24,Mean,n_bytes,439492.8041860068,nan,-0.058526564272816106,0.0,0.0,43,5918
658688,ip_addresses_sample,24,24,Mean,n_bytes,378857.9260049993,nan,-0.049108900336526595,0.0,0.0,43,6337
659213,ip_addresses_sample,24,24,Mean,n_bytes,8046629.78996847,138.8433111563446,-0.0425051165497059,0.0,0.0,43,159
663507,ip_addresses_sample,24,24,Mean,n_bytes,4488359.744727752,nan,-0.05082512751027224,0.0,0.0,43,4623
664103,ip_addresses_sample,24,24,Mean,n_bytes,6528019.957046029,135.8023093905743,-0.033143593468089705,0.0,0.0,43,5171
664990,ip_addresses_sample,24,24,Mean,n_bytes,0.0,nan,0.0,0.0,0.0,43,6690
665198,ip_addresses_sample,24,24,Mean,n_bytes,13537084.66498963,nan,-0.04214826055912635,0.0,0.0009951591491699219,43,5606
666015,ip_addresses_sample,24,24,Mean,n_bytes,7338873.971189331,nan,-0.049398380057364966,0.0,0.0,43,6048
666113,ip_addresses_sample,24,24,Mean,n_bytes,1.1368683772161603e-13,200.0,0.0,0.0,0.0,43,6622
666120,ip_addresses_sample,24,24,Mean,n_bytes,223.41040553726583,nan,-0.04267701260911738,0.0,0.0,43,6668
667444,ip_addresses_sample,24,24,Mean,n_bytes,15242226.376688018,nan,-0.04285012254114351,0.0,0.0,43,5868
669244,ip_addresses_sample,24,24,Mean,n_bytes,376574.49122821493,nan,-0.08188864351289538,0.0,0.0,43,6466
674306,ip_addresses_sample,24,24,Mean,n_bytes,6349.498942138227,199.35075997642338,-0.03557928993676884,0.0,0.0,43,5936
676318,ip_addresses_sample,24,24,Mean,n_bytes,153671.8763108745,nan,-0.14290648496727276,0.0,0.0010080337524414062,43,5808
677144,ip_addresses_sample,24,24,Mean,n_bytes,22805.04624494704,92.44976780137549,-0.061215842742845084,0.0,0.0,43,673
678031,ip_addresses_sample,24,24,Mean,n_bytes,390544.931986738,nan,-0.05434434029567381,0.0,0.0,43,5997
679525,ip_addresses_sample,24,24,Mean,n_bytes,1635.355179669192,197.16999773052356,-0.04289691831861142,0.0,0.0,43,3774
680307,ip_addresses_sample,24,24,Mean,n_bytes,36.99101663502271,nan,-0.19408563352441854,0.0,0.0,43,6619
682759,ip_addresses_sample,24,24,Mean,n_bytes,0.0,nan,0.0,0.0,0.0,43,6346
685925,ip_addresses_sample,24,24,Mean,n_bytes,20222.318874838016,200.0,-0.11029475233712427,0.0,0.0,43,5993
691312,ip_addresses_sample,24,24,Mean,n_bytes,7013099.813471639,nan,-0.06335677748541313,0.0,0.0009906291961669922,43,6259
695822,ip_addresses_sample,24,24,Mean,n_bytes,4795288.116113311,nan,-0.04243270306849922,0.0,0.0,43,6312
696037,ip_addresses_sample,24,24,Mean,n_bytes,0.0,nan,0.0,0.0,0.0,43,6376
697168,ip_addresses_sample,24,24,Mean,n_bytes,519749.3403775422,nan,-0.05154731094974774,0.0,0.0,43,6062
697388,ip_addresses_sample,24,24,Mean,n_bytes,50665393.80689021,nan,-0.05572764530891128,0.0,0.0,43,5397
702295,ip_addresses_sample,24,24,Mean,n_bytes,48040.39394669676,28.559827268713967,-0.039108715473538114,0.0,0.000988006591796875,43,5945
703472,ip_addresses_sample,24,24,Mean,n_bytes,7093811.900504237,94.9572646273219,-0.0763442893196018,0.0,0.0009965896606445312,43,5775
704060,ip_addresses_sample,24,24,Mean,n_bytes,1945.6645888810615,199.99976760709293,-0.043592938644232415,0.0,0.0,43,6450
704540,ip_addresses_sample,24,24,Mean,n_bytes,849.4916752188628,nan,-0.12140932326973952,0.0,0.0009970664978027344,43,6099
706508,ip_addresses_sample,24,24,Mean,n_bytes,259379.96720660888,nan,-0.03696604216961474,0.0,0.0,43,5476
710570,ip_addresses_sample,24,24,Mean,n_bytes,2372007.36723476,nan,0.006428971472851375,0.0,0.00199127197265625,43,1722
714127,ip_addresses_sample,24,24,Mean,n_bytes,5031264.488616397,195.1945079339064,0.059219909545455196,0.0,0.0,43,5420
715837,ip_addresses_sample,24,24,Mean,n_bytes,13662761.726435864,192.28966394366708,-0.06897773783538352,0.0,0.0,43,5422
716292,ip_addresses_sample,24,24,Mean,n_bytes,519845.4342371176,nan,-0.04796114299960075,0.0,0.0009729862213134766,43,5673
720439,ip_addresses_sample,24,24,Mean,n_bytes,0.0,nan,0.0,0.0,0.0,43,5295
722293,ip_addresses_sample,24,24,Mean,n_bytes,976488.875016697,37.17887239738174,-0.04485935075232117,0.0,0.0009558200836181641,43,6204
723827,ip_addresses_sample,24,24,Mean,n_bytes,6727707.00360825,196.61567399768592,-0.05214941194088274,0.0,0.0009484291076660156,43,5423
724301,ip_addresses_sample,24,24,Mean,n_bytes,104.7792260326938,200.0,-0.04267701260911805,0.0,0.0,43,6696
724720,ip_addresses_sample,24,24,Mean,n_bytes,0.0,nan,0.0,0.0,0.0,43,6693
725441,ip_addresses_sample,24,24,Mean,n_bytes,2227511.8124693027,nan,-0.028012460882777424,0.0,0.0,43,5601
728704,ip_addresses_sample,24,24,Mean,n_bytes,611157.7073060549,nan,-0.05201637536237946,0.0,0.0,43,5594
731771,ip_addresses_sample,24,24,Mean,n_bytes,151.4124735972986,nan,-0.05392463621750898,0.0,0.0,43,6626
732496,ip_addresses_sample,24,24,Mean,n_bytes,1.1641532182693481e-10,200.0,0.0,0.0,0.0,43,5863
737053,ip_addresses_sample,24,24,Mean,n_bytes,0.0,nan,0.0,0.0,0.0,43,5591
737244,ip_addresses_sample,24,24,Mean,n_bytes,36697472.85224847,nan,-0.06955118889326428,0.0,0.001998424530029297,43,5107
738315,ip_addresses_sample,24,24,Mean,n_bytes,2149471.5904124407,nan,0.03360544757327255,0.0,0.0,43,5785
740343,ip_addresses_sample,24,24,Mean,n_bytes,315.4245607186003,nan,-0.03706606061264117,0.0,0.0009987354278564453,43,6147
741902,ip_addresses_sample,24,24,Mean,n_bytes,306962.96750441485,35.27183457643214,-0.01904799046735106,0.0,0.0009412765502929688,43,6170
741913,ip_addresses_sample,24,24,Mean,n_bytes,13911.552865196765,nan,-0.16498793595384376,0.0,0.0,43,5591
745464,ip_addresses_sample,24,24,Mean,n_bytes,113.73420645958839,nan,-0.049429751913811604,0.0,0.0,43,6699
745827,ip_addresses_sample,24,24,Mean,n_bytes,67039.02307869626,76.38326114827282,-0.04608319744473177,0.0,0.0009946823120117188,43,17
747475,ip_addresses_sample,24,24,Mean,n_bytes,1534.8613944725591,nan,-0.017743255518464673,0.0,0.0,43,6666
747868,ip_addresses_sample,24,24,Mean,n_bytes,556069.6932086655,nan,-0.042735504757690945,0.0,0.0009949207305908203,43,2411
748237,ip_addresses_sample,24,24,Mean,n_bytes,2874136.4705831944,nan,-0.054256681866732936,0.0,0.0,43,5897
751896,ip_addresses_sample,24,24,Mean,n_bytes,171.74450354917911,nan,-0.04307276243155145,0.0,0.0,43,6710
753178,ip_addresses_sample,24,24,Mean,n_bytes,4326337.338091923,nan,-0.005943088347528214,0.0,0.0,43,6373
753601,ip_addresses_sample,24,24,Mean,n_bytes,53452.722338340864,nan,-0.04256211187108527,0.0,0.0,43,5471
754486,ip_addresses_sample,24,24,Mean,n_bytes,0.0,nan,0.0,0.0,0.0,43,6217
756220,ip_addresses_sample,24,24,Mean,n_bytes,8439999.664052535,103.17017216090636,-0.07457998736369209,0.0,0.0009987354278564453,43,203
756917,ip_addresses_sample,24,24,Mean,n_bytes,958872.9120472304,189.03785022976737,-0.057889750762432746,0.0,0.0009546279907226562,43,5811
757760,ip_addresses_sample,24,24,Mean,n_bytes,4192.229671747471,nan,-0.04305830409047262,0.0,0.0,43,6625
758759,ip_addresses_sample,24,24,Mean,n_bytes,336557.42481065216,199.64983316207437,-0.0502657086779037,0.0,0.001003265380859375,43,5751
760519,ip_addresses_sample,24,24,Mean,n_bytes,5282682.674391884,nan,-0.006979050752800253,0.0,0.0009989738464355469,43,5992
766771,ip_addresses_sample,24,24,Mean,n_bytes,18808.163882912108,nan,-0.09724569980817166,0.0,0.0,43,5812
767038,ip_addresses_sample,24,24,Mean,n_bytes,742927.1691655291,nan,-0.05453133174633895,0.0,0.0,43,5998
769752,ip_addresses_sample,24,24,Mean,n_bytes,13233454.086886568,nan,-0.056630462122156056,0.0,0.0,43,6027
770926,ip_addresses_sample,24,24,Mean,n_bytes,1016300.9685530693,169.9730448289235,-0.04273398546574558,0.0,0.0,43,4046
772087,ip_addresses_sample,24,24,Mean,n_bytes,10376777.741776057,109.91903698250727,-0.0435686151469139,0.0,0.0,43,6036
773216,ip_addresses_sample,24,24,Mean,n_bytes,1349161.9433785975,nan,-0.042836197400289766,0.0,0.0,43,6388
773340,ip_addresses_sample,24,24,Mean,n_bytes,4643796.60988827,nan,-0.05316870854025302,0.0,0.0010018348693847656,43,5366
774906,ip_addresses_sample,24,24,Mean,n_bytes,251614.61721064444,nan,-0.06961223086491741,0.0,0.0,43,6508
776124,ip_addresses_sample,24,24,Mean,n_bytes,125.50492207525679,nan,-0.03207062242619685,0.0,0.0,43,6485
777492,ip_addresses_sample,24,24,Mean,n_bytes,1394221.3211498817,nan,-0.054072906964314216,0.0,0.0009953975677490234,43,4812
777928,ip_addresses_sample,24,24,Mean,n_bytes,677.6837738051183,121.98200362733165,0.008171258086970279,0.0,0.0,43,1503
781973,ip_addresses_sample,24,24,Mean,n_bytes,486037.35459787195,145.4846005225042,-0.04212734172623045,0.0,0.001001119613647461,43,1741
782264,ip_addresses_sample,24,24,Mean,n_bytes,571056.1177327088,nan,-0.13112480398177384,0.0,0.0,43,5725
782610,ip_addresses_sample,24,24,Mean,n_bytes,0.0,nan,0.0,0.0,0.0,43,5930
783215,ip_addresses_sample,24,24,Mean,n_bytes,84753.21307976014,nan,-0.016593437951489376,0.0,0.0010001659393310547,43,615
783360,ip_addresses_sample,24,24,Mean,n_bytes,697139.1529194363,nan,-0.02236225462951902,0.0,0.0010051727294921875,43,5752
787562,ip_addresses_sample,24,24,Mean,n_bytes,7020896.123973786,141.36450590077283,-0.04757040605387641,0.0,0.0,43,4031
789372,ip_addresses_sample,24,24,Mean,n_bytes,2.3283064365386963e-10,200.0,0.0,0.0,0.001003265380859375,43,5907
790785,ip_addresses_sample,24,24,Mean,n_bytes,277217.65866090514,nan,-0.02299829650375429,0.0,0.0,43,6550
790821,ip_addresses_sample,24,24,Mean,n_bytes,3803955.60969168,nan,-0.044059604935313246,0.0,0.0,43,5499
791820,ip_addresses_sample,24,24,Mean,n_bytes,0.0,nan,0.0,0.0,0.0,43,6711
792059,ip_addresses_sample,24,24,Mean,n_bytes,10293481.6963159,153.72189219713462,-0.03469522890546606,0.0,0.0010023117065429688,43,236
792282,ip_addresses_sample,24,24,Mean,n_bytes,134.7342637436791,nan,-0.05410273531836873,0.0,0.0,43,6397
795876,ip_addresses_sample,24,24,Mean,n_bytes,83162.67900468475,nan,-0.08300984298626468,0.0,0.0,43,6528
797312,ip_addresses_sample,24,24,Mean,n_bytes,780.2686361384415,157.7822421159523,-0.09225895084369684,0.0,0.0,43,2399
802368,ip_addresses_sample,24,24,Mean,n_bytes,3376628.9717210135,nan,-0.043634654778127224,0.0,0.0,43,6328
802404,ip_addresses_sample,24,24,Mean,n_bytes,7220774.164142813,nan,-0.08457851430432894,0.0,0.0,43,5767
805587,ip_addresses_sample,24,24,Mean,n_bytes,0.0,nan,0.0,0.0,0.0,43,5982
805691,ip_addresses_sample,24,24,Mean,n_bytes,0.0,nan,0.0,0.0,0.0,43,5878
807503,ip_addresses_sample,24,24,Mean,n_bytes,12159.53980311735,nan,-0.08600597475247485,0.0,0.0,43,6048
808002,ip_addresses_sample,24,24,Mean,n_bytes,108.84292174216978,199.29831580455613,-0.04968289159682793,0.0,0.0,43,6491
810210,ip_addresses_sample,24,24,Mean,n_bytes,416.53997337423044,75.6518913405264,0.019698023537574216,0.0,0.0,43,781
811185,ip_addresses_sample,24,24,Mean,n_bytes,18832.287080496924,80.73373979787716,0.0187028305824819,0.0,0.0,43,182
811972,ip_addresses_sample,24,24,Mean,n_bytes,41154.5719334491,nan,-0.03888685943317993,0.0,0.0,43,5872
813814,ip_addresses_sample,24,24,Mean,n_bytes,2943610.0870924396,142.7264082851833,0.024279536487109565,0.0,0.0,43,3693
818808,ip_addresses_sample,24,24,Mean,n_bytes,11242138.384093992,nan,-0.05677604971842509,0.0,0.0,43,4445
820693,ip_addresses_sample,24,24,Mean,n_bytes,1115130.7928117309,34.320028701360364,-0.06853740263012953,0.0,0.0,43,6312
821084,ip_addresses_sample,24,24,Mean,n_bytes,8743158.21146388,nan,-0.028403887633077884,0.0,0.0,43,5263
827750,ip_addresses_sample,24,24,Mean,n_bytes,472744.708010446,nan,-0.05005072767361285,0.0,0.0,43,5190
828022,ip_addresses_sample,24,24,Mean,n_bytes,3776.90485024706,200.0,-0.04413243128009037,0.0,0.0,43,6426
828433,ip_addresses_sample,24,24,Mean,n_bytes,144.9567745537203,199.97630717689879,-0.05618217355941013,0.0,0.0,43,6631
828566,ip_addresses_sample,24,24,Mean,n_bytes,3364685.964328633,nan,-0.06263721959059221,0.0,0.0,43,6341
833287,ip_addresses_sample,24,24,Mean,n_bytes,127013.26415210355,nan,-0.12680728471858882,0.0,0.0,43,6410
834812,ip_addresses_sample,24,24,Mean,n_bytes,66341.07180536717,4.844961240310078,-0.04267701260911738,0.0,0.0,43,6687
837101,ip_addresses_sample,24,24,Mean,n_bytes,4171761.2977404413,137.72302916126,-0.0443439155003178,0.0,0.0,43,5256
837876,ip_addresses_sample,24,24,Mean,n_bytes,7638071.182698438,nan,-0.07872185074801585,0.0,0.0,43,6002
838232,ip_addresses_sample,24,24,Mean,n_bytes,1832338.5718271139,nan,0.06013993966087405,0.0,0.0,43,6415
838815,ip_addresses_sample,24,24,Mean,n_bytes,1791720.1987715985,nan,-0.04477199198994741,0.0,0.0,43,5736
839542,ip_addresses_sample,24,24,Mean,n_bytes,5222650.2053155955,nan,-0.04162357195123367,0.0,0.0,43,4858
840480,ip_addresses_sample,24,24,Mean,n_bytes,106.89900847793626,nan,0.02723599981542746,0.0,0.0,43,6262
841082,ip_addresses_sample,24,24,Mean,n_bytes,11031519.5094654,nan,-0.03810783993312383,0.0,0.0,43,5216
845553,ip_addresses_sample,24,24,Mean,n_bytes,90392.45189633186,nan,-0.06519663030177081,0.0,0.0,43,6152
847240,ip_addresses_sample,24,24,Mean,n_bytes,3957.71560913376,nan,-0.061520535130146436,0.0,0.0,43,6363
848885,ip_addresses_sample,24,24,Mean,n_bytes,46.23250463493331,nan,-0.04439420763565849,0.0,0.0,43,6671
849128,ip_addresses_sample,24,24,Mean,n_bytes,2704182.8105161884,nan,-0.04284261247178578,0.0,0.0,43,5203
849787,ip_addresses_sample,24,24,Mean,n_bytes,0.0,nan,0.0,0.0,0.0,43,6694
851199,ip_addresses_sample,24,24,Mean,n_bytes,334.9892146654627,nan,-0.04327973115698347,0.0,0.0,43,6713
851368,ip_addresses_sample,24,24,Mean,n_bytes,1585552.3157017461,197.91910989075993,-0.05967791886774476,0.0,0.0,43,6577
1488443,ip_addresses_sample,24,24,Mean,n_bytes,2144480.5371550135,nan,-0.05498270350476253,0.0,0.0,43,6557
1489157,ip_addresses_sample,24,24,Mean,n_bytes,737847.7599677147,24.95801663942557,-0.03713897766569563,0.0,0.0,43,6588
1489667,ip_addresses_sample,24,24,Mean,n_bytes,258.5425704592265,nan,-0.044710904023155695,0.0,0.0,43,6712
1489910,ip_addresses_sample,24,24,Mean,n_bytes,0.0,nan,0.0,0.0,0.0010001659393310547,43,6666
1490141,ip_addresses_sample,24,24,Mean,n_bytes,3212262.9871408106,nan,-0.025088674396643196,0.0,0.0,43,6600
1490521,ip_addresses_sample,24,24,Mean,n_bytes,4571281.387657966,100.35468367020034,-0.061291686611289586,0.0,0.0,43,1
1492124,ip_addresses_sample,24,24,Mean,n_bytes,15194848.399384521,199.91569241180088,-0.08674044107803147,0.0,0.0,43,6018
1494615,ip_addresses_sample,24,24,Mean,n_bytes,451.1297748144767,9.689922480620156,-0.043607950787653005,0.0,0.0,43,6559
1495966,ip_addresses_sample,24,24,Mean,n_bytes,2217446.4860554896,nan,-0.04747750062444367,0.0,0.0,43,5561
1496013,ip_addresses_sample,24,24,Mean,n_bytes,4474348.274118067,nan,-0.0753154907535607,0.0,0.0,43,6688
1498142,ip_addresses_sample,24,24,Mean,n_bytes,1918506.5652173643,198.5074400424504,-0.014652871340968154,0.0,0.0,43,6560
1502881,ip_addresses_sample,24,24,Mean,n_bytes,860278.9062772252,nan,-0.042677012609117604,0.0,0.0009961128234863281,43,6690
1504925,ip_addresses_sample,24,24,Mean,n_bytes,2681820.3105872367,nan,-0.04375468428909857,0.0,0.0,43,6526
1508962,ip_addresses_sample,24,24,Mean,n_bytes,1786670.704001971,nan,-0.09139388161380246,0.0,0.0,43,3269
1508996,ip_addresses_sample,24,24,Mean,n_bytes,75314.17619717047,nan,-0.050417534837650546,0.0,0.0,43,6432
1509122,ip_addresses_sample,24,24,Mean,n_bytes,0.0,nan,0.0,0.0,0.0,43,6366
1509561,ip_addresses_sample,24,24,Mean,n_bytes,81645.34319571019,nan,-0.03880239344991776,0.0,0.0,43,6681
1510226,ip_addresses_sample,24,24,Mean,n_bytes,26609.809695959724,nan,-0.09100671058299303,0.0,0.0,43,6698
1512545,ip_addresses_sample,24,24,Mean,n_bytes,890731.1149122254,6.007751937984496,-0.0016327202906756266,0.0,0.0,43,6661
1512833,ip_addresses_sample,24,24,Mean,n_bytes,0.0,nan,0.0,0.0,0.0,43,6023
1513927,ip_addresses_sample,24,24,Mean,n_bytes,697.6064768274646,nan,-0.04460892616794432,0.0,0.0,43,6713
1516753,ip_addresses_sample,24,24,Mean,n_bytes,244.6841034502776,nan,-0.042817197655491634,0.0,0.0,43,6712
1517683,ip_addresses_sample,24,24,Mean,n_bytes,100.77613856146293,nan,-0.04267701260911694,0.0,0.0,43,6715
1520617,ip_addresses_sample,24,24,Mean,n_bytes,94.0568889597573,nan,-0.039450560080283026,0.0,0.0,43,6636
1523377,ip_addresses_sample,24,24,Mean,n_bytes,203395.23994024284,nan,-0.043382633084600775,0.0,0.0,43,6681
1523783,ip_addresses_sample,24,24,Mean,n_bytes,1866406.61070848,nan,-0.02776042272693524,0.0,0.0,43,6511
1524388,ip_addresses_sample,24,24,Mean,n_bytes,50817.02896836446,nan,-0.09121917758247555,0.0,0.0,43,5348
1527342,ip_addresses_sample,24,24,Mean,n_bytes,0.0,0.0,0.0,0.0,0.0,43,6554
1528034,ip_addresses_sample,24,24,Mean,n_bytes,0.0,nan,0.0,0.0,0.0,43,6707
1530904,ip_addresses_sample,24,24,Mean,n_bytes,22505900.314281553,193.95367792677183,-0.037605555400124446,0.0,0.0,43,6341
1531823,ip_addresses_sample,24,24,Mean,n_bytes,4798326.416308507,nan,-0.026763880291164277,0.0,0.0,43,6564
1532026,ip_addresses_sample,24,24,Mean,n_bytes,12343503.12211773,197.0398427850276,-0.015763816315097046,0.0,0.0,43,4945
1535285,ip_addresses_sample,24,24,Mean,n_bytes,274.2750328502867,nan,-0.042677012609118714,0.0,0.0,43,6651
1536107,ip_addresses_sample,24,24,Mean,n_bytes,437456.093175653,nan,-0.052351913142727025,0.0,0.0,43,6370
1537106,ip_addresses_sample,24,24,Mean,n_bytes,138.52403250831327,nan,-0.037901950188236055,0.0,0.0,43,6614
1538089,ip_addresses_sample,24,24,Mean,n_bytes,28579367.918211617,nan,-0.039159566042398675,0.0,0.0,43,5352
1540670,ip_addresses_sample,24,24,Mean,n_bytes,0.0,nan,0.0,0.0,0.0,43,6641
1541134,ip_addresses_sample,24,24,Mean,n_bytes,131344.08093715998,33.91826920992774,-0.041699093437346235,0.0,0.0,43,6666
1541414,ip_addresses_sample,24,24,Mean,n_bytes,27818.175854754067,nan,-0.11577902173456578,0.0,0.0,43,6590
1544651,ip_addresses_sample,24,24,Mean,n_bytes,2.3283064365386963e-10,66.66666666666666,0.0,0.0,0.0,43,3046
1545824,ip_addresses_sample,24,24,Mean,n_bytes,277.8333328247141,nan,-0.042677012609116716,0.0,0.0,43,6715
1548362,ip_addresses_sample,24,24,Mean,n_bytes,12917.531766984972,nan,-0.227037423392616,0.0,0.0,43,6688
1548925,ip_addresses_sample,24,24,Mean,n_bytes,0.0,0.0,0.0,0.0,0.0,43,6709
1550502,ip_addresses_sample,24,24,Mean,n_bytes,246.60289644201612,nan,-0.04267701260911716,0.0,0.0,43,6715
1550585,ip_addresses_sample,24,24,Mean,n_bytes,0.0,nan,0.0,0.0,0.0,43,6713
1551785,ip_addresses_sample,24,24,Mean,n_bytes,259.184028494456,nan,-0.042677012609117604,0.0,0.0,43,6712
1552198,ip_addresses_sample,24,24,Mean,n_bytes,71.29308163049268,nan,-0.04267701260911716,0.0,0.0,43,6713
1552279,ip_addresses_sample,24,24,Mean,n_bytes,320.44479172387656,nan,-0.043752585961666535,0.0,0.0,43,6712
1553020,ip_addresses_sample,24,24,Mean,n_bytes,34.629883679695645,nan,-0.04267701260911738,0.0,0.0,43,6714
1553485,ip_addresses_sample,24,24,Mean,n_bytes,706343.7592811207,nan,-0.05198539702534166,0.0,0.0,43,6456
1554168,ip_addresses_sample,24,24,Mean,n_bytes,983769.5558048355,197.65540378145005,-0.06147558086817595,0.0,0.0,43,6581
1555981,ip_addresses_sample,24,24,Mean,n_bytes,11808206.52162172,nan,-0.04925026593594817,0.0,0.0,43,4724
1557668,ip_addresses_sample,24,24,Mean,n_bytes,11197230.299467208,nan,-0.0833386575428845,0.0,0.0,43,5262
1559006,ip_addresses_sample,24,24,Mean,n_bytes,171.90616936071982,nan,-0.04458843771408083,0.0,0.0,43,6714
1560084,ip_addresses_sample,24,24,Mean,n_bytes,125.81132052439885,nan,-0.04267701260911738,0.0,0.0,43,6714
1561250,ip_addresses_sample,24,24,Mean,n_bytes,0.0,nan,0.0,0.0,0.0,43,6712
1563719,ip_addresses_sample,24,24,Mean,n_bytes,4548056.108085313,nan,-0.03774510466044756,0.0,0.0,43,5320
1563916,ip_addresses_sample,24,24,Mean,n_bytes,4485884.541370099,nan,-0.029986777073142346,0.0,0.0,43,5513
1566743,ip_addresses_sample,24,24,Mean,n_bytes,511128.92257825786,198.75284113419315,-0.026850687845592747,0.0,0.0010035037994384766,43,6477
1566851,ip_addresses_sample,24,24,Mean,n_bytes,244576.53414617275,nan,-0.012514379029197276,0.0,0.0,43,6687
1567704,ip_addresses_sample,24,24,Mean,n_bytes,0.0,nan,0.0,0.0,0.0,43,6621
1568632,ip_addresses_sample,24,24,Mean,n_bytes,359.0999947111534,nan,-0.0009699321047527132,0.0,0.0,43,6708
1568869,ip_addresses_sample,24,24,Mean,n_bytes,2047.03914243133,4.844961240310078,-0.04267701260911738,0.0,0.0,43,6685
1569842,ip_addresses_sample,24,24,Mean,n_bytes,136.45877714585498,nan,-0.04818454155800289,0.0,0.0,43,6572
1570540,ip_addresses_sample,24,24,Mean,n_bytes,147.95636259026898,nan,-0.05400897835723195,0.0,0.0,43,6636
1571584,ip_addresses_sample,24,24,Mean,n_bytes,96.44779271689549,nan,-0.03031025126866127,0.0,0.0,43,6650
1572545,ip_addresses_sample,24,24,Mean,n_bytes,3968430.2201506183,nan,-0.05811041497374325,0.0,0.0,43,5273
1573838,ip_addresses_sample,24,24,Mean,n_bytes,2049365.9464150283,nan,-0.13797375339792928,0.0,0.0,43,5417
1578084,ip_addresses_sample,24,24,Mean,n_bytes,27977.72694401624,23.751181903814324,-0.07372788163483612,0.0,0.0,43,6704
1579517,ip_addresses_sample,24,24,Mean,n_bytes,140.9582342285637,48.003560901680956,-0.028386246828404182,0.0,0.0,43,6651
1580751,ip_addresses_sample,24,24,Mean,n_bytes,140.57982708277436,nan,-0.037648326921180475,0.0,0.0,43,6648
1582120,ip_addresses_sample,24,24,Mean,n_bytes,153.3561460058411,nan,-0.04065193577189419,0.0,0.0,43,6635
1582851,ip_addresses_sample,24,24,Mean,n_bytes,26864.204276832887,118.49075228364165,-0.005558430297672778,0.0,0.0,43,4953
1584685,ip_addresses_sample,24,24,Mean,n_bytes,276.75313461819144,nan,-0.042677012609117604,0.0,0.0,43,6714
1584792,ip_addresses_sample,24,24,Mean,n_bytes,163.87069429672104,nan,-0.042487092866682064,0.0,0.0,43,6640
1586204,ip_addresses_sample,24,24,Mean,n_bytes,367.53004220093305,200.0,-0.04311402446594226,0.0,0.0,43,6698
1586996,ip_addresses_sample,24,24,Mean,n_bytes,165.21208486703117,nan,-0.0436089887769473,0.0,0.0,43,6655
1587366,ip_addresses_sample,24,24,Mean,n_bytes,151.66185676843602,nan,-0.0879052796709483,0.0,0.0,43,6639
1588780,ip_addresses_sample,24,24,Mean,n_bytes,0.0,nan,0.0,0.0,0.0,43,6516
1589081,ip_addresses_sample,24,24,Mean,n_bytes,141.25285092364277,nan,-0.024363092919154505,0.0,0.0,43,6637
1591154,ip_addresses_sample,24,24,Mean,n_bytes,140.14598360843675,nan,-0.0346590759049612,0.0,0.0,43,6648
1591596,ip_addresses_sample,24,24,Mean,n_bytes,22202026.904604394,nan,-0.10510405910183929,0.0,0.0,43,4844
1592521,ip_addresses_sample,24,24,Mean,n_bytes,218.2728963743934,43.49286851849061,-0.05175075665434181,0.0,0.0,43,6649
1593709,ip_addresses_sample,24,24,Mean,n_bytes,169.36768651315728,53.08359405768839,-0.06110218714723259,0.0,0.0,43,6652
1594338,ip_addresses_sample,24,24,Mean,n_bytes,155.24656791947186,29.01026989505112,-0.023982681527845884,0.0,0.0,43,6644
1595118,ip_addresses_sample,24,24,Mean,n_bytes,0.0,nan,0.0,0.0,0.0,43,6558
1598789,ip_addresses_sample,24,24,Mean,n_bytes,497.1742831700039,nan,0.1786515545331001,0.0,0.0,43,2767
1599657,ip_addresses_sample,24,24,Mean,n_bytes,0.0,0.0,0.0,0.0,0.0,43,6715
1602087,ip_addresses_sample,24,24,Mean,n_bytes,0.0,nan,0.0,0.0,0.0,43,6716
1602557,ip_addresses_sample,24,24,Mean,n_bytes,908707.0825132139,nan,-0.08021467698528562,0.0,0.0,43,6538
1603777,ip_addresses_sample,24,24,Mean,n_bytes,195.6123757597857,nan,-0.0009699321047524911,0.0,0.0,43,6712
1604303,ip_addresses_sample,24,24,Mean,n_bytes,25929.357148322877,nan,-0.17773961994490395,0.0,0.0,43,6691
1604386,ip_addresses_sample,24,24,Mean,n_bytes,178.98488310516,nan,-0.04785689074452204,0.0,0.0,43,6428
1604427,ip_addresses_sample,24,24,Mean,n_bytes,990132.5767738266,nan,-0.014884288889294384,0.0,0.0009992122650146484,43,6134
1604957,ip_addresses_sample,24,24,Mean,n_bytes,1140.9246831720263,64.03880229380835,-0.09459979442152533,0.0,0.0,43,716
1605613,ip_addresses_sample,24,24,Mean,n_bytes,161100.47052894553,nan,-0.10281217681967303,0.0,0.0,43,6652
1606746,ip_addresses_sample,24,24,Mean,n_bytes,69879.62432928305,83.231153939764,-0.09113546901339786,0.0,0.0,43,4891
1608066,ip_addresses_sample,24,24,Mean,n_bytes,551.1736966503382,nan,-0.04360941291029419,0.0,0.0,43,6714
1609878,ip_addresses_sample,24,24,Mean,n_bytes,465.19938211080967,nan,-0.043020033875823094,0.0,0.0,43,6710
1610593,ip_addresses_sample,24,24,Mean,n_bytes,1815.3912052549238,37.14115185365429,0.1112316418889654,0.0,0.0,43,1296
1610834,ip_addresses_sample,24,24,Mean,n_bytes,596320.9785532282,29.030282004989044,-0.04981797444659719,0.0,0.0,43,6657
1610935,ip_addresses_sample,24,24,Mean,n_bytes,0.0,nan,0.0,0.0,0.0,43,6716
1614747,ip_addresses_sample,24,24,Mean,n_bytes,3824765.5448601698,195.77746711047206,-0.041475323418400434,0.0,0.0,43,6439
1616078,ip_addresses_sample,24,24,Mean,n_bytes,948509.7507364232,nan,-0.008318800713766672,0.0,0.0,43,6652
1616299,ip_addresses_sample,24,24,Mean,n_bytes,12567.947280213211,nan,-0.04267701260911716,0.0,0.0,43,6709
1618526,ip_addresses_sample,24,24,Mean,n_bytes,147.16845196644206,nan,-0.04277843366262246,0.0,0.0,43,6649
1620676,ip_addresses_sample,24,24,Mean,n_bytes,1145675.898139252,161.1809856796439,-0.058378698250614924,0.0,0.0,43,4290
1620781,ip_addresses_sample,24,24,Mean,n_bytes,261.43973651395913,nan,-0.042677012609116716,0.0,0.0,43,6712
1622963,ip_addresses_sample,24,24,Mean,n_bytes,0.0,nan,0.0,0.0,0.0,43,6713
1623903,ip_addresses_sample,24,24,Mean,n_bytes,0.0,nan,0.0,0.0,0.0,43,6656
1624160,ip_addresses_sample,24,24,Mean,n_bytes,626508.3889002712,nan,-0.047555567933561305,0.0,0.0,43,2782
1625190,ip_addresses_sample,24,24,Mean,n_bytes,223.49110944574952,nan,-0.043147348744790204,0.0,0.0,43,6713
1625739,ip_addresses_sample,24,24,Mean,n_bytes,0.0,nan,0.0,0.0,0.0,43,6716
1626484,ip_addresses_sample,24,24,Mean,n_bytes,6507.157999574594,nan,0.009567649429550462,0.0,0.0,43,3031
1629393,ip_addresses_sample,24,24,Mean,n_bytes,4108200.5881707366,nan,-0.027675026789862445,0.0,0.0,43,5746
1629734,ip_addresses_sample,24,24,Mean,n_bytes,5307639.626522387,nan,-0.03898812616718006,0.0,0.0,43,5195
1629858,ip_addresses_sample,24,24,Mean,n_bytes,232.36969654430635,nan,-0.042677012609116716,0.0,0.0,43,6712
1630055,ip_addresses_sample,24,24,Mean,n_bytes,173.0049084875574,38.473897491493254,-0.024364464865574087,0.0,0.0,43,6649
1630552,ip_addresses_sample,24,24,Mean,n_bytes,86.14474183339709,nan,-0.0418672569741938,0.0,0.0,43,6648
1631778,ip_addresses_sample,24,24,Mean,n_bytes,146.03915016797018,nan,-0.04596029079104902,0.0,0.0,43,6664
1637350,ip_addresses_sample,24,24,Mean,n_bytes,193.53093986512212,nan,-0.02750088791406813,0.0,0.0,43,6637
1639733,ip_addresses_sample,24,24,Mean,n_bytes,153.79763382096502,199.96585685530124,-0.034091194343935705,0.0,0.0,43,6632
1640670,ip_addresses_sample,24,24,Mean,n_bytes,176.46385787550068,nan,-0.05353070264555648,0.0,0.0,43,6648
1641193,ip_addresses_sample,24,24,Mean,n_bytes,557143.7033095597,nan,-0.08476494562890857,0.0,0.0,43,6643
1642864,ip_addresses_sample,24,24,Mean,n_bytes,114.1444754715915,nan,-0.018381619425658746,0.0,0.0,43,6648
1643601,ip_addresses_sample,24,24,Mean,n_bytes,114.67245899546755,nan,-0.030024982567661285,0.0,0.0,43,6637
1644164,ip_addresses_sample,24,24,Mean,n_bytes,3380442.582630204,nan,-0.05764849157327667,0.0,0.0,43,6603
1644966,ip_addresses_sample,24,24,Mean,n_bytes,196.43404198060276,nan,-0.04586736561278548,0.0,0.0,43,6635
1646074,ip_addresses_sample,24,24,Mean,n_bytes,185.2132230282064,nan,-0.04582058539342104,0.0,0.0,43,6658
1647111,ip_addresses_sample,24,24,Mean,n_bytes,752.9469645999798,nan,-0.0418015632109392,0.0,0.0,43,6488
1647353,ip_addresses_sample,24,24,Mean,n_bytes,159.37257180092772,nan,-0.02441860419272035,0.0,0.0,43,6644
1649931,ip_addresses_sample,24,24,Mean,n_bytes,165.9431911351247,nan,-0.05638650192694161,0.0,0.0,43,6648
1650640,ip_addresses_sample,24,24,Mean,n_bytes,184.15980510912107,nan,-0.01484818335586624,0.0,0.0,43,6640
1651121,ip_addresses_sample,24,24,Mean,n_bytes,182.1585413125792,nan,-0.024899485552206446,0.0,0.0,43,6665
1653271,ip_addresses_sample,24,24,Mean,n_bytes,151.92955576320787,199.82992602391707,-0.02639153244020198,0.0,0.0,43,6640
1654964,ip_addresses_sample,24,24,Mean,n_bytes,0.0,nan,0.0,0.0,0.0,43,6673
1656905,ip_addresses_sample,24,24,Mean,n_bytes,171.39541900531574,nan,-0.06630998476318206,0.0,0.0,43,6642
1658327,ip_addresses_sample,24,24,Mean,n_bytes,177.24446658977115,nan,-0.03496200258996751,0.0,0.0,43,6644
1665349,ip_addresses_sample,24,24,Mean,n_bytes,150.6107299415092,38.71992886193083,-0.03934593405266451,0.0,0.0,43,6647
1670492,ip_addresses_sample,24,24,Mean,n_bytes,3761.4076707284808,nan,0.10946180331039967,0.0,0.0,43,4620
1672430,ip_addresses_sample,24,24,Mean,n_bytes,482.9946582669478,56.0724433387513,0.005583910113376889,0.0,0.0,43,3595
1673512,ip_addresses_sample,24,24,Mean,n_bytes,103.82240593202513,nan,-0.04596277663594428,0.0,0.0,43,6664
1673776,ip_addresses_sample,24,24,Mean,n_bytes,32977335.662251074,nan,-0.07654443076890827,0.0,0.0,43,6408
1674307,ip_addresses_sample,24,24,Mean,n_bytes,179.94851862580074,nan,-0.02223624388438461,0.0,0.0,43,6641
1675171,ip_addresses_sample,24,24,Mean,n_bytes,89.82830418571385,19.368061614368663,-0.047998387833277256,0.0,0.0,43,6660
1676147,ip_addresses_sample,24,24,Mean,n_bytes,115.97199034079156,nan,-0.02996499590268198,0.0,0.0,43,6641
1676343,ip_addresses_sample,24,24,Mean,n_bytes,123.85937943372723,28.418605119610053,-0.017675922831971613,0.0,0.0,43,6644
1680797,ip_addresses_sample,24,24,Mean,n_bytes,227.9412152149524,37.845779253829576,-0.006532649090427611,0.0,0.0,43,6640
1681669,ip_addresses_sample,24,24,Mean,n_bytes,197.0054146411535,nan,-0.025243322841614457,0.0,0.0,43,6650
1682336,ip_addresses_sample,24,24,Mean,n_bytes,213.50405870383435,nan,-0.04006174434096765,0.0,0.0,43,6642
1683043,ip_addresses_sample,24,24,Mean,n_bytes,241211.0666577293,nan,-0.05273738257323557,0.0,0.0,43,5988
1696606,ip_addresses_sample,24,24,Mean,n_bytes,179.1702579863612,nan,-0.05077620027040841,0.0,0.0,43,6654
1698357,ip_addresses_sample,24,24,Mean,n_bytes,300.3094334414979,nan,-0.04344502372183623,0.0,0.0,43,6712
1702900,ip_addresses_sample,24,24,Mean,n_bytes,117.42743202776623,200.0,-0.04477071340971306,0.0,0.0009942054748535156,43,6651
1703379,ip_addresses_sample,24,24,Mean,n_bytes,184.60676155411727,nan,-0.04259490387630227,0.0,0.0,43,6643
1704446,ip_addresses_sample,24,24,Mean,n_bytes,150.18465674229518,nan,-0.03751464424082962,0.0,0.0,43,6643
1706143,ip_addresses_sample,24,24,Mean,n_bytes,136.37914620535958,nan,-0.0259012715623006,0.0,0.0,43,6643
1706184,ip_addresses_sample,24,24,Mean,n_bytes,177.575077836767,71.80970882400158,-0.03734661517091853,0.0,0.0,43,6654
1707263,ip_addresses_sample,24,24,Mean,n_bytes,181.9050288439928,199.99048272867475,-0.05925720706651716,0.0,0.0,43,6633
1709568,ip_addresses_sample,24,24,Mean,n_bytes,170.42433539254964,nan,-0.05086359860536982,0.0,0.0,43,6657
1710206,ip_addresses_sample,24,24,Mean,n_bytes,111.20638353247574,nan,-0.030215669680979218,0.0,0.0,43,6659
1710697,ip_addresses_sample,24,24,Mean,n_bytes,102.534586203359,nan,-0.044525563089133025,0.0,0.0,43,6656
1714479,ip_addresses_sample,24,24,Mean,n_bytes,142.78954431187628,nan,-0.03582179853964762,0.0,0.0,43,6652
1718500,ip_addresses_sample,24,24,Mean,n_bytes,196.61601654465056,nan,-0.04597721827563195,0.0,0.0,43,6652
1726261,ip_addresses_sample,24,24,Mean,n_bytes,150.843594933391,nan,-0.02926050166805627,0.0,0.0,43,6646
1726723,ip_addresses_sample,24,24,Mean,n_bytes,157.23698982938853,nan,-0.02396910722597223,0.0,0.0,43,6655
1727388,ip_addresses_sample,24,24,Mean,n_bytes,164.2829903567093,nan,-0.043821847018444604,0.0,0.0,43,6657
1729328,ip_addresses_sample,24,24,Mean,n_bytes,196.54931995409856,nan,-0.042864570861501416,0.0,0.0,43,6647
1730925,ip_addresses_sample,24,24,Mean,n_bytes,177.60303083930606,nan,-0.037911959028928965,0.0,0.0,43,6651
1731135,ip_addresses_sample,24,24,Mean,n_bytes,0.0,nan,0.0,0.0,0.0,43,6567
1732661,ip_addresses_sample,24,24,Mean,n_bytes,101.27858283190615,nan,-0.06482924055180739,0.0,0.0,43,6644
1732844,ip_addresses_sample,24,24,Mean,n_bytes,163.05990526027043,nan,-0.058169423089099004,0.0,0.0,43,6646
1732869,ip_addresses_sample,24,24,Mean,n_bytes,206.16147569730992,nan,-0.05324460617705795,0.0,0.0,43,6649
1737488,ip_addresses_sample,24,24,Mean,n_bytes,113.38527028286727,nan,-0.03703269009044363,0.0,0.0,43,6649
1738108,ip_addresses_sample,24,24,Mean,n_bytes,189.98545754730114,199.9286729733931,-0.037276211552678795,0.0,0.0,43,6634
1739300,ip_addresses_sample,24,24,Mean,n_bytes,151.33661591904803,199.95651375041885,-0.045645745910323,0.0,0.0,43,6648
1741971,ip_addresses_sample,24,24,Mean,n_bytes,162.08101720112353,29.069767441860467,-0.08466296883474178,0.0,0.0,43,6645
1743984,ip_addresses_sample,24,24,Mean,n_bytes,134.43629543648083,200.0,-0.048934311710848055,0.0,0.0,43,6640
1748994,ip_addresses_sample,24,24,Mean,n_bytes,170.9563177561723,nan,-0.03341464492012958,0.0,0.0,43,6653
1749753,ip_addresses_sample,24,24,Mean,n_bytes,141.84357755136838,nan,-0.04423531987162477,0.0,0.0,43,6643
1750445,ip_addresses_sample,24,24,Mean,n_bytes,478.64621027011503,nan,-0.022056419307124875,0.0,0.0,43,6709
1750983,ip_addresses_sample,24,24,Mean,n_bytes,127.99883843419782,43.32210595513547,-0.054881181354518915,0.0,0.0,43,6647
1753002,ip_addresses_sample,24,24,Mean,n_bytes,155.0603515185268,nan,-0.04228987396764494,0.0,0.0,43,6647
1753175,ip_addresses_sample,24,24,Mean,n_bytes,140.459921051646,nan,-0.033387907234683434,0.0,0.0,43,6659
1754276,ip_addresses_sample,24,24,Mean,n_bytes,108.0873181190943,199.96593434500554,-0.014032702892294857,0.0,0.0,43,6637
1754541,ip_addresses_sample,24,24,Mean,n_bytes,415.280439203142,57.40629294350023,0.01989325202668124,0.0,0.0009953975677490234,43,3579
1756032,ip_addresses_sample,24,24,Mean,n_bytes,140.18200479615507,nan,-0.0393051158500477,0.0,0.0,43,6662
1756668,ip_addresses_sample,24,24,Mean,n_bytes,125.31262891698215,nan,-0.03630031439924597,0.0,0.0,43,6654
1757503,ip_addresses_sample,24,24,Mean,n_bytes,104.12241753965533,38.73077814966606,-0.04162666803217552,0.0,0.0,43,6358
1757969,ip_addresses_sample,24,24,Mean,n_bytes,136.8628513658083,nan,-0.0179087655458523,0.0,0.0,43,6642
1757983,ip_addresses_sample,24,24,Mean,n_bytes,134.9733653384074,nan,-0.04566217505054637,0.0,0.0,43,6630
1758858,ip_addresses_sample,24,24,Mean,n_bytes,81.06666380790043,19.186046511627907,-0.04823292805717272,0.0,0.0,43,6648
1762176,ip_addresses_sample,24,24,Mean,n_bytes,113.7021037746346,nan,-0.05079395676659071,0.0,0.0,43,6652
1765863,ip_addresses_sample,24,24,Mean,n_bytes,140.74530986168605,nan,-0.03247060928035861,0.0,0.0,43,6645
1769113,ip_addresses_sample,24,24,Mean,n_bytes,194.546705195079,52.85561222605535,-0.020644613590707017,0.0,0.0,43,6642
1769475,ip_addresses_sample,24,24,Mean,n_bytes,189.5200373509185,199.9798730273186,-0.029786108604607175,0.0,0.0,43,6624
1769690,ip_addresses_sample,24,24,Mean,n_bytes,99.20244269486466,200.0,-0.04826953829495295,0.0,0.0,43,6659
1770039,ip_addresses_sample,24,24,Mean,n_bytes,147.01078238989442,53.02744536458823,-0.04217027267688045,0.0,0.0,43,6635
1770254,ip_addresses_sample,24,24,Mean,n_bytes,123.52948176442368,nan,-0.026874734181609794,0.0,0.0,43,6640
1770540,ip_addresses_sample,24,24,Mean,n_bytes,143.5724645181988,nan,-0.04664944598692666,0.0,0.0,43,6650
1771035,ip_addresses_sample,24,24,Mean,n_bytes,138.36633481968835,nan,-0.054850623674393084,0.0,0.0,43,6657
1771587,ip_addresses_sample,24,24,Mean,n_bytes,142.56901222825041,nan,-0.02953739820327672,0.0,0.0,43,6648
1771665,ip_addresses_sample,24,24,Mean,n_bytes,108.86989403650294,nan,-0.02270859720838847,0.0,0.0,43,6651
1771837,ip_addresses_sample,24,24,Mean,n_bytes,152.78798487455884,nan,-0.04628381102580348,0.0,0.0,43,6660
1772016,ip_addresses_sample,24,24,Mean,n_bytes,160.4151557867035,nan,-0.03326727769786131,0.0,0.0,43,6660
1772078,ip_addresses_sample,24,24,Mean,n_bytes,145.36263669958595,33.91472868217054,-0.047690276692921474,0.0,0.0,43,6660
1772112,ip_addresses_sample,24,24,Mean,n_bytes,150.62392780559128,nan,-0.04650230769608865,0.0,0.0,43,6655
1772684,ip_addresses_sample,24,24,Mean,n_bytes,150.64624596855575,199.95253913662077,-0.018620744990048177,0.0,0.0,43,6649
1772718,ip_addresses_sample,24,24,Mean,n_bytes,121.81248810925308,nan,-0.046888522099858276,0.0,0.0,43,6650
1772738,ip_addresses_sample,24,24,Mean,n_bytes,173.5990371124492,nan,-0.0299369663072373,0.0,0.0,43,6645
1774007,ip_addresses_sample,24,24,Mean,n_bytes,171.0931808525335,57.08024382699368,-0.03193905845523326,0.0,0.0,43,6657
1774073,ip_addresses_sample,24,24,Mean,n_bytes,177.76503634744887,nan,-0.02152114794070714,0.0,0.0,43,6660
1774387,ip_addresses_sample,24,24,Mean,n_bytes,151.37911876113967,nan,-0.03069734650308198,0.0,0.0,43,6638
1775317,ip_addresses_sample,24,24,Mean,n_bytes,89.297506654819,199.93991752635074,-0.042043381290280735,0.0,0.0,43,6657
1775679,ip_addresses_sample,24,24,Mean,n_bytes,109.29561072273586,nan,-0.04529380637865921,0.0,0.0,43,6644
1775702,ip_addresses_sample,24,24,Mean,n_bytes,231.2573105381224,nan,-0.04063233047538817,0.0,0.0,43,6624
1776052,ip_addresses_sample,24,24,Mean,n_bytes,124.80745085952071,nan,-0.053025857602512216,0.0,0.0,43,6646
1776564,ip_addresses_sample,24,24,Mean,n_bytes,167.54868574910768,nan,-0.04574999288393644,0.0,0.0,43,6652
1776695,ip_addresses_sample,24,24,Mean,n_bytes,150.57158109547674,nan,-0.042622571718772484,0.0,0.0,43,6645
1776703,ip_addresses_sample,24,24,Mean,n_bytes,200.6505193989727,nan,-0.04463021570834602,0.0,0.0,43,6645
1777188,ip_addresses_sample,24,24,Mean,n_bytes,129.501949817213,nan,-0.030159526379639923,0.0,0.0009856224060058594,43,6640
1777285,ip_addresses_sample,24,24,Mean,n_bytes,214.64255410703566,38.27228210799169,-0.0436761758030606,0.0,0.0,43,6658
1777820,ip_addresses_sample,24,24,Mean,n_bytes,173.323122276753,200.0,-0.06391741941263662,0.0,0.0,43,6645
1777860,ip_addresses_sample,24,24,Mean,n_bytes,133.09944026201617,nan,-0.055109461642514956,0.0,0.0,43,6648
1779253,ip_addresses_sample,24,24,Mean,n_bytes,159.29981608094772,nan,-0.026208161455122836,0.0,0.0,43,6648
1779305,ip_addresses_sample,24,24,Mean,n_bytes,117.25577885986512,33.19944652385096,-0.013253026498868392,0.0,0.0,43,6653
1780314,ip_addresses_sample,24,24,Mean,n_bytes,158.76175590767724,nan,-0.047650021819926947,0.0,0.0,43,6655
1780396,ip_addresses_sample,24,24,Mean,n_bytes,122.83308631894846,nan,-0.030206271027330978,0.0,0.0,43,6647
1780525,ip_addresses_sample,24,24,Mean,n_bytes,193.99690288375322,nan,-0.027384563993178457,0.0,0.0,43,6643
1780773,ip_addresses_sample,24,24,Mean,n_bytes,141.9157283968492,199.96930200471792,-0.08104676861063109,0.0,0.0,43,6650
1780853,ip_addresses_sample,24,24,Mean,n_bytes,191.44280215113346,nan,-0.053195159890407684,0.0,0.0,43,6666
1780861,ip_addresses_sample,24,24,Mean,n_bytes,80.8670454854302,nan,-0.04844448177504668,0.0,0.0,43,6661
1780960,ip_addresses_sample,24,24,Mean,n_bytes,165.63645370176408,nan,-0.06045025863735942,0.0,0.0,43,6650
1781293,ip_addresses_sample,24,24,Mean,n_bytes,101.27495306131254,nan,-0.029412214708715023,0.0,0.0,43,6657
1781410,ip_addresses_sample,24,24,Mean,n_bytes,164.7047138513585,199.9789957429715,-0.0491565487392287,0.0,0.0,43,6639
1781759,ip_addresses_sample,24,24,Mean,n_bytes,79.592957228886,199.98983111240625,-0.02013240764068236,0.0,0.0,43,6656
1781893,ip_addresses_sample,24,24,Mean,n_bytes,151.39423192749888,nan,-0.026509391371142055,0.0,0.0,43,6639
1783093,ip_addresses_sample,24,24,Mean,n_bytes,186.35634536989966,nan,-0.0778535698068048,0.0,0.0,43,6659
1783487,ip_addresses_sample,24,24,Mean,n_bytes,92.00322509022487,nan,-0.045597520071367637,0.0,0.0,43,6656
1783666,ip_addresses_sample,24,24,Mean,n_bytes,122.23254649033386,nan,-0.06968010069289376,0.0,0.0,43,6639
1783861,ip_addresses_sample,24,24,Mean,n_bytes,145.5820474854802,200.0,-0.04548058085386342,0.0,0.0,43,6650
1784351,ip_addresses_sample,24,24,Mean,n_bytes,135.70268066165713,nan,-0.04158185275303827,0.0,0.0,43,6650
1784961,ip_addresses_sample,24,24,Mean,n_bytes,147.26659723828993,nan,-0.022949459506258485,0.0,0.0,43,6645
1785183,ip_addresses_sample,24,24,Mean,n_bytes,176.47668488631163,nan,-0.03956001527503483,0.0,0.0,43,6646
1785440,ip_addresses_sample,24,24,Mean,n_bytes,187.57320889910005,nan,-0.039015051475698614,0.0,0.0,43,6654
1785616,ip_addresses_sample,24,24,Mean,n_bytes,72.10289256079173,nan,-0.044324470363486856,0.0,0.0,43,6664
1786008,ip_addresses_sample,24,24,Mean,n_bytes,111.89133814555345,29.069767441860467,-0.04627298854347095,0.0,0.0,43,6649
1786055,ip_addresses_sample,24,24,Mean,n_bytes,172.11089672639508,nan,-0.043573052600305306,0.0,0.0,43,6648
1786188,ip_addresses_sample,24,24,Mean,n_bytes,122.85514949890353,nan,-0.04916602420481442,0.0,0.0,43,6641
1786741,ip_addresses_sample,24,24,Mean,n_bytes,150.93208040061214,nan,-0.039250316861845214,0.0,0.0,43,6641
1786924,ip_addresses_sample,24,24,Mean,n_bytes,138.30010137163922,34.10852713178294,-0.05276962905465199,0.0,0.0,43,6654
1786928,ip_addresses_sample,24,24,Mean,n_bytes,283.39763726804165,nan,-0.02719030623612828,0.0,0.0,43,6652
1787109,ip_addresses_sample,24,24,Mean,n_bytes,157.23865950612034,nan,-0.039693180893963564,0.0,0.0,43,6651
1787369,ip_addresses_sample,24,24,Mean,n_bytes,140.680335653105,200.0,-0.04521243071903114,0.0,0.0010640621185302734,43,6640
1788166,ip_addresses_sample,24,24,Mean,n_bytes,80.67455485888712,nan,-0.044906090231516815,0.0,0.0,43,6659
1788708,ip_addresses_sample,24,24,Mean,n_bytes,141.431707515772,nan,-0.05540625170521518,0.0,0.0,43,6640
1788794,ip_addresses_sample,24,24,Mean,n_bytes,28.434629259933576,nan,-0.042677012609116494,0.0,0.0,43,6661
1788888,ip_addresses_sample,24,24,Mean,n_bytes,158.28468308572312,nan,-0.019014681142752732,0.0,0.0,43,6640
1788919,ip_addresses_sample,24,24,Mean,n_bytes,122.09868031298753,nan,-0.019420439438752712,0.0,0.0,43,6657
1789496,ip_addresses_sample,24,24,Mean,n_bytes,156.55269323987665,57.27095094903334,-0.04180048763347455,0.0,0.0,43,6648
1789774,ip_addresses_sample,24,24,Mean,n_bytes,175.2109964863184,nan,-0.038483600283006236,0.0,0.0,43,6643
1790061,ip_addresses_sample,24,24,Mean,n_bytes,129.636357673853,43.171479111579124,-0.04793911045773025,0.0,0.0,43,6648
1790117,ip_addresses_sample,24,24,Mean,n_bytes,194.45771190662828,39.34108527131783,-0.06170014406303492,0.0,0.0,43,6651
1790190,ip_addresses_sample,24,24,Mean,n_bytes,294.7451286299711,nan,-0.04150047270047441,0.0,0.0,43,6644
1790508,ip_addresses_sample,24,24,Mean,n_bytes,156.685570023797,nan,-0.057301972703756476,0.0,0.0010020732879638672,43,6510
1790713,ip_addresses_sample,24,24,Mean,n_bytes,126.33930757897514,nan,-0.04353870393912285,0.0,0.0,43,6641
1790878,ip_addresses_sample,24,24,Mean,n_bytes,162.9080945771166,57.28370611591228,-0.04325797238074913,0.0,0.0,43,6639
1792304,ip_addresses_sample,24,24,Mean,n_bytes,100.63796921573991,nan,-0.04593287964796677,0.0,0.0,43,6669
1792379,ip_addresses_sample,24,24,Mean,n_bytes,181.60006880146022,199.95958437348781,-0.04229180462274984,0.0,0.0,43,6630
1792615,ip_addresses_sample,24,24,Mean,n_bytes,125.0887007638401,nan,-0.05165097171759969,0.0,0.0,43,6643
1792677,ip_addresses_sample,24,24,Mean,n_bytes,214.66569456888448,57.43391451965879,-0.038635759159993066,0.0,0.0,43,6649
1793649,ip_addresses_sample,24,24,Mean,n_bytes,187.41352000057296,nan,-0.06658942839725634,0.0,0.0,43,6651
1793652,ip_addresses_sample,24,24,Mean,n_bytes,149.8541157787362,nan,-0.03719850253757606,0.0,0.0,43,6646
1793782,ip_addresses_sample,24,24,Mean,n_bytes,147.3259981589371,38.5621994032665,-0.03523084144616706,0.0,0.0,43,6656
1793818,ip_addresses_sample,24,24,Mean,n_bytes,153.37359151947052,nan,-0.050103629619765,0.0,0.0,43,6655
1793924,ip_addresses_sample,24,24,Mean,n_bytes,167.67257274377582,nan,-0.07160614553819578,0.0,0.0,43,6656
1793991,ip_addresses_sample,24,24,Mean,n_bytes,193.09028207879527,nan,-0.0427345070982903,0.0,0.0,43,6650
1794371,ip_addresses_sample,24,24,Mean,n_bytes,155.37201776716026,38.35489486709254,-0.040177030599073627,0.0,0.0,43,6661
1794870,ip_addresses_sample,24,24,Mean,n_bytes,139.92467029063587,nan,-0.03537013680237844,0.0,0.0,43,6670
1794896,ip_addresses_sample,24,24,Mean,n_bytes,170.43777268801105,199.94844318499725,-0.02226892396132607,0.0,0.0,43,6640
1795224,ip_addresses_sample,24,24,Mean,n_bytes,163.80833970717956,199.91413380150126,-0.02634580972545364,0.0,0.0,43,6647
1795560,ip_addresses_sample,24,24,Mean,n_bytes,153.67223708879033,nan,-0.051225727395565634,0.0,0.0,43,6648
1796080,ip_addresses_sample,24,24,Mean,n_bytes,123.46059113330251,nan,-0.04047957405175473,0.0,0.0,43,6638
1796470,ip_addresses_sample,24,24,Mean,n_bytes,115.84398077911489,nan,-0.04615744660399601,0.0,0.0010013580322265625,43,6637
1797032,ip_addresses_sample,24,24,Mean,n_bytes,138.60475613691113,53.100775193798455,-0.05090696666062389,0.0,0.0,43,6652
1797502,ip_addresses_sample,24,24,Mean,n_bytes,129.70578055992306,nan,-0.06011121484903681,0.0,0.0,43,6659
1797896,ip_addresses_sample,24,24,Mean,n_bytes,223.66555633020764,nan,-0.039068958807402465,0.0,0.0,43,6649
1798464,ip_addresses_sample,24,24,Mean,n_bytes,150.3038660176706,nan,-0.03325596592666957,0.0,0.0,43,6642
1798881,ip_addresses_sample,24,24,Mean,n_bytes,182.56336595943688,nan,-0.032750018708848305,0.0,0.0,43,6655
1799087,ip_addresses_sample,24,24,Mean,n_bytes,156.27905311288671,nan,-0.062251280794299646,0.0,0.0,43,6641
1799290,ip_addresses_sample,24,24,Mean,n_bytes,190.98102327617522,nan,-0.03955469379794008,0.0,0.0,43,6627
1799598,ip_addresses_sample,24,24,Mean,n_bytes,125.60556047930527,200.0,-0.05151537152232022,0.0,0.0,43,6657
1800011,ip_addresses_sample,24,24,Mean,n_bytes,196.66927379282956,nan,-0.04366258237073595,0.0,0.0,43,6651
1800201,ip_addresses_sample,24,24,Mean,n_bytes,168.840738117882,nan,-0.06084561746710948,0.0,0.0,43,6650
1800418,ip_addresses_sample,24,24,Mean,n_bytes,198.83045709905625,199.98236486924404,-0.0750867507714208,0.0,0.0,43,6651
1800585,ip_addresses_sample,24,24,Mean,n_bytes,166.49359376133935,nan,-0.06494726309581367,0.0,0.0,43,6647
1801118,ip_addresses_sample,24,24,Mean,n_bytes,118.42492327019,nan,-0.04153036233714724,0.0,0.0,43,6652
1801119,ip_addresses_sample,24,24,Mean,n_bytes,128.85849975950876,199.98614884013023,-0.04813249561118571,0.0,0.0,43,6638
1801124,ip_addresses_sample,24,24,Mean,n_bytes,185.18339683541097,nan,-0.06745140964369067,0.0,0.0,43,6635
1801145,ip_addresses_sample,24,24,Mean,n_bytes,106.29449307805616,33.89336507355185,-0.03754403772123904,0.0,0.0,43,6637
1801944,ip_addresses_sample,24,24,Mean,n_bytes,182.08960894672026,nan,-0.04326796472268768,0.0,0.0,43,6658
1802049,ip_addresses_sample,24,24,Mean,n_bytes,104.58548748514997,28.847404206748905,-0.031168979645028294,0.0,0.0,43,6661
1802574,ip_addresses_sample,24,24,Mean,n_bytes,88.00218112313432,200.0,-0.0453556005195106,0.0,0.0,43,6652
1802752,ip_addresses_sample,24,24,Mean,n_bytes,115.72468902473146,199.9686323881404,-0.04330033973791769,0.0,0.0,43,6656
1803510,ip_addresses_sample,24,24,Mean,n_bytes,178.86423986726518,nan,-0.04334741707658196,0.0,0.0,43,6629
1803635,ip_addresses_sample,24,24,Mean,n_bytes,156.58053488553026,nan,-0.041995157044162124,0.0,0.0,43,6642
1804229,ip_addresses_sample,24,24,Mean,n_bytes,169.03980665467563,nan,-0.07305808502365818,0.0,0.0,43,6641
1804233,ip_addresses_sample,24,24,Mean,n_bytes,132.4586244269414,38.55225702434438,-0.03949498889383207,0.0,0.0,43,6645
1804627,ip_addresses_sample,24,24,Mean,n_bytes,165.36342539880252,nan,-0.034922471886473794,0.0,0.0,43,6657
1804703,ip_addresses_sample,24,24,Mean,n_bytes,118.7311711578807,nan,-0.016211488934691598,0.0,0.0,43,6655
1804707,ip_addresses_sample,24,24,Mean,n_bytes,173.89997326773627,199.94841633143577,-0.05642279007803319,0.0,0.0,43,6640
1804743,ip_addresses_sample,24,24,Mean,n_bytes,139.4431336285508,nan,-0.031962949438890886,0.0,0.0,43,6647
1804797,ip_addresses_sample,24,24,Mean,n_bytes,165.16050633756902,nan,-0.023222964846514094,0.0,0.0,43,6644
1805076,ip_addresses_sample,24,24,Mean,n_bytes,155.20390373992245,nan,-0.05586892489139683,0.0,0.0,43,6634
1805148,ip_addresses_sample,24,24,Mean,n_bytes,110.76295832841186,nan,-0.02244214251064136,0.0,0.0,43,6647
1805186,ip_addresses_sample,24,24,Mean,n_bytes,174.20420573900512,75.77501332511521,-0.030139952739100195,0.0,0.0,43,6635
1805322,ip_addresses_sample,24,24,Mean,n_bytes,164.78022591338797,nan,-0.03329257036751798,0.0,0.0,43,6654
1805580,ip_addresses_sample,24,24,Mean,n_bytes,173.54197015989172,nan,-0.05148743221985197,0.0,0.0,43,6659
1806073,ip_addresses_sample,24,24,Mean,n_bytes,85.30715706499443,nan,0.002496777229351821,0.0,0.0,43,6656
1806139,ip_addresses_sample,24,24,Mean,n_bytes,122.84107763155683,nan,-0.03358709841805241,0.0,0.0009889602661132812,43,6655
1806142,ip_addresses_sample,24,24,Mean,n_bytes,181.68044794733328,nan,-0.07465885886440882,0.0,0.0,43,6660
1806425,ip_addresses_sample,24,24,Mean,n_bytes,197.70692037625815,nan,-0.044423740522722355,0.0,0.0,43,6661
1806633,ip_addresses_sample,24,24,Mean,n_bytes,188.41941033902654,nan,-0.050091493904567796,0.0,0.0,43,6648
1806900,ip_addresses_sample,24,24,Mean,n_bytes,129.62950740196652,nan,-0.039567726280606896,0.0,0.0,43,6642
1806990,ip_addresses_sample,24,24,Mean,n_bytes,114.10679890012058,19.37212476983728,-0.028429979834441843,0.0,0.0,43,6656
1807123,ip_addresses_sample,24,24,Mean,n_bytes,186.86747854593025,nan,-0.04929034616653771,0.0,0.0,43,6645
1807194,ip_addresses_sample,24,24,Mean,n_bytes,155.56213382120075,nan,-0.03022863976728085,0.0,0.0,43,6646
1807236,ip_addresses_sample,24,24,Mean,n_bytes,136.37905013797928,nan,-0.05327166592280719,0.0,0.0,43,6636
1808114,ip_addresses_sample,24,24,Mean,n_bytes,160.726208826723,199.880929731197,-0.026472292619109217,0.0,0.0,43,6651
1808388,ip_addresses_sample,24,24,Mean,n_bytes,135.27732932795266,nan,-0.07153167855814657,0.0,0.0,43,6656
1808419,ip_addresses_sample,24,24,Mean,n_bytes,154.45037534157194,nan,-0.03481312242756851,0.0,0.0009377002716064453,43,6658
1810540,ip_addresses_sample,24,24,Mean,n_bytes,160.52789220176535,nan,-0.020779877447542283,0.0,0.0,43,6648
1810816,ip_addresses_sample,24,24,Mean,n_bytes,85.56419241658166,nan,-0.0445632594082781,0.0,0.0,43,6647
1811353,ip_addresses_sample,24,24,Mean,n_bytes,115.30133079489993,nan,-0.030273632775732917,0.0,0.0009903907775878906,43,6649
1811876,ip_addresses_sample,24,24,Mean,n_bytes,195.54129170574407,nan,-0.04642644975329335,0.0,0.0,43,6631
1811974,ip_addresses_sample,24,24,Mean,n_bytes,151.4332752801712,57.707054612669175,-0.04082073680681164,0.0,0.0,43,6648
1812006,ip_addresses_sample,24,24,Mean,n_bytes,173.13902999615755,nan,-0.05677243604587945,0.0,0.0,43,6654
1812223,ip_addresses_sample,24,24,Mean,n_bytes,78.99279023580397,nan,-0.03008094061289257,0.0,0.0,43,6656
1812226,ip_addresses_sample,24,24,Mean,n_bytes,188.37700195178041,29.249908723910078,-0.0474630122102786,0.0,0.0,43,6651
1813553,ip_addresses_sample,24,24,Mean,n_bytes,154.46984697354694,nan,-0.028952158968968744,0.0,0.0,43,6662
1814391,ip_addresses_sample,24,24,Mean,n_bytes,177.9689098042468,nan,-0.04714181651787874,0.0,0.0,43,6640
1815921,ip_addresses_sample,24,24,Mean,n_bytes,135.84418962537248,nan,-0.051714251521203014,0.0,0.0,43,6647
1817512,ip_addresses_sample,24,24,Mean,n_bytes,143.33857297864026,nan,-0.05372067354502663,0.0,0.0,43,6652
1818699,ip_addresses_sample,24,24,Mean,n_bytes,173.88302378122577,nan,-0.05440488355861417,0.0,0.0,43,6649
1818972,ip_addresses_sample,24,24,Mean,n_bytes,182.60065573575906,nan,-0.031539236226020506,0.0,0.0,43,6639
1825722,ip_addresses_sample,24,24,Mean,n_bytes,611297.6667707451,147.00046639841037,0.009300747516366226,0.0,0.0,43,2474
1837076,ip_addresses_sample,24,24,Mean,n_bytes,184.45857640204406,nan,-0.04051777493998321,0.0,0.0,43,6645
1842991,ip_addresses_sample,24,24,Mean,n_bytes,1037.5132328473373,56.92530681474349,-0.11958383025827257,0.0,0.0,43,1535
1843143,ip_addresses_sample,24,24,Mean,n_bytes,2820935.4456315828,nan,-0.026371984324337516,0.0,0.0,43,5907
1859462,ip_addresses_sample,24,24,Mean,n_bytes,134515.85133970476,nan,-0.04105165582242698,0.0,0.0,43,6452
1865632,ip_addresses_sample,24,24,Mean,n_bytes,441.02076921523656,60.208240697196814,0.013077853060916245,0.0,0.0,43,3648
1885471,ip_addresses_sample,24,24,Mean,n_bytes,827744.5813984295,nan,-0.06489235604350263,0.0,0.0,43,6403
1890333,ip_addresses_sample,24,24,Mean,n_bytes,177864.50074184957,nan,-0.023304521954469415,0.0,0.0,43,4979
1925686,ip_addresses_sample,24,24,Mean,n_bytes,4496584.616901054,nan,-0.04939906861027077,0.0,0.0,43,6380
1949634,ip_addresses_sample,24,24,Mean,n_bytes,2102185.165007932,nan,-0.06179094161508614,0.0,0.0,43,6511
1951628,ip_addresses_sample,24,24,Mean,n_bytes,214776207.9867069,146.66647176187146,-0.058223732579861576,0.0,0.0,43,3159
1955311,ip_addresses_sample,24,24,Mean,n_bytes,1640508.197325998,197.957589965591,-0.05575242534009406,0.0,0.0,43,6142
1963127,ip_addresses_sample,24,24,Mean,n_bytes,241174884.36828786,108.0570415285309,-0.00025160320988026896,0.0,0.0,43,3030
1993833,ip_addresses_sample,24,24,Mean,n_bytes,1435.3719468793595,52.88325215368223,0.23351432815067408,0.0,0.0,43,3371
1998963,ip_addresses_sample,24,24,Mean,n_bytes,0.0,nan,0.0,0.0,0.0,43,6627
2003134,ip_addresses_sample,24,24,Mean,n_bytes,0.0,nan,0.0,0.0,0.0,43,5604
2008461,ip_addresses_sample,24,24,Mean,n_bytes,453.1943850022253,58.64719823299907,-0.003289588393682541,0.0,0.0,43,3588
2011839,ip_addresses_sample,24,24,Mean,n_bytes,12176562.517506132,200.0,-0.04387299066762895,0.0,0.0,43,6605
2022235,ip_addresses_sample,24,24,Mean,n_bytes,3813.799616463204,nan,0.10931743416750483,0.0,0.0,43,4628
2044888,ip_addresses_sample,24,24,Mean,n_bytes,6059761.455573954,193.5569427035183,-0.05950522881604847,0.0,0.0,43,6429
